UPC,Price,Source Link
013658124073,26.99,https://smkw.com/gerber-dime-multitool-red
888151046104,132.99,https://smkw.com/cold-steel-lynn-thompson-signature-ti-lite/
729857011549,219.99,https://smkw.com/sog-pentagon-out-the-front-blackout/
023980021115,300,https://smkw.com/eate-exo-m-safety-lock-gravity-knife-black-pvd-tanto-smkw-exclusive-mars-valley-fat-carbon-insert/
604544689846,42.99,https://smkw.com/federal-6-5-creedmoor-143-gr-eldx-20-rounds
730153652817,44.99,https://smkw.com/bear-son-3-genuine-stag-horn-440-stainless-steel-blade-smkw-exclusive/
047700391304,19.99,https://smkw.com/remington-matchking-223rem-77gr-bthp-20rds
729857011556,219.99,https://smkw.com/sog-pentagon-out-the-front-fde/
604544642872,24.99,https://smkw.com/federal-hydra-shok-deep-40-s-w-165gr-jhp-20rds
811328020379,109.99,https://smkw.com/esee-3-3-88inch-black-serrated-blade-coyote-tan-molle-back-sheath/
661120081517,19.99,https://smkw.com/schrade-19-5-camp-axe
076683052100,14.99,https://smkw.com/cci-blazer-brass-40sw-165gr-fmj-50rds-5210
023980021103,300,https://smkw.com/reate-exo-m-safety-lock-gravity-knife-black-pvd-smkw-exclusive-purple-haze-fat-carbon-insert/
023980021100,300,https://smkw.com/reate-exo-m-safety-lock-gravity-knife-smkw-exclusive-lava-flow-fat-carbon/
768779002457,35,https://smkw.com/victorinox-swiss-army-bigfoot-tinker
047700345703,7.99,https://smkw.com/remington-12ga-gun-club-2-3-4-7-5sh-25rd
768779003003,25,https://smkw.com/victorinox-rainbow-trout-classic-sd
047700415208,79.99,https://smkw.com/remington-golden-bucket-22lr-36gr-1400rd
046928554539,25,https://smkw.com/swiss-army-classic-sd-orange-smkw
090255380262,21.99,https://smkw.com/hornady-match-223-rem-75gr-bthp-20rds-8026
023980021111,300,https://smkw.com/reate-exo-m-afety-lock-gravity-knife-black-pvd-tanto-smkw-exclusive-white-storm-fat-carbon-insert/
730153712153,9.99,https://smkw.com/bear-son-215-folding-knife-pink-camo-2-75in-plain-satin-drop-point/
090255808018,22.99,https://smkw.com/hornady-american-whttl-30-30-150gr-20bx
047700384900,19.99,https://smkw.com/rem-mr-30-30-win-mr-125gr-core-lokt-sp-20rds
023980021106,300,https://smkw.com/reate-exo-m-safety-lock-gravity-knife-black-pvd-smkw-exclusive-frost-fat-carbon-insert/
888151045497,249.99,https://smkw.com/cold-steel-5-max-elite-black-g-10-handle-s35vn-blade-10/
023980021109,300,https://smkw.com/reate-exo-m-safety-lock-gravity-knife-black-pvd-smkw-exclusive-snow-fire-fat-carbon-insert/
003260029941,179.99,https://smkw.com/promo-heretic-thoth-pen-black-and-blue-titanium-2383y29fb
768779002341,25,https://smkw.com/victorinox-sloths-smkw-classic-sd
730153715628,6.99,https://smkw.com/bear-son-bear-edge-562-folder-stainless-steel-handle-blade/
023980021107,300,https://smkw.com/reate-exo-m-safety-lock-gravity-knife-black-pvd-smkw-exclusive-nebula-fat-carbon-insert/
730153715635,4.99,https://smkw.com/bear-son-563-folding-knife-bow-trapper/
047700473000,19.99,https://smkw.com/remington-ultimate-defense-45acp-185gr-bjhp-20rd-nbsp
730153752814,79.99,https://smkw.com/bear-son-3-genuine-stag-horn-damascus-blade-baby-barlow-smkw-exclusive/
730153715611,6.99,https://smkw.com/bear-son-561-folding-knife-stainless-2-12in-plain-satin-clip-point/
047700495101,26.99,https://smkw.com/remington-golden-saber-bjhp-bonded-45acp-230gr-20rds
023980021116,300,https://smkw.com/reate-exo-m-safety-lock-gravity-knife-black-pvd-tanto-smkw-exclusive-frost-fat-carbon-insert/
730153715062,9.99,https://smkw.com/bear-son-brisk-1-0-4-1-16-real-tree-edge-pink-camo-frame-lock-folder/
730153715147,7.99,https://smkw.com/bear-son-brisk-1-0-5-black-blade-real-tree-edge-frame-lock-folder/
768779002587,33.99,https://smkw.com/victorinox-candy-cane-tinker-smkw
002895914752,139.99,https://smkw.com/medford-jefferson-knife
768779002662,25,https://smkw.com/victorinox-bigfoot-classic-sd
768779002358,25,https://smkw.com/victorinox-llama-fiesta-clsc-sd
013658160842,19.99,https://smkw.com/gerber-freeman-vital-pack-saw-q3-g3847
730153712115,9.99,https://smkw.com/bear-son-71211-black-stonewash-3-5-inch-plain-black-drop-point/
047700348407,7.99,https://smkw.com/remington-gun-club-target-loads-20-gauge-ammunition-2-3-4-shells-7-8-oz-25-rounds
090255855784,36.99,https://smkw.com/hornady-precision-hunter-7mm-08-rem-150gr-eld-x-20rds-85578
604544653304,16.99,https://smkw.com/speer-g2-gold-dot-40-s-w-180gr-20rds
813628046080,119.99,https://smkw.com/cold-steel-espada-xl-grey-g-10-handle-aus10a-blade-8/
871373004854,5.99,https://smkw.com/marbles-fish-scaler
047700496900,15.99,https://smkw.com/remington-htp-40-s-w-180-jhp-20rd
604544647297,18.99,https://smkw.com/gold-dot-40s-w-165gr-20rds-23970
604544656541,24.99,https://smkw.com/federal-ae40lf1-40sw-120gr-ldfr-rng-50rd-ae40lf1
788130013717,39.99,https://smkw.com/truglo-red-dot-open-dual-clr-blk-ds-tg8370b
002895913823,360,https://smkw.com/medford-smooth-criminal-pvd-yellow-blk
729857013857,54.99,https://smkw.com/sog-aegis-at-tanto-folding-knife-forest-and-moss
729857013420,54.99,https://smkw.com/sog-aegis-at-folding-knife-rescue-red-and-indigo
661120081494,14.99,https://smkw.com/schrade-12in-camp-axe
705442020080,99.99,https://smkw.com/cold-steel-silver-eye-elite-spea-map-1-cs62qcfb
054041401500,34.99,https://smkw.com/nosler-223-remington-55gr-e-tip-20rds
002895913892,325,https://smkw.com/medford-smooth-criminal-tumbled-green-satin
705442017905,129.99,https://smkw.com/cold-steel-ti-lite-6in-black-g10-s35vn
8057977530049,134.99,https://smkw.com/mkm-maximo-black-canvas-micarta
730153715208,9.99,https://smkw.com/bear-son-edge-game-set
811328024216,134.99,https://smkw.com/esee-cl1-expat-cleaver
729857010030,159.99,https://smkw.com/sog-seal-fx-fixed-blade-knife-clip-point-partially-serrated
000757081550,159.99,https://smkw.com/mkm-maximo-black-carbon-fiber
000757081598,169.99,https://smkw.com/mkm-maximo-dark-stonewash-titanium
001730319762,199.99,https://smkw.com/heretic-thoth-dlc-flamed-titanium-pen
730153503430,24.99,https://smkw.com/bear-and-son-ergonomic-skinner-sd43
729857011471,134.99,https://smkw.com/sog-kiku-xr-lte-folding-knife-blaze-orange-g-10-and-carbon
729857011723,74.99,https://smkw.com/sog-tac-au-compact-california-legal-automatic-knife
003260030374,179.99,https://smkw.com/heretic-thoth-ti-green-aluminum
729857006583,134.99,https://smkw.com/sog-pillar-fixed-blade-knife-stonewash
730153503829,24.99,https://smkw.com/bear-and-son-invincible-skinner-sd82
729857013307,79.99,https://smkw.com/sog-au-tac-compact-california-special-automatic-knife-black
090255816204,42.99,https://smkw.com/hornady-6-5-prc-147gr-eld-match-ammo
788130025833,49.99,https://smkw.com/truglo-sight-line-laser-red
000757081604,132.99,https://smkw.com/mkm-maximo-green-micarta
729857011532,109.99,https://smkw.com/sog-pentagon-fx-covert-fixed-blade-knife-fde
090255902822,21.99,https://smkw.com/hornady-custom-9mm-luger-147gr-xtp-jhp-25rds-90281
705442018230,99.99,https://smkw.com/cold-steel-sr1-tanto-point-od-greeen
768779002693,6.99,https://smkw.com/case-pumpkin-magnetic-display-stand
730153047538,17.99,https://smkw.com/bear-and-son-upswept-skinner
768779002686,6.99,https://smkw.com/black-w-red-logo-magnetic-display-stand-camds2
090255816211,42.99,https://smkw.com/hornady-6-5-prc-1473gr-eld-x-ammo
729857013383,54.99,https://smkw.com/sog-aegis-at-tanto-folding-knife-red-and-indigo
729857013444,54.99,https://smkw.com/sog-aegis-at-folding-knife-black-and-moss
729857013314,34.99,https://smkw.com/sog-terminus-sj-folding-knife-od-green
729857010139,99.99,https://smkw.com/sog-pentagon-xr-folding-knife-blackout
805188788120,189.99,https://smkw.com/lionsteel-myto-grey-titanium
020892224520,39.99,https://smkw.com/winchester-deer-season-xp-450-bushmaster-250gr-polymer-tip-x450ds
604544647266,16.99,https://smkw.com/gold-dot-40s-w-180gr-20rds-23962
191693022926,19.99,https://smkw.com/zippo-great-smoky-mountains-lighter
010176593794,84.99,https://smkw.com/cold-steel-facon
090255913408,24.99,https://smkw.com/critical-defense-40sw-165gr-20rd
090255822465,32.99,https://smkw.com/hornady-ammo-450-bushmaster-250ftx-blk
047700067001,11.99,https://smkw.com/rem-umc-223-rem-55gr-fmj-20rd-box
047700414805,21.99,https://smkw.com/rem-l300aac4-umc-300bo-220gr-otfb-20rds
076683052308,22.99,https://smkw.com/blazer-brass-ammo-45acp-230grfmj-50bx
04770007730,19.99,https://smkw.com/remington-umc-40sw-180gr-fmj-50rds-l40sw3
029465084486,19.99,https://smkw.com/fed-3030a-3030-150gr-sp-20bx
047700419008,19.99,https://smkw.com/remington-ultimate-defense-40-s-w-180gr-bjhp-20rds
029465060398,41.99,https://smkw.com/fed-4570-300gr-fusion-20bx
604544647280,21.99,https://smkw.com/45-auto-230-gr-gold-dot-hp-20bx
003383000902,565,https://smkw.com/mcnees-custom-smkw-exclusive-atomic-manual-folding-knife-maverick-edition/
841768169208,386.1,https://smkw.com/microtech-ultratech-smkw-exclusive-out-the-front-automatic-knife-black-leader-x-wing/
029465085018,19.99,https://smkw.com/federal-american-eagle-38-special-158gr-lrn-50rds-ae38b
029465091439,39.99,https://smkw.com/federal-power-shok-45-70-govt-300gr-shcsp-20rds-4570as
705442018902,269.99,https://smkw.com/cold-steel-damascus-long-sax
090255814996,36.99,https://smkw.com/hornady-6-5-creedmoor-143gr-eld-x-20bx
023980021113,300,https://smkw.com/reate-exo-m-safety-lock-gravity-knife-black-pvd-tanto-smkw-exclusive-purple-haze-fat-carbon-insert/
090255380255,21.99,https://smkw.com/hor-223-53gr-vmax-super-varmint-20bx
794023005479,19.99,https://smkw.com/crkt-techliner-shorty-smkw-exclusive-copper
729857993968,42.99,https://smkw.com/sog-powerlock-satin-v-cutter-multi-tool
604544680287,19.99,https://smkw.com/federal-12ga-1-3-4in-6-pellet-force-x2-00-buck/
029465063122,22.99,https://smkw.com/fed-am-eagle-handgun-5-7x28mm-40gr-tmj-50rds-ae5728a
000321800211,119,https://smkw.com/lynch-northwest-smkw-exclusive-hammerhead-v1-0-prybar-elemental-blue-titanium-service-black-clip/
047700420202,16.99,https://smkw.com/rem-hd380bn-ultd-380-102gr-bjhp
029465063146,19.99,https://smkw.com/federal-american-eagle-45-auto-230gr-fmj-50rds-ae45a50
029465063948,25.99,https://smkw.com/federal-premium-personal-defense-hst-45-auto-230gr-jhp-20rds
191693731453,19.99,https://smkw.com/zippo-lighter-patriotic-jeep-sfo-zp412907
000321800204,119,https://smkw.com/lynch-northwest-smkw-exclusive-hammerhead-v1-0-prybar-elemental-green-titanium-service-black-clip/
041689319779,24.99,https://smkw.com/zippo-chevy-usa-lighter
729857993982,44.99,https://smkw.com/sog-powerlock-v-cutter-multi-tool-black
885792930489,5.99,https://smkw.com/smkw-logo-hat-generic-camo
029465091903,19.99,https://smkw.com/federal-american-eagle-38-special-130gr-fmj-50rds-ae38k
047700212739,7.99,https://smkw.com/remington-ranch-hand-22lr-42-grain-brass-rimfire-100-rounds-plated-jhp/
029465061586,48.99,https://smkw.com/fed-am-eagle-45lc-225gr-jsp-50rd
811328025329,139.99,https://smkw.com/esee-gibson-axe
794023709605,26.99,https://smkw.com/crkt-ceo
610953196646,120,https://smkw.com/benchmade-socp-tactical-folder-trainer
811328020515,99.99,https://smkw.com/esee-3-desert-tan-drop-point-partly-serrated
811328020904,89.99,https://smkw.com/esee-4sod-od-green-par-serr-orng-g10-blk-sheath
000321800273,119,https://smkw.com/lynch-northwest-smkw-exclusive-hammerhead-v1-0-prybar-bronze-blue-double-anodized-titanium/
811328022946,69.99,https://smkw.com/esee-imlay-rescue-orange-sheath
730153007518,16.99,https://smkw.com/bear-son-bird-trout-stag-delrin
762344710587,34.99,https://smkw.com/fiocchi-hyperformance-defense-44-remington-magnum-240-grain-brass-centerfire-25-rounds-jhp/
604544692112,11.99,https://smkw.com/federal-12ga-2-3-4-1-oz-1330-fps-8/
054041601054,56.99,https://smkw.com/nosler-6-5mm-creedmoor-142gr-accubnd-lr-nos60105
054041600804,52.99,https://smkw.com/nosler-6-5-creedmoor-140gr-accubond-20rd-nos60080
000321800242,119,https://smkw.com/lynch-northwest-smkw-exclusive-hammerhead-v1-0-prybar-heat-seeker-titanium/
047700307206,7.99,https://smkw.com/remington-gun-club-20-gauge-shotgun-25-rounds-2-75in-2-5-dram-7-8oz-9-pellets/
076683009708,6.99,https://smkw.com/cci-quiet-22-long-rifle-ammunition-50-rounds-40-grain-segmented-copper-plated-round-nose/
604544653342,29.99,https://smkw.com/federal-12ga-2-3-4-1-1-8oz-3dr-8-100ct/
090255902815,32.99,https://smkw.com/ammo-9mm-p-115-monoflex-hh-90281
762344001203,26.99,https://smkw.com/fiocchi-defense-dynamics-45-auto-200-grain-brass-50-rounds-jhp/
047700067506,19.99,https://smkw.com/remington-umc-pistol-revolver-ammunition-380-auto-95-grain-brass-50-rounds-fmj/
7393923325279,24.99,https://smkw.com/ruag-6-5-creedmoor-ammunition-140-grain-psp-20-rounds
047700494807,16.99,https://smkw.com/remington-gold-saber-40sw-bjhp-20rd
047700386409,39.99,https://smkw.com/rem-380acp-88gr-jhp-umc-100rd
090255909715,21.99,https://smkw.com/hornady-subsonic-45acp-230-xtp-20rd
029465062965,21.99,https://smkw.com/federal-champion-45-auto-ammo-230-grain-50-rounds-fmj-rn/
047700530406,43.99,https://smkw.com/rem-tss1237-prem-turkey-12ga-7sht-5rds
047700067803,19.99,https://smkw.com/remington-umc-45-acp-230-grain-full-metal-jacket-50-rounds/
013658156029,14.99,https://smkw.com/gerber-barbill-wallet-gold
047700495002,26.99,https://smkw.com/remington-pr-45-auto-185-bjhp
816383003633,59.99,https://smkw.com/hevishot-hevi-18-tky-tss-12ga-3-9sht-5r-hs4009
054041612326,69.99,https://smkw.com/nosler-6-5-prc-142gr-accubond-lr-20-rds-nos61232
871375600047,7.99,https://smkw.com/cuma-beer-tool-purple-cu004
729857993951,44.99,https://smkw.com/sog-powerlock-multi-tool-satin
818778021369,14.99,https://smkw.com/ammo-inc-40sw-180gr-jhp-20rds
816383003695,62.99,https://smkw.com/hevishot-hevi18-trky-tss-12ga-3-5-5rds
047700487205,20.99,https://smkw.com/rem-umc-brass-30-super-carry-100gr-50rd
047700385006,21.99,https://smkw.com/rem-match-223-69gr-bt-ho-20rds
604544660920,16.99,https://smkw.com/cci-blazer-brass-22lr-38gr-200-rounds
604544626018,12.99,https://smkw.com/fed-gm-paper-12ga-8shot-2-75-25rds
747115440061,62.99,https://smkw.com/weatherby-6-5-rpm-140-gr-hornady-20rd
604544646993,39.99,https://smkw.com/federal-power-shok-450-bushmaster-300gr-jsp-20rds-450bmb
020892222908,21.99,https://smkw.com/browning-40-s-w-fmj-165gr-50rds-b191800402
047700475400,42.99,https://smkw.com/rem-21459-r4570g1-4570-gvt-405-sp-20rds-r4570g1
000757081703,77.99,https://smkw.com/mkm-voxnaes-exclusive-n690-od-satin
000161812727,27.99,https://smkw.com/marbles-camp-axe
813628005933,62.99,https://smkw.com/cold-steel-fixed-bld-hunting-5-pcs
816383002049,64.99,https://smkw.com/hevishot-hevi18-trky-tss-12ga-3-5-5-rds
000757081727,77.99,https://smkw.com/mkm-voxnaes-natural-g10-exclusive
003465000011,449,https://smkw.com/mcglaun-damascus-clever-girl
000074713646,139.99,https://smkw.com/mkm-vincent-vanax-purple-haze
885792871256,6.99,https://smkw.com/smkw-blades-logo-hat-red-white-blue
003497000058,1100,https://smkw.com/willumsen-copenhagen-smkw-arctic-fat-carbon
8053675924333,136.99,https://smkw.com/fox-suru-toxic-storm
029465025014,7.99,https://smkw.com/fed-tg208-top-gun-20ga-7-8-oz-25rds-tg208
788130016229,49.99,https://smkw.com/tru-glow-red-dot-30mm-3clr-ps-blk
000747000028,77.99,https://smkw.com/mkm-voxnaes-exclusive-n690-black-g10
7687790031570,37,https://smkw.com/victorinox-welcome-campers-tinker
000275713643,139.99,https://smkw.com/mkm-vincent-vanax-white-storm
000747000035,139.99,https://smkw.com/mkm-vincent-vanax-toxic-storm
768779003263,25,https://smkw.com/victorinox-succulents-classic-sd
001792356771,35.99,https://smkw.com/vault-case-secure-white-cf-w-smkw-lo-10-vltsecbnw
8053675924326,136.99,https://smkw.com/fox-suru-purple-haze
001757136462,139.99,https://smkw.com/mkm-vincent-vanax-lava-flow
000747000011,78.99,https://smkw.com/mkm-voxnaes-tan-g10-n690-exclusive
729857009126,59.99,https://smkw.com/sog-poweraccess-assist-mt-multi-tool-stonewash
768779003522,25,https://smkw.com/victorinox-goat-classic-sd
020892222359,42.99,https://smkw.com/browning-7mm-rem-mag-bxc-155-gr-b192200071
604544647310,19.99,https://smkw.com/speer-45-auto-230gr-gdhp-short-barr-23975gd
000757081697,79.99,https://smkw.com/mkm-voxnaes-n690-od-coyote
7687790030658,25,https://smkw.com/victorinox-sunflower-classic-sd
768779003539,35,https://smkw.com/victorinox-smkw-goat-tinker
768779003119,35,https://smkw.com/victorinox-swiss-army-donuts-tinker
7687790031716,37,https://smkw.com/victorinox-smokey-salute-tinker
729857011075,53.99,https://smkw.com/sog-aegis-at-folding-knife-forest-and-moss
7687790031884,27,https://smkw.com/victorinox-smokey-pointing-classic-sd
7687790031334,27,https://smkw.com/victorinox-safety-is-key-classic-sd
705442013716,17.56,https://smkw.com/cold-steel-la-fontaine-thrower
7687790031648,27,https://smkw.com/victorinox-smokey-salute-classic-sd
7687790030726,25,https://smkw.com/victorinox-trash-panda-classic-sd
7687790030894,37,https://smkw.com/victorinox-smokey-mail-call-tinker
7687790031402,27,https://smkw.com/victorinox-welcome-campers-classic-sd
7687790030108,35,https://smkw.com/victorinox-trash-panda-tinker
7687790031266,27,https://smkw.com/victorinox-smokey-mail-call-classic-sd
001730149758,72.99,https://smkw.com/heretic-sleight-black-handle-accessory
013658163355,199.99,https://smkw.com/gerber-savvy-carbon-fiber-folding-knife
013658163348,139.99,https://smkw.com/gerber-savvy-urban-blue
7687790031952,37,https://smkw.com/victorinox-smokey-pointing-tinker
794023249002,26.95,https://smkw.com/crkt-squid-black
871375600023,7.99,https://smkw.com/beer-tool-gray-cu002
871375600030,7.99,https://smkw.com/cuma-beer-tool-pink-cu003
871373123838,16.99,https://smkw.com/rough-ryder-highland-blk-micarta-drs
661120081630,12.99,https://smkw.com/schrade-4in-fixed-drop-tan
00810064910951,169.99,https://smkw.com/giantmouse-ace-grand-red-canvas-micarta
007571000064,175.99,https://smkw.com/mkm-goccia-m390-carbon-fiber
001730467821,129.99,https://smkw.com/heretic-sleight-green-dlc
768779003836,35,https://smkw.com/victorinox-squatchy-ranger-tinker-smkw
729857013246,109.99,https://smkw.com/sog-vision-xr-lte-folding-knife-black
661120414421,21.99,https://smkw.com/uncle-henry-stag-fixed-blade-skinner
768779003812,25,https://smkw.com/victorinox-farm-animals-classic-sd
001730498475,154.99,https://smkw.com/heretic-sleight-black-dlc
007571000033,179.99,https://smkw.com/mkm-goccia-m390-dark-stonewash
8057977531596,199.99,https://smkw.com/mkm-miura-m390-satin-gray-titanium-mk-mi-t
013658163331,139.99,https://smkw.com/gerber-savvy-gray-aluminum
730153142073,41.99,https://smkw.com/bear-and-son-rosewood-mini-trapper
007571000026,179.99,https://smkw.com/mkm-goccia-m390-titanium-bronze
000757080980,119.99,https://smkw.com/mkm-flame-sandblasted-dagger-green-micarta
730153354117,49.99,https://smkw.com/bear-son-widow-4in-bali-shot-show-bayonet
002895914219,219.99,https://smkw.com/medford-smth-crim-auto-pvd-blk-pvd
013658163379,159.99,https://smkw.com/gerber-terracraft-black-g10
730153000472,38.99,https://smkw.com/bear-son-hunter-green-stag-md-lockback
729857011037,39.99,https://smkw.com/sog-flash-mt-silver-black
729857013284,119.99,https://smkw.com/sog-pentagon-xr-lte-folding-knife-black-graphite
8057977530780,159.99,https://smkw.com/mikita-flame-pvd-dagger-red-lava
729857013604,84.99,https://smkw.com/sog-altair-fx-fixed-blade-knife-field-green
002895914233,219.99,https://smkw.com/medford-smth-crim-auto-pvd-blk-bronze
729857014533,34.99,https://smkw.com/sog-stout-sj-cleaver-folding-knife-od-and-stonewash
729857994705,36.99,https://smkw.com/sog-jungle-primitive-machete
729857013598,89.99,https://smkw.com/sog-altair-fx-fixed-blade-knife-canyon-red
002895914226,410,https://smkw.com/medford-smth-crim-auto-pvd-blk-flamed
000564000034,9.99,https://smkw.com/smkw-aluminum-handle-tapered-rod-diamond-nbsp-sharpener-hook-groove
729857014380,179.99,https://smkw.com/sog-one-zero-xr-folding-knife-white-black-sog12730557
729857011457,129.99,https://smkw.com/sog-seal-xr-folding-knife
794023360004,139.99,https://smkw.com/crkt-bugsy-brown-micarta-3600
888151045510,84.99,https://smkw.com/sog-ether-fx-fixed-blade-knife
888151045527,79.99,https://smkw.com/sog-provider-fx-fixed-blade-knife
729857014373,179.99,https://smkw.com/sog-one-zero-xr-folding-knife-smoke-gray
002895914349,400,https://smkw.com/medford-smth-crim-auto-tumbled-ylw-flamed
730153611128,52.99,https://smkw.com/bear-son-bear-edge-sideliner-blk-g10
705442011668,9.99,https://smkw.com/p-cold-steel-perfect-balance-thrower-otd-p
729857014304,199.99,https://smkw.com/sog-one-zero-xr-folding-knife-black-chrome
000564000027,14.99,https://smkw.com/smkw-folding-diamond-two-sided-sharpener
661120650478,43.99,https://smkw.com/schrade-slyte-framelock
811328025534,144.99,https://smkw.com/esee-5-orange-3d
788857765401,49.99,https://smkw.com/boker-kaizen-black-s35vn-blue-g10
871373123395,22.99,https://smkw.com/rough-ryder-tater-skin-pocket-chopper
661120081548,14.99,https://smkw.com/schrade-17-frontier-machete
730153715260,9.99,https://smkw.com/bear-edge-minimal-frame-med-clam
811328025480,181.24,https://smkw.com/esee-5-black-drop-pt-3d-gray
794023710007,33.95,https://smkw.com/crkt-venandi-black-brown
811328025527,139.99,https://smkw.com/esee-5-venom-green-blade-3d-handle
794023531718,59.95,https://smkw.com/crkt-pilar-iii-blk-d2
,49.99,https://smkw.com/bear-son-hunter-green-stag-bone-lg-stockman
729857013291,119.99,https://smkw.com/sog-pentagon-xr-lite-folding-knife-blue
,49.99,https://smkw.com/bear-son-hunter-grn-stag-bn-lg-trap-sfo-brgsbc54
000321800174,119,https://smkw.com/lynch-northwest-smkw-exclusive-hammerhead-v1-0-prybar-prototype-version-service-finish-service-black-clip/
730153004869,19.99,https://smkw.com/bear-son-cushioned-grip-slicer
729857007955,29.95,https://smkw.com/sog-ace-fixed-blade-knife-stonewash
716876191154,22.99,https://smkw.com/barnes-vor-tx-9mm-115gr-20r
013658154735,34.16,https://smkw.com/gerber-pack-hatchet-coyote-brown
768779005014,59.99,https://smkw.com/queen-cutlery-84-pattern-folding-knife-m390-burlap-micarta/
8051887884766,199.99,https://smkw.com/lionsteel-myto-mars-valley-fat-carbon-handle-black-magnacut-blade/
661120413400,16.99,https://smkw.com/schrade-ray-rubberized-flipper
,46.99,https://smkw.com/schrade-viper-out-the-front-opening-dagger
768779004451,46.99,https://smkw.com/queen-cutlery-usa-no-9-red-smooth-bone-stockman-with-gift-tin/
768779005045,59.99,https://smkw.com/queen-usa-green-peach-seed-jigged-bone-large-sheepsfoot-barlow/
768779004918,62.99,https://smkw.com/queen-usa-amber-winterbottom-bone-two-blade-linerlock-folding-knife/
000321800259,119,https://smkw.com/lynch-northwest-smkw-exclusive-hammerhead-v1-0-prybar-light-metal-flake-fade-titanium/
028634708987,9.99,https://smkw.com/smith-wesson-clip-folder/
768779004895,59.99,https://smkw.com/queen-cutlery-lockback-folding-knife-amber-winterbottom-bone/
768779004987,49.99,https://smkw.com/queen-usa-amber-winterbottom-bone-trapper-folding-knife/
8051887884759,179.99,https://smkw.com/lionsteel-nano-nebula-fat-carbon-handle-lack-magnacut-blade/
705442800890,48.95,https://smkw.com/cold-steel-oyabun
768779005007,49.99,https://smkw.com/queen-cutlery-large-barlow-folding-knife-brown-burlap-micarta/
730153718292,12.99,https://smkw.com/bear-son-bear-edge-2-pc-green-handle-holiday-tin-q4-2024/
6970270334973,69,https://smkw.com/kizer-vault-feist-get-wasted-brown-g-10-2-88-drop-point-smkw-exclusive/
768779004888,49.99,https://smkw.com/queen-usa-amber-winterbottom-bone-mini-trapper-folding-knife/
768779004925,44.99,https://smkw.com/queen-usa-amber-winterbottom-bone-barlow-folding-knife/
001893671872,59.99,https://smkw.com/queen-cutlery-green-peach-seed-jigged-bone-one-blade-lockback-folding-knife/
610953213992,199.99,https://smkw.com/benchmade-osborne-smkw-exclusive-desert-warrior/
6970270334874,79,https://smkw.com/kizer-lieb-smkw-exclusive-freedom-folding-knife-2-98in-uv-printed-aluminum/
768779004994,42.99,https://smkw.com/queen-usa-amber-winterbottom-bone-small-hunter-fixed-blade-knife/
768779004963,74.99,https://smkw.com/queen-knives-large-sheepsfoot-barlow-folding-knife-genuine-stag/
018930000007,54.99,https://smkw.com/bear-and-son-wharncliffe-slip-joint-carbon-fiber
768779004321,49.99,https://smkw.com/queen-cutlery-green-jigged-bone-mini-trapper-3-5-closed/
768779004352,44.99,https://smkw.com/queen-cutlery-green-jigged-bone-stockman-3-75-closed/
768779004970,49.99,https://smkw.com/queen-usa-amber-winterbottom-bone-stockman-folding-knife/
768779004901,46.99,https://smkw.com/queen-knives-large-sheepsfoot-barlow-folding-knife-amber-winterbottom-grooved-bone/
6970270334881,79,https://smkw.com/kizer-smkw-exclusive-lieb-god-of-thunder-l-l-uv-print-g10-2-38-blk-ti-drop-pt/
841768164500,328.5,https://smkw.com/microtech-smkw-excl-x-wing-ultratech-apoc-se
730153910078,129.99,https://smkw.com/bear-son-bear-ops-clutch-iv-otf-automatic-knife-2-75in-plain-satin-tanto/
087171065892,179.99,https://smkw.com/kershaw-livewire-otf-automatic-knife-magnacut-tanto-black-aluminum/
768779004406,79.99,https://smkw.com/queen-cutlery-american-made-genuine-stag-stockman-folding-knife/
768779004338,59.99,https://smkw.com/queen-cutlery-green-jigged-bone-2-blade-lockback-4-5-closed/
871373126853,29.99,https://smkw.com/rough-ryder-smkw-exclusive-skinner-stockman-pen-knife-3pc-gift-tin-set/
841768163794,310.17,https://smkw.com/microtech-utx-85-smkw-exclusive-x-wing-d-e-apocalyptic/
087171069180,179.99,https://smkw.com/kershaw-auto-livewire-out-the-front-limewire-edition-smkw-exclusive-sfo/
841768161714,337.5,https://smkw.com/microtech-smkw-exclus-x-wing-ultratech-otf-auto-red-alum-apocalyptic-part-serr-tanto/
730153715413,7.99,https://smkw.com/bear-son-edge-brisk-2-0-assisted-folding-knife-black-3-5in-drop-point-blade-br71541/
768779004222,25,https://smkw.com/victorinox-classic-sd-nursing-work-of-heart
026615227373,69.99,https://smkw.com/buck-creek-deer-stag-swing-guard
541108194054,49.99,https://smkw.com/queen-cutlery-green-jigged-bone-trapper-4-13-closed/
730153991800,84.99,https://smkw.com/bear-son-4-modern-carbon-fiber-sheepfoot-barlow-with-damascus-blade/
841768169048,222,https://smkw.com/microtech-msi-s-e-tri-grip-polymer-od-green-dark-earth-partial-serrated/
617717900198,79.99,https://smkw.com/ka-bar-becker-nessmuk-blackout-smkw
841768166849,212,https://smkw.com/microtech-msi-smkw-exclusive-ram-lok-folding-knife-desert-warrior/
001864587644,222,https://smkw.com/l-t-wright-smkw-exclusive-the-bandit-folding-knife-satin-d2-striped-snakeskin-micarta/
871375400494,29.99,https://smkw.com/rough-ryder-reserve-smkw-exclusive-hog-leg-peanut-blue-smooth-bone/
841768162551,310.17,https://smkw.com/aumt23310xw-microtech-utx-85-x-wing
841768161967,377.99,https://smkw.com/aumt71910xw-microtech-utx-85
841768160724,405,https://smkw.com/microtech-ultratech-x-wing-hellhound
768779004239,25,https://smkw.com/victorinox-classic-sd-nurse-superpower
730153353066,183.99,https://smkw.com/bear-song-vii-titanium-tanto
841768158011,328.5,https://smkw.com/microtech-ultratech-122-10xw-xwing-early-access-for-blade-show-round2
002895914172,219.99,https://smkw.com/medford-smth-crim-auto-pvd-red-pvd
023614977605,39.99,https://smkw.com/browning-steambank-brown-clip-pt
002883000047,377,https://smkw.com/yan-emw-lava-flow-yanemwlf
730153353080,183.99,https://smkw.com/bear-song-vii-titanium-kukri
087171059426,74.95,https://smkw.com/kershaw-static-copper-smkw-ex
729857013666,134.99,https://smkw.com/sog-seal-xr-folding-knife-partially-serrated
841768160571,328.5,https://smkw.com/microtech-x-wing-tanto-smkw-exclusive
768779004208,25,https://smkw.com/victorinox-classic-sd-swiss-army-knife-police-v1131
002895914295,410,https://smkw.com/medford-smth-crim-auto-pvd-blue-flamed
768779004215,35,https://smkw.com/victorinox-tinker-swiss-army-knife-police-v1132
002895914134,410,https://smkw.com/medford-smth-crim-auto-pvd-grn-bz
087171059433,39.99,https://smkw.com/kershaw-static-brass-smkw-ex
002895914127,224.99,https://smkw.com/medford-smth-crim-auto-pvd-gn-pvd
730153353073,79.99,https://smkw.com/bear-song-viii-titanium-reverse-tanto
002895914288,410,https://smkw.com/medford-smth-crim-auto-pvd-blue-pvd
002883000030,377,https://smkw.com/yan-emw-arctic-storm-yanemwas
002895914158,375,https://smkw.com/medford-smth-crim-auto-tumble-grn-satin
002895914264,224.99,https://smkw.com/medford-smth-crim-auto-tumble-blk-brz
002895914165,400,https://smkw.com/medford-smth-crim-auto-tumble-grn-flamed
002895914271,400,https://smkw.com/medford-smth-crim-auto-tumble-blk-flamed
002895914202,400,https://smkw.com/medford-smth-crim-auto-tumble-red-flamed
729857014359,74.99,https://smkw.com/sog-recondo-fx-fixed-blade-knife-plain-edge-fde
000757081710,389.99,https://smkw.com/mkm-goccia-limited-edition-damasteel-rose
729857013468,49.99,https://smkw.com/sog-aegis-fx-fixed-blade-knife-indigo-and-acid-yellow
002895914332,410,https://smkw.com/medford-smth-crim-auto-pvd-ylw-flamed
730153999950,29.99,https://smkw.com/bear-son-cannabis-barlow-smkw
002895914325,219.99,https://smkw.com/medford-smth-crim-auto-pvd-ylw-pvd
002895914141,410,https://smkw.com/medford-smth-crim-auto-grn-pvd-flamed
003365001026,19.99,https://smkw.com/rough-ryder-happy-easter-smooth-bone-trapper
888151040409,59.95,https://smkw.com/cold-steel-drifter-od-grn-gfn-hd-12-csfl30dpltbg
729857014335,74.99,https://smkw.com/sog-recondo-fx-fixed-blade-knife-black-plain-edge
729857013345,84.99,https://smkw.com/sog-terminus-sj-lte-folding-knife-carbon-and-gold
729857014144,54.99,https://smkw.com/sog-aegis-fx-fixed-blade-knife-rescue-red-and-indigo
729857013482,54.99,https://smkw.com/sog-aegis-fx-fixed-blade-knife-forest-and-moss-green
729857014106,34.99,https://smkw.com/sog-tellus-fx-folding-knife-blaze
729857014366,74.99,https://smkw.com/sog-recondo-fx-fixed-blade-knife-fde-partially-serrated
002895913854,350,https://smkw.com/medford-smooth-criminal-pvd-red
729857014595,56.99,https://smkw.com/sog-trident-fx-blackout-fixed-blade-knife-partially-serrated
729857014601,59.99,https://smkw.com/sog-trident-fx-od-green-straight-edg-map-sog17120357
798779004024,25,https://smkw.com/victorinox-ufo-i-want-to-believe-classic-sd-v1114
555552637,800,https://smkw.com/mikkel-willumsen-auto-shredded-cf-gray-titanium-aumkwcfnb
729857014342,79.99,https://smkw.com/sog-recondo-fx-fixed-blade-knife-black-partially-serrated
729857014168,49.99,https://smkw.com/sog-aegis-fx-fixed-blade-knife-black-and-moss
33332637,800,https://smkw.com/willumsen-auto-cf-flamed-aumkwcfc
,1100,https://smkw.com/willumsen-smkw-toxic-fat-carbon
002594000015,269.99,https://smkw.com/brian-brown-raptor-arctic-storm-smkw-exclusive
768779004154,35,https://smkw.com/victorinox-backyard-chickens-tinker
788857059760,79.99,https://smkw.com/boker-copper-burlap-single-blade-delicate
444442637,800,https://smkw.com/mikkel-willumsen-auto-cf-bronze-aumkwcfnbz
788857765364,49.99,https://smkw.com/boker-kaizen-black-s35vn-gray-g10
002594000039,269.99,https://smkw.com/brian-brown-raptor-lava-flow-smkw-exclusive
788857059791,79.99,https://smkw.com/boker-brown-micarta-club-expedition
768779004031,35,https://smkw.com/victorinox-ufo-i-want-to-believe-tinker-v1115
768779004147,25,https://smkw.com/victorinox-backyard-chickens-classic-sd
22222637,800,https://smkw.com/mikkel-willumsen-auto-cf-blue-aumkwcfbn
193125008232,46.99,https://smkw.com/artisan-cutlery-smkw-exclusive-brgndy-stin-shrk
788857059777,79.99,https://smkw.com/boker-brass-canvas-micarta-trapper
788857765326,49.99,https://smkw.com/boker-kaizen-black-s35vn-white-g10
193125008249,39.99,https://smkw.com/artisan-cutlery-smkw-exclsve-brgndy-blk-coatd-shrk
768779003997,149.99,https://smkw.com/byond-edc-asym-nighthorse-nat-titan
002594000022,269.99,https://smkw.com/brian-brown-raptor-toxic-storm-smkw-exclusive
788857059739,79.99,https://smkw.com/boker-copper-burlap-single-blade-stockman
850025463294,129.99,https://smkw.com/knafs-lander-mars-valley-smkw-exclusive
788857765388,49.99,https://smkw.com/boker-kaizen-black-s35vn-red-g10
003286000474,169.99,https://smkw.com/giantmouse-ace-biblio-fire-smkw-exclusive
788857059722,109.99,https://smkw.com/boker-copper-burlap-micarta-single-bld-trapper
788857059784,79.99,https://smkw.com/boker-brown-canvas-micarta-single-blade-stockman
788857059852,49.99,https://smkw.com/boker-kaizen-purple-w-blk-bld-s35vn
768779003850,35,https://smkw.com/victorinox-farm-animals-tinker
000757081437,79.99,https://smkw.com/mkm-isonzo-smkw-fat-jungle-hawkbill
768779003829,25,https://smkw.com/victorinox-squatchy-ranger-classic-sd
788857765395,49.99,https://smkw.com/boker-kaizen-satin-s35vn-blue-g10
87171061078,34.99,https://smkw.com/kershaw-culpepper-copper-detent
000757081482,95.99,https://smkw.com/mkm-isonzo-smkw-fat-lava-stonewash-clip
7687790030962,37,https://smkw.com/victorinox-safety-is-key-tinker
000757081383,79.99,https://smkw.com/mkm-isonzo-smkw-fat-arctic-stone-cleaver
003286000467,174.99,https://smkw.com/giantmouse-ace-biblio-ice-fat-carbon
000757081079,132.99,https://smkw.com/mkm-arvenis-black-g10-blue-smkw
000757081369,79.99,https://smkw.com/mkm-isonzo-smkw-copper-cleaver
768779003720,25,https://smkw.com/victorinox-honey-classic-sd-smkw
768779003843,35,https://smkw.com/victorinox-moon-phases-tinker
000757081352,79.99,https://smkw.com/mkm-isonzo-smkw-fat-lava-stone-cleaver
000757081376,84.99,https://smkw.com/mkm-isonzo-smkw-fat-jungle-stone-cleaver
788857765319,49.99,https://smkw.com/boker-kaizen-black-s35vn-coyote-g10
768779003751,35,https://smkw.com/victorinox-watermelon-tinker-smkw-exclusive
087171062655,29.99,https://smkw.com/kershaw-culpepper-copper-trad-slip-joint
000757081284,84.99,https://smkw.com/mkm-isonzo-smkw-fat-jungle-stone-clip
000757081314,97.49,https://smkw.com/mkm-isonzo-smkw-fat-arctic-dark-hawkbill
768779003706,25,https://smkw.com/victorinox-classic-sd-corgi-smkw-exclusive
768779003744,25,https://smkw.com/victorinox-watermelon-classic-sd-smkw
000757081390,99.99,https://smkw.com/mkm-isonzo-smkw-fat-cf-jungle-drk-cleaver
8053675924463,136.99,https://smkw.com/fox-yaru-framelock-white-storm-fatcarbon
768779003737,35,https://smkw.com/victorinox-honey-tinker-smkw-exclusive
8053675924340,136.99,https://smkw.com/fox-suru-white-storm-fatcarbon
768779003676,25,https://smkw.com/victorinox-bacon-classic-sd-smkw-exclusive
788857765456,59.99,https://smkw.com/boker-kaizen-black-s35vn-green-g10
87171060347,39.99,https://smkw.com/smkw-exclusive-kershaw-tumbler-red
023614977612,39.99,https://smkw.com/browning-steambank-brown-wharnciffe
8053675924357,137.77,https://smkw.com/fox-yaru-vanax-purple-haze
788857062739,79.99,https://smkw.com/boker-smkw-exclusive-desert-warrior-ots-auto-stiletto-odg-g-10-3-5-desert-tan-spr-pt/
021205252308,64.99,https://smkw.com/smkw-exclusive-case-05-razor-folding-knife-smoky-valley-sunset-autumn-bone/
871373126082,18.99,https://smkw.com/rough-ryder-2023-christmas-trapper
788857769225,22.49,https://smkw.com/boker-purple-smooth-bone-razor-jack-110716soi
021205252292,74.99,https://smkw.com/case-smoky-valley-sunset-sod-jr
021205252193,79.99,https://smkw.com/case-smoky-valley-sunset-autumn-mini-trapper
730153999981,38.99,https://smkw.com/bear-son-beer-tender-smooth-yellow-bone
788857753903,67.46,https://smkw.com/boker-plus-tactical-bali-big-d2-cf-blue
788857753873,59.96,https://smkw.com/boker-bali-carbon-fiber-blue-dp
8053675924364,136.99,https://smkw.com/fox-yaru-framelock-toxic-storm-fatcarbon
000757081291,79.99,https://smkw.com/mkm-isonzo-smkw-copper-clip-point
788857753897,67.46,https://smkw.com/boker-plus-bali-lg-d2-cf-blue
841768168584,351.78,https://smkw.com/microtech-utx-85-smkw-exclusive-x-wing-edition-otf-automatic-knife-half-serrated-t-e/
788857062722,79.99,https://smkw.com/boker-smkw-exclusive-vendetta-auto-stiletto/
021205252247,82.99,https://smkw.com/case-smoky-valley-sunset-autumn-trapper
193125008256,40.99,https://smkw.com/artisan-cutlery-smkw-exclsve-brgndy-osprey
000757081680,123.49,https://smkw.com/mkm-maximo-lava-flow
000757081451,85.79,https://smkw.com/mkm-isonzo-smkw-fat-lava-stone-hawkbill
003365001613,64.99,https://smkw.com/never-enable-per-josh-crkt-tuna-titanium-limited-edition/
021205252216,82.99,https://smkw.com/case-smoky-valley-sunset-autumn-md-stock
003365001682,49.99,https://smkw.com/crkt-brass-ceo/
768779004000,114.99,https://smkw.com/byond-edc-asym-nighthorse-blue-titanium
193125008324,49.99,https://smkw.com/cjrb-burgundy-micarta-rampart
788857753880,59.96,https://smkw.com/boker-balisong-cf-metallic-blue-harpoon
046928554751,35,https://smkw.com/victorinox-orange-white-smkw-tinker
794023290905,19.95,https://smkw.com/crkt-sdn-fixed-blade
788857753934,79.95,https://smkw.com/boker-plus-balisong-green-smkw-exclusive
730153715383,9.99,https://smkw.com/bear-son-brisk-2-realtree-edge-teal-camo
661120748045,6.99,https://smkw.com/smith-and-wesson-america-s-heroes-spring-assisted-knife-q4
730153113134,44.99,https://smkw.com/blackhawk-cqd-sm-button-lock-folder-partial-serrated-edge-1
850022587559,234.99,https://smkw.com/toor-field-2-0-onyx-smkw-logo
730153715376,9.99,https://smkw.com/bear-son-brisk-2-0-realtree-edge-camo-zytel-ao-br71537
871373025828,19.99,https://smkw.com/rough-ryder-md-whittler-tater-skin-rr2582
871373126440,13.99,https://smkw.com/rough-ryder-rr2644
003365000944,199.99,https://smkw.com/zero-tolerance-orgn-spd-safe-bw-ti-handle-scales
003365001675,49.99,https://smkw.com/crkt-copper-ceo/
661120081616,12.99,https://smkw.com/schrade-4-5-fixed-clip-tan
768779004437,59.99,https://smkw.com/queen-usa-made-rsb-linerlock-trapper-qrsb206l
768779004345,42.99,https://smkw.com/queen-green-bone-barlow-sfo
871373006896,31.99,https://smkw.com/marble-s-black-micarta-folder
730153715369,9.99,https://smkw.com/bear-son-brisk-2-0-realtree-edge-pink-camo-zytel-ao
610953210779,400,https://smkw.com/benchmade-cla-auto-od-aubm4300bk02
8057977531626,199.99,https://smkw.com/mkm-miura-mk-mi-tdsw
026615207924,16.99,https://smkw.com/chipaway-snook-wsb
871373006445,19.99,https://smkw.com/marbles-sm-stag-fixed-blade-acorn-shield-mr644
001200318551,19.99,https://smkw.com/kukri-black-rubber-handle
730153000489,36.99,https://smkw.com/bear-son-hunter-green-stag-bone-mini-trapper
000000174084,4.99,https://smkw.com/gene-autry-novelty-knife-ivory-handle
705442019565,39.95,https://smkw.com/cold-steel-ranch-boss-ii-map-1-cs20npm1
768779004390,69.99,https://smkw.com/queen-genuine-stag-barlow-sfo
871375000359,34.99,https://smkw.com/komoran-g10-linerlock-black-orange
048702122453,19.99,https://smkw.com/winchester-cowboy-wood-trapper-w-gift-tin
871375400357,64.99,https://smkw.com/rr-reserve-blue-carbon-fiber-framelock-rrr035
888151038734,14.99,https://smkw.com/cold-steel-axis-machete-w-nylon-sheat-6-csmaaxis
8057977531619,199.99,https://smkw.com/mkm-miura-m390-satin-bronze-titanium-mk-mi-tbr
6970270332504,69,https://smkw.com/kizer-z-82-the-multi-tasker-smkw-exclusive-blue-orange-3-47in-plain-black-tanto/
23614978657,19.99,https://smkw.com/browning-red-jig-bone-toothpick-w-tin
087171069692,179.99,https://smkw.com/kershaw-auto-livewire-out-the-front-limewire-stonewash-blade-edition-smkw-exclusive/
661120081623,12.99,https://smkw.com/schrade-frontier-fixed-tan
003383001072,595,https://smkw.com/mcnees-macs-35-purplebronze-2tone-satin-swerve-smkw-exclusive
661120081647,12.99,https://smkw.com/schrade-4-fixed-drop-point
8057977531602,199.99,https://smkw.com/mkm-miura-m390-satin-blue-mk-mi-tbl
768779004420,42.99,https://smkw.com/queen-red-smooth-bone-3-1-2-mini-trapper-sfo
003383001060,595,https://smkw.com/mcnees-smkw-exclusive-mac2-3-5-purple-bronze-2-tone-frag-patterned-folding-knife/
087171069890,179.99,https://smkw.com/kershaw-livewire-auto-out-the-front-green-handle-gold-blade-smkw-exclusive-sfo
841768176732,345,https://smkw.com/microtech-utx-85-de-smkw-exclusive-otf-desert-warrior/
816544013785,549.99,https://smkw.com/case-green-scroll-stag-set-w-puzzle-2024-edition/
013658166424,19.99,https://smkw.com/gerber-zilch-chonk-combo
841768184355,387,https://smkw.com/microtech-exclusive-hera-ii-mini-de-apocalyptic-jurassic/
6970270332511,69,https://smkw.com/kizer-z-82-the-new-widow-smkw-exclusive-green-black-3-47in-plain-black-tanto/
6970270332450,69,https://smkw.com/kizer-nice-guy-the-soldier-smkw-exclusive-2-84in-plain-satin-drop-point/
6973755038878,79,https://smkw.com/kizer-smkw-exclusive-lieb-bishop-l-l-uv-print-purple-g10-2-38-black-ti-drop-pt/
023980021117,300,https://smkw.com/reate-exo-m-safety-lock-gravity-knife-black-pvd-tanto-smkw-exclusive-nebula-fat-carbon-insert/
087171069906,179.99,https://smkw.com/kershaw-exclusive-livewire-otf-auto-gold-red/
023980021112,300,https://smkw.com/reate-exo-m-safety-lock-gravity-knife-black-pvd-tanto-smkw-exclusive-toxic-storm-fat-carbon-insert/
6970270332498,69,https://smkw.com/kizer-z-82-the-bad-captain-smkw-exclusive-red-white-black-3-47in-plain-black-tanto/
6970270332474,69,https://smkw.com/kizer-z-82-the-guardian-smkw-exclusive-red-3-47in-plain-black-tanto/
6970270332481,69,https://smkw.com/kizer-z-82-the-ghost-white-red-smkw-exclusive-3-47in-plain-black-tanto/
023980021114,300,https://smkw.com/reate-exo-m-safety-lock-gravity-knife-black-pvd-tanto-smkw-exclusive-jungle-wear-fat-carbon-insert/
6973755038861,79,https://smkw.com/kizer-smkw-exclusive-lieb-darkhold-l-l-blk-red-g10-2-38-blk-ti-wharncliffe/
023980021119,300,https://smkw.com/reate-exo-m-safety-lock-gravity-knife-black-pvd-tanto-smkw-exclusive-snow-fire-fat-carbon-insert/
023980021118,300,https://smkw.com/reate-exo-m-safety-lock-gravity-knife-copper-camo-fat-carbon-pvd-tanto-smkw-exclusive/
023980021105,300,https://smkw.com/reate-exo-m-safety-lock-gravity-knife-black-pvd-smkw-exclusive-mars-valley-fat-carbon-insert/
023980021104,300,https://smkw.com/reate-exo-m-safety-lock-gravity-knife-black-pvd-smkw-exclusive-jungle-wear-fat-carbon-insert/
023980021110,300,https://smkw.com/reate-exo-m-safety-lock-gravity-knife-black-pvd-tanto-smkw-exclusive-lava-flow-fat-carbon-insert/
023980021108,300,https://smkw.com/reate-exo-m-safety-lock-gravity-knife-copper-camo-fat-carbon-pvd-dagger-smkw-exclusive/
6970270334959,79,https://smkw.com/kizer-lieb-smkw-exclusive-burning-brute-folding-knife-2-98in-plain-red-g10/
023980021101,300,https://smkw.com/reate-exo-m-safety-lock-gravity-knife-smkw-exclusive-white-storm-fat-carbon/
6970270334928,79,https://smkw.com/kizer-smkw-exclusive-lieb-master-of-the-multiverse-l-l-uv-print-alum-2-38-black-ti-drop-pt/
023980021102,300,https://smkw.com/reate-exo-m-safety-lock-gravity-knife-black-pvd-smkw-exclusive-toxic-storm-fat-carbon-insert/
6973755038885,79,https://smkw.com/kizer-smkw-exclusive-lieb-annihilator-l-l-uv-print-aluminum-2-38-drop-ptkizer-smkw-exclusive-lieb-annihilator-l-l-uv-print-alum-2-38-satin-whrnclffe/
