Urls,Proxy,Result
https://www.windowparts.com/products/andersen-lower-screen-roller-assembly-before-1991-copy,No proxy,Shopify
https://www.windowparts.com/products/andersen-operator-handle-1974-to-1995-copy,No proxy,Shopify
https://www.windowparts.com/products/wp-high-impact-plastic-left-hand-operator-cover-fits-pella-copy,No proxy,Shopify
https://www.windowparts.com/products/wp-high-impact-plastic-left-hand-operator-cover-fits-pella,No proxy,Shopify
https://www.windowparts.com/products/wp-3-8-bore-casement-and-awning-window-crank-fits-pella-wp-3956-wp-3957-wp-3958,No proxy,Shopify
https://www.windowparts.com/products/andersen-classic-style-lock-bezel-in-stone-1999-to-present-a-1351442,No proxy,Shopify
https://www.windowparts.com/products/andersen-100-series-3-point-lock-bar-2008-april-2015-a-9123236-a-9123235-a-9123230-a-9123229,No proxy,Shopify
https://www.windowparts.com/products/andersen-100-series-2-point-lock-bar-2008-april-2015-a-9123226-a-9123225-a-9123234-a-9123233-a-9123228-a-9123227,No proxy,Shopify
https://www.windowparts.com/products/andersen-100-series-1-point-lock-bar-2008-april-2015-a-9123232-a-9123231,No proxy,Shopify
https://www.windowparts.com/products/andersen-100-series-3-point-lock-bar-april-2015-present,No proxy,Shopify
https://www.windowparts.com/products/andersen-100-series-2-point-lock-bar-april-2015-present-a-9133912-a-9133913,No proxy,Shopify
https://www.windowparts.com/products/andersen-100-series-lock-bezel-a-9181453-a-9181454-a-9181455-a-9181456-a-9191395-a-9191394,No proxy,Shopify
https://www.windowparts.com/products/copy-of-andersen-100-series-lock-drive-2008-april-2015-a-9133911,No proxy,Shopify
https://www.windowparts.com/products/andersen-100-series-lock-drive-2008-april-2015,No proxy,Shopify
https://www.windowparts.com/products/copy-of-andersen-100-series-right-hand-lock-keeper-corrosion-resistant-a-9046316,No proxy,Shopify
https://www.windowparts.com/products/andersen-100-series-right-hand-lock-keeper-corrosion-resistant-a-9046315,No proxy,Shopify
https://www.windowparts.com/products/copy-of-andersen-100-series-left-hand-lock-keeper-a-9046314,No proxy,Shopify
https://www.windowparts.com/products/andersen-100-series-right-hand-lock-keeper-a-9046313,No proxy,Shopify
https://www.windowparts.com/products/andersen-100-series-lock-handle-a-9046311-a-9125946-a-9181457-a-9181458-a-9191397-a-9191396,No proxy,Shopify
https://www.windowparts.com/products/andersen-100-series-right-hand-operator-cover-a-9123298-a-9123296,No proxy,Shopify
https://www.windowparts.com/products/andersen-100-series-left-hand-operator-cover-a-9123297-a-9123295,No proxy,Shopify
https://www.windowparts.com/products/andersen-100-series-right-hand-casement-operator-hardware-kit-a-9144696-a-9144697-a-9144698-a-9144699,No proxy,Shopify
https://www.windowparts.com/products/andersen-100-series-left-hand-casement-hardware-pack-a-9144692-a-9144693-a-9144694-a-9144695,No proxy,Shopify
https://www.windowparts.com/products/andersen-sash-lock-spacer-in-stone-color-1968-to-present-a-1152528,No proxy,Shopify
https://www.windowparts.com/products/universal-folding-handle-kit-37-165u-3-37-165u-24-37-165u-75,No proxy,Shopify
https://www.windowparts.com/products/truth-13-3-4-casement-track-with-4-holes-38-59-30150,No proxy,Shopify
https://www.windowparts.com/products/truth-entrygard-11-3-8-casement-track-with-3-holes-38-55,No proxy,Shopify
https://www.windowparts.com/products/truth-entrygard-11-3-8-casement-track-with-4-holes-38-53,No proxy,Shopify
https://www.windowparts.com/products/andersen-storm-door-fullview-3000-series-left-hand-mortise-lock-case-a-39617,No proxy,Shopify
https://www.windowparts.com/products/andersen-storm-door-fullview-3000-series-right-hand-mortise-lock-case-a-39618,No proxy,Shopify
https://www.shopwss.com/products/jh1298,No proxy,Shopify
https://www.shopwss.com/products/ka7507,No proxy,Shopify
https://www.shopwss.com/products/ka7506,No proxy,Shopify
https://www.shopwss.com/products/jp3072,No proxy,Shopify
https://www.shopwss.com/products/dc0774_101,No proxy,Shopify
https://www.shopwss.com/products/dh2920_001,No proxy,Shopify
https://www.shopwss.com/products/95d956_r78,No proxy,Shopify
https://www.shopwss.com/products/ma0923_k5t,No proxy,Shopify
https://www.shopwss.com/products/jn7374,No proxy,Shopify
https://www.shopwss.com/products/ck7302_906,No proxy,Shopify
https://www.shopwss.com/products/dr9747_081,No proxy,Shopify
https://www.shopwss.com/products/314621l_blmt,No proxy,Shopify
https://www.shopwss.com/products/314813l_lpmt,No proxy,Shopify
https://www.shopwss.com/products/vn000efby09,No proxy,Shopify
https://www.shopwss.com/products/vn000eb9y09,No proxy,Shopify
https://www.shopwss.com/products/vn000egcy09,No proxy,Shopify
https://www.shopwss.com/products/ah8050_602,No proxy,Shopify
https://www.shopwss.com/products/ii6292_100,No proxy,Shopify
https://www.shopwss.com/products/dr9748_081,No proxy,Shopify
https://www.shopwss.com/products/hf3255_201,No proxy,Shopify
https://www.shopwss.com/products/bps7515984-org,No proxy,Shopify
https://www.shopwss.com/products/lla7314853-red,No proxy,Shopify
https://www.shopwss.com/products/js1694,No proxy,Shopify
https://www.shopwss.com/products/aa50247wcq,No proxy,Shopify
https://www.shopwss.com/products/ji0145,No proxy,Shopify
https://www.shopwss.com/products/jq0284,No proxy,Shopify
https://www.shopwss.com/products/hj4593_411,No proxy,Shopify
https://www.shopwss.com/products/jv5918,No proxy,Shopify
https://www.shopwss.com/products/jj1931,No proxy,Shopify
https://www.shopwss.com/products/52pc0601_blk,No proxy,Shopify
https://www.rarebeauty.com/products/positive-light-luminizing-lip-gloss,No proxy,Shopify
https://www.rarebeauty.com/products/true-to-myself-tinted-pressed-finishing-powder,No proxy,Shopify
https://www.rarebeauty.com/products/find-comfort-mini-lotion-fragrance-set,No proxy,Shopify
https://www.rarebeauty.com/products/find-comfort-travel-organizer,No proxy,Shopify
https://www.rarebeauty.com/products/liquid-touch-brightening-concealer,No proxy,Shopify
https://www.rarebeauty.com/products/perfect-strokes-universal-volumizing-mascara,No proxy,Shopify
https://www.rarebeauty.com/products/positive-light-under-eye-brightener-1,No proxy,Shopify
https://www.rarebeauty.com/products/find-comfort-hydrating-body-lotion-pump,No proxy,Shopify
https://www.rarebeauty.com/products/mascara-brow-gel-duo,No proxy,Shopify
https://www.rarebeauty.com/products/find-comfort-body-hair-fragrance-mist-duo,No proxy,Shopify
https://www.rarebeauty.com/products/soft-pinch-tinted-lip-oil-deluxe-sample-delight,No proxy,Shopify
https://www.rarebeauty.com/products/soft-pinch-liquid-blush-mini,No proxy,Shopify
https://www.rarebeauty.com/products/soft-pinch-tinted-lip-oil-mini,No proxy,Shopify
https://www.rarebeauty.com/products/find-comfort-bouncy-body-cream,No proxy,Shopify
https://www.rarebeauty.com/products/awaken-confidence-scented-candle,No proxy,Shopify
https://www.rarebeauty.com/products/puffy-carryall-tote,No proxy,Shopify
https://www.rarebeauty.com/products/find-comfort-claw-clip-awaken-confidence,No proxy,Shopify
https://www.rarebeauty.com/products/puffy-carryall-tote-awaken-confidence,No proxy,Shopify
https://www.rarebeauty.com/products/find-comfort-gentle-exfoliating-body-wash-mini,No proxy,Shopify
https://www.rarebeauty.com/products/find-comfort-hydrating-body-lotion-mini,No proxy,Shopify
https://www.rarebeauty.com/products/find-comfort-body-hair-fragrance-mist-mini,No proxy,Shopify
https://www.rarebeauty.com/products/find-comfort-body-hair-fragrance-mist-awaken-confidence,No proxy,Shopify
https://www.rarebeauty.com/products/soft-pinch-mini-cheek-lip-set,No proxy,Shopify
https://www.rarebeauty.com/products/selena-s-essential-eye-duo,No proxy,Shopify
https://www.rarebeauty.com/products/soft-touch-powder-puff,No proxy,Shopify
https://www.rarebeauty.com/products/find-comfort-gentle-exfoliating-body-wash,No proxy,Shopify
https://www.rarebeauty.com/products/find-comfort-under-eye-patches,No proxy,Shopify
https://www.rarebeauty.com/products/find-comfort-stop-soothe-aromatherapy-pen,No proxy,Shopify
https://www.rarebeauty.com/products/find-comfort-body-hair-fragrance-mist,No proxy,Shopify
https://www.rarebeauty.com/products/find-comfort-hydrating-hand-cream,No proxy,Shopify
https://www.yourskincaresource.com/products/gift-alastin-regenerating-skin-nectar-with-trihex-technology®,No proxy,Shopify
https://www.yourskincaresource.com/products/alastin-ha-hyaluronic-acid-immerse-serum™-no-box,No proxy,Shopify
https://www.yourskincaresource.com/products/alastin-gentle-cleanser-no-box,No proxy,Shopify
https://www.yourskincaresource.com/products/gift-alastin-restorative-eye-treatment-with-trihex-technology®,No proxy,Shopify
https://www.yourskincaresource.com/products/gift-hydrinity-eye-renew-complex-experience-size,No proxy,Shopify
https://www.yourskincaresource.com/products/silagen-abdominal-bundle-gel-sheeting-and-bellabutton-kit-beige,No proxy,Shopify
https://www.yourskincaresource.com/products/silagen-abdominal-bundle-gel-sheeting-and-bellabutton-clear,No proxy,Shopify
https://www.yourskincaresource.com/products/hydrinity-encore-travel-and-dry-body-brush,No proxy,Shopify
https://www.yourskincaresource.com/products/gift-hydrinity-dry-body-brush,No proxy,Shopify
https://www.yourskincaresource.com/products/hydrinity-copper-bag-with-summer-towels,No proxy,Shopify
https://www.yourskincaresource.com/products/gift-summer-fresh-clean-glow-towels,No proxy,Shopify
https://www.yourskincaresource.com/products/gift-hydrinity-copper-cosmetic-bag,No proxy,Shopify
https://www.yourskincaresource.com/products/hydrinity-travel-size-bundle-with-restorative-ha-serum,No proxy,Shopify
https://www.yourskincaresource.com/products/hydrinity-travel-size-bundle-with-renewing-ha-serum,No proxy,Shopify
https://www.yourskincaresource.com/products/gift-hydrinity-copper-cosmetic-bag-with-1-masque-encore-body-travel-size-luxe-lip-and-deluxe-keychain,No proxy,Shopify
https://www.yourskincaresource.com/products/gift-alastin-cosmetic-bag-and-travel-size-trio-bundle,No proxy,Shopify
https://www.yourskincaresource.com/products/gift-hydrinity-prelude-cleanser,No proxy,Shopify
https://www.yourskincaresource.com/products/obagi-denim-gift-bag,No proxy,Shopify
https://www.yourskincaresource.com/products/alastin-skincare-restorative-eye-treatment-holiday-gift-bundle,No proxy,Shopify
https://www.yourskincaresource.com/products/co2lift-carboxy-gel-treatment-3-count,No proxy,Shopify
https://www.yourskincaresource.com/products/co2lift-pro-carboxy-gel-treatment-1-count,No proxy,Shopify
https://www.yourskincaresource.com/products/co2lift-v-at-home-carboxy-vaginal-treatment-3-count,No proxy,Shopify
https://www.yourskincaresource.com/products/gift-elta-md-headband,No proxy,Shopify
https://www.yourskincaresource.com/products/gift-alastin-defend-and-protect,No proxy,Shopify
https://www.yourskincaresource.com/products/silagen-silicone-breast-kit-beige,No proxy,Shopify
https://www.yourskincaresource.com/products/hydrinity-encore-body-hydrator,No proxy,Shopify
https://www.yourskincaresource.com/products/gift-hydrinity-encore-travel-size-15ml,No proxy,Shopify
https://www.yourskincaresource.com/products/sample-silagen-100-silicone-gel,No proxy,Shopify
https://www.yourskincaresource.com/products/sample-alastin,No proxy,Shopify
https://www.yourskincaresource.com/products/sample-silagen-spf-30,No proxy,Shopify
https://www.kohls.com/products.json,Premium proxy,Not Shopify
