UPC,Price,Source
638060928684,131.84,https://www.webstaurantstore.com/3m-scotch-8482-cushion-lock-protective-wrap-dispenser-70007068185/399PCW12100D.html
400016947366,9.21,https://www.webstaurantstore.com/lid-38-400-smooth-foam-lined-white-100-pack-pack/999L38400FSWP.html
400016947359,8.36,https://www.webstaurantstore.com/lid-38-400-smooth-unlined-black-100-pack-pack/999L38400USBP.html
400017334790,9.6,https://www.webstaurantstore.com/33-400-black-continuous-thread-flat-customizable-lid-with-foam-liner-pack/999L33400PBFS.html
400015654340,258.87,https://www.webstaurantstore.com/33-400-matte-white-continuous-thread-flat-lid-with-foam-liner-case/500L33400WFM.html
400016619522,20,https://www.webstaurantstore.com/45-400-black-child-resistant-cap-with-heat-induction-liner-and-instruction-text-pack/999L45CRBTHP.html
400016619539,21.2,https://www.webstaurantstore.com/45-400-black-child-resistant-cap-with-pressure-sensitive-liner-and-instruction-text-pack/999L45CRBTPP.html
400016947311,6.96,https://www.webstaurantstore.com/lid-33-400-smooth-unlined-black-100-pack-pack/999L33400USBP.html
400015654333,266,https://www.webstaurantstore.com/33-400-black-continuous-thread-flat-lid-with-foam-liner-case/500L33400NBFS.html
400015994644,145.35,https://www.webstaurantstore.com/4-oz-pet-clear-boston-round-bottle-case/500BRBR04CCS.html
400016619485,16.62,https://www.webstaurantstore.com/43-485-red-flip-and-sift-spice-lid-with-5-holes-pack/999L43485RUP.html
400015654326,276.37,https://www.webstaurantstore.com/33-400-white-continuous-thread-flat-lid-with-foam-liner-case/500L33400WFS.html
00068060497482,26.99,https://www.webstaurantstore.com/3m-scotch-8482-cushion-lock-12-x-175-recycled-paper-protective-wrap-70007090346/399PCW12175DB.html
400016607482,20,https://www.webstaurantstore.com/43-485-black-induction-lined-polypropylene-spice-cap-pack/999LF43485BI.html
400015994675,130.4,https://www.webstaurantstore.com/4-oz-pet-amber-boston-round-bottle-case/500BRBR04ACS.html
400016619515,18,https://www.webstaurantstore.com/45-400-black-child-resistant-cap-with-foam-liner-and-instruction-text-pack/999L45CRBTFP.html
400017502861,17.6,https://www.webstaurantstore.com/32-oz-bullet-cosmo-pet-amber-bottle-case/500BRCO32ACS.html
068060464699,5.39,https://www.webstaurantstore.com/3m-scotch-8482-cushion-lock-12-x-30-recycled-paper-protective-wrap-70007082699/399PCW1230.html
400016619386,14.4,https://www.webstaurantstore.com/38-400-black-child-resistant-cap-with-foam-liner-and-instruction-text-pack/999L38CRBTFP.html
400016607529,16.8,https://www.webstaurantstore.com/48-485-white-polypropylene-spice-cap-with-foam-liner-pack/999LF48485WF.html
638060927212,96.29,https://www.webstaurantstore.com/3m-scotch-8482-cushion-lock-12-x-1-000-recycled-paper-protective-wrap-70007083846/399PCW12100.html
400016947335,7.6,https://www.webstaurantstore.com/lid-33-400-smooth-foam-lined-black-100-pack-pack/999L33400FSBP.html
400015372022,138,https://www.webstaurantstore.com/38-400-white-ribbed-continuous-thread-cap-unlined/500L38400WU.html
400016607420,10.92,https://www.webstaurantstore.com/43-485-white-unlined-polypropylene-spice-cap-pack/999LF43485WU.html
400015504850,159.2,https://www.webstaurantstore.com/4-oz-pet-clear-cylinder-bottle-case/500BRCY04CCS.html
400016607451,16.8,https://www.webstaurantstore.com/43-485-white-polypropylene-spice-cap-with-foam-liner-pack/999LF43485WF.html
400016607505,18,https://www.webstaurantstore.com/48-485-red-unlined-polypropylene-spice-cap-pack/999LF48485RU.html
400016619492,9.6,https://www.webstaurantstore.com/45-400-black-ribbed-plastic-cap-with-foam-liner-pack/999L4540RFBP.html
400016607291,175.2,https://www.webstaurantstore.com/48-485-black-induction-lined-polypropylene-spice-cap-case/500LF48485BI.html
400016607550,20,https://www.webstaurantstore.com/48-485-black-induction-lined-polypropylene-spice-cap-pack/999LF48485BI.html
400016947410,12.8,https://www.webstaurantstore.com/lid-53-400-smooth-foam-lined-black-100-pack-pack/999L53400FSBP.html
400016607659,12.35,https://www.webstaurantstore.com/53-400-black-polypropylene-cap-with-foam-liner-pack/999LFR53BF.html
400017334851,14.4,https://www.webstaurantstore.com/58-400-black-continuous-thread-dome-customizable-lid-with-foam-liner-pack/999LD58400PBF.html
046118273,215.65,https://www.webstaurantstore.com/53-400-white-child-resistant-cap-with-foilseal-liner-case/500L53CRWFS.html
400017334837,19.6,https://www.webstaurantstore.com/-pack/999L53CRWFSP.html
400016607666,12.35,https://www.webstaurantstore.com/53-400-white-induction-lined-polypropylene-cap-pack/999LFR53WI.html
400016947397,10.45,https://www.webstaurantstore.com/lid-53-400-smooth-unlined-black-100-pack-pack/999L53400USBP.html
400016947434,10,https://www.webstaurantstore.com/lid-58-400-smooth-unlined-black-100-pack-pack/999L58400USBP.html
400016947458,12.8,https://www.webstaurantstore.com/lid-58-400-smooth-foam-lined-black-100-pack-pack/999L58400FSBP.html
400016947236,102.8,https://www.webstaurantstore.com/lid-58-400-smooth-foam-lined-black-1100-cs-case/500L58400FSB.html
400015444651,178.4,https://www.webstaurantstore.com/70-400-black-child-resistant-pictorial-cap-with-foam-liner/500L70CRPBF.html
400016607611,29.6,https://www.webstaurantstore.com/63-485-black-induction-lined-polypropylene-spice-cap-pack/999LF63485BI.html
400017334639,17.2,https://www.webstaurantstore.com/70-400-smooth-black-lid-with-foam-liner-pack/999L70400FSBP.html
400016607598,26,https://www.webstaurantstore.com/63-485-black-polypropylene-spice-cap-with-foam-liner-pack/999LF63485BF.html
400016619638,12.8,https://www.webstaurantstore.com/63-400-unlined-black-ribbed-plastic-cap-pack/999L6340RUBP.html
80649558678529,94.05,https://www.webstaurantstore.com/aardvark-10-jumbo-black-wrapped-eco-flex-paper-straw-case/78861811099.html
816790020995,126.99,https://www.webstaurantstore.com/lucaris-ls01aq13-bliss-12-oz-water-goblet-case/498LS01AQ13.html
816790021084,129.99,https://www.webstaurantstore.com/lucaris-ls01cp06-bliss-6-oz-flute-glass-case/498LS01CP06.html
649558678202,109.99,https://www.webstaurantstore.com/aardvark-7-3-4-giant-black-wrapped-paper-straw-case/78861630099.html
649558677922,109.49,https://www.webstaurantstore.com/aardvark-7-3-4-giant-black-unwrapped-paper-straw-case/78861620099.html
80616983799846,91.6,https://www.webstaurantstore.com/aardvark-10-jumbo-white-wrapped-paper-straw-case/78861500213.html
816790021039,129.99,https://www.webstaurantstore.com/lucaris-ls01cb17-bliss-16-oz-cabernet-wine-glass-case/498LS01CB17.html
816790026263,129.99,https://www.webstaurantstore.com/lucaris-ls01bd26-bliss-24-5-oz-bordeaux-wine-glass-case/498LS01BD26.html
816790023088,173.99,https://www.webstaurantstore.com/lucaris-ls10us15e-desire-14-25-oz-universal-wine-glass-case/498LS10US15E.html
816790020636,165.99,https://www.webstaurantstore.com/lucaris-ls10cw13e-desire-12-25-oz-crisp-white-wine-glass-case/498LS10CW13E.html
816790026256,129.99,https://www.webstaurantstore.com/lucaris-ls01bg26-bliss-24-5-oz-burgundy-wine-glass-case/498LS01BG26.html
649558677915,137.49,https://www.webstaurantstore.com/aardvark-7-3-4-black-unwrapped-paper-stirrer-sip-straw-case/78861800099.html
616983799857,74.55,https://www.webstaurantstore.com/aardvark-10-jumbo-white-unwrapped-paper-straw-case/78861500212.html
400017502830,28,https://www.webstaurantstore.com/8-oz-boston-round-pet-amber-bottle-case/500BRBR08ACS.html
400015547475,138.4,https://www.webstaurantstore.com/89-400-black-child-resistant-pictorial-customizable-cap-case/500L89CRPBU.html
400017658360,113.05,https://www.webstaurantstore.com/8-oz-cosmo-bullet-pet-clear-bottle-case/500BRCY08CN.html
400017221373,36.57,https://www.webstaurantstore.com/82-lug-white-metal-lid-with-plastisol-liner-pack/999L82LWMP.html
816790021060,129.99,https://www.webstaurantstore.com/lucaris-ls01cd13-bliss-12-25-oz-chardonnay-wine-glass-case/498LS01CD13.html
649558678127,112,https://www.webstaurantstore.com/aardvark-10-jumbo-black-unwrapped-paper-straw-case/78861521099.html
816790020650,173.99,https://www.webstaurantstore.com/lucaris-ls10rr25e-desire-23-75-oz-robust-red-wine-glass-case/498LS10RR25E.html
616983799895,76.47,https://www.webstaurantstore.com/aardvark-10-giant-white-unwrapped-paper-straw-case/78861500216.html
816790020643,165.99,https://www.webstaurantstore.com/lucaris-ls10er21e-desire-20-oz-elegant-red-wine-glass-case/498LS10ER21E.html
400016207316,51.2,https://www.webstaurantstore.com/8-oz-white-regular-wall-wide-polypropylene-customizable-jar-case/500GPJRW08WW.html
18850222011822,173.99,https://www.webstaurantstore.com/lucaris-ls10rw17e-desire-16-5-oz-rich-white-wine-glass-case/498LS10RW17E.html
18850222011969,137.99,https://www.webstaurantstore.com/lucaris-hip-15-5-oz-long-drink-glass-case/4981LT04LD16.html
18850222011747,173.99,https://www.webstaurantstore.com/lucaris-ls04bd27-hip-26-oz-bordeaux-wine-glass-case/498LS04BD27.html
816790023071,165.99,https://www.webstaurantstore.com/lucaris-ls10sl08e-desire-8-oz-sparkling-champagne-flute-glass-case/498LS10SL08E.html
816790020124,145.99,https://www.webstaurantstore.com/lucaris-lt03dr14-soul-13-oz-rocks-double-old-fashioned-glass-case/498LT03DR14.html
400016239072,103.99,https://www.webstaurantstore.com/lucaris-serene-16-oz-cabernet-wine-glass-case/4981LS17CB17.html
18850222011761,173.99,https://www.webstaurantstore.com/lucaris-ls04cb19-hip-18-5-oz-cabernet-wine-glass-case/498LS04CB19.html
18850222011785,173.99,https://www.webstaurantstore.com/lucaris-ls04cp09-hip-9-oz-champagne-flute-case/498LS04CP09.html
80649558678833,91.25,https://www.webstaurantstore.com/aardvark-7-3-4-giant-kraft-unwrapped-paper-straw-case/78861508210.html
18850222011952,137.99,https://www.webstaurantstore.com/lucaris-hip-12-5-oz-rocks-double-old-fashioned-glass-case/4981LT04DR13.html
18850222011778,162.99,https://www.webstaurantstore.com/lucaris-ls04cd15-hip-14-5-oz-chardonnay-wine-glass-case/498LS04CD15.html
816790020087,145.99,https://www.webstaurantstore.com/lucaris-lt03ld15-soul-15-oz-longdrink-collins-glass-case/498LT03LD15.html
400016239089,103.99,https://www.webstaurantstore.com/lucaris-serene-12-5-oz-chardonnay-wine-glass-case/4981LS17CD13.html
816790021121,130.99,https://www.webstaurantstore.com/lucaris-ls03br14-soul-13-6-oz-water-goblet-case/498LS03BR14.html
18850222011754,173.99,https://www.webstaurantstore.com/lucaris-ls04bg32-hip-30-75-oz-burgundy-wine-glass-case/498LS04BG32.html
816790026164,173.99,https://www.webstaurantstore.com/lucaris-ls03cn23-soul-22-oz-cognac-glass-case/498LS03CN23.html
816790020964,173.99,https://www.webstaurantstore.com/lucaris-ls03bd26-soul-25-5-oz-bordeaux-wine-glass-case/498LS03BD26.html
400016239096,103.99,https://www.webstaurantstore.com/lucaris-serene-6-oz-flute-glass-case/4981LS17CP07.html
816790026171,173.99,https://www.webstaurantstore.com/lucaris-ls03bj18-soul-17-5-oz-beaujolais-wine-glass-case/498LS03BJ18.html
816790020025,173.99,https://www.webstaurantstore.com/lucaris-ls03bg23-soul-22-5-oz-burgundy-wine-glass-case/498LS03BG23.html
816790020049,173.99,https://www.webstaurantstore.com/lucaris-ls03cd14-soul-14-oz-chardonnay-wine-glass-case/498LS03CD14.html
400016239065,103.99,https://www.webstaurantstore.com/lucaris-serene-21-oz-bordeaux-wine-glass-case/4981LS17BD22.html
18850222011723,173.99,https://www.webstaurantstore.com/lucaris-soul-7-75-oz-martini-glass-case/4981LS03MN08.html
816790020148,145.99,https://www.webstaurantstore.com/lucaris-lt03rk10-soul-9-oz-rocks-old-fashioned-glass-case/498LT03RK10.html
816790020063,173.99,https://www.webstaurantstore.com/lucaris-ls03cp09-soul-8-5-oz-champagne-flute-case/498LS03CP09.html
816790020100,145.99,https://www.webstaurantstore.com/lucaris-lt03hb10-soul-9-oz-highball-glass-case/498LT03HB10.html
816790026201,147.99,https://www.webstaurantstore.com/lucaris-ls02cd13-temptation-12-5-oz-chardonnay-wine-glass-case/498LS02CD13.html
816790026232,147.99,https://www.webstaurantstore.com/lucaris-ls02bd22-temptation-20-5-oz-bordeaux-wine-glass-case/498LS02BD22.html
816790026218,127.99,https://www.webstaurantstore.com/lucaris-ls02cb17-temptation-16-5-oz-cabernet-wine-glass-case/498LS02CB17.html
816790026225,147.99,https://www.webstaurantstore.com/lucaris-ls02bg26-temptation-24-5-oz-burgundy-wine-glass-case/498LS02BG26.html
816790026195,147.99,https://www.webstaurantstore.com/lucaris-ls02cp06-temptation-5-oz-flute-glass-case/498LS02CP06.html
816790026188,132.99,https://www.webstaurantstore.com/lucaris-ls02rl09-temptation-8-5-oz-riesling-wine-glass-case/498LS02RL09.html
071270382141,49.13,https://www.webstaurantstore.com/10-can-medium-pitted-black-olives-case/107685207.html
041188109130,28.99,https://www.webstaurantstore.com/sweet-peas-and-diced-carrots-10-can-case/10710913.html
842848100371,22.5,https://www.webstaurantstore.com/royal-thai-premium-jasmine-white-rice-25-lb/112JASMINE25.html
842848100388,43,https://www.webstaurantstore.com/thai-jasmine-rice-50-lb/112JASMINE50.html
10071270304980,34,https://www.webstaurantstore.com/10-can-sliced-solid-pack-apples-case/10717070.html
10877528000839,98.39,https://www.webstaurantstore.com/coco-bakery-pumpkin-cake-pop-1-34-oz-case/108COCOFG0246.html
400015504751,99.6,https://www.webstaurantstore.com/2-oz-pet-boston-round-bottle-case/500BRBR02CCS.html
400016620023,7.03,https://www.webstaurantstore.com/20-410-white-unlined-flip-top-lid-pack/999L2041WFUP.html
10619211603756,31.99,https://www.webstaurantstore.com/sweet-peas-10-can-case/10710912.html
400015508278,166.8,https://www.webstaurantstore.com/24-410-black-unlined-flip-top-lid/500L24410BFU.html
400016620030,8.17,https://www.webstaurantstore.com/24-410-black-unlined-disc-top-lid-pack/999L2441BDUP.html
400015994651,196,https://www.webstaurantstore.com/2-oz-pet-clear-cylinder-bottle-case/500BRCY02CCS.html
071270301494,43.25,https://www.webstaurantstore.com/10-can-sliced-pineapple-rings-in-natural-juice-case/107775269.html
400017334783,8.74,https://www.webstaurantstore.com/-pack/999L20410PWDU.html
400016620054,7.03,https://www.webstaurantstore.com/24-410-black-unlined-flip-top-lid-pack/999L2441BFUP.html
400017775814,83.59,https://www.webstaurantstore.com/macaron-centrale-coffee-lover-macaron-variety-pack-case/108MC700100.html
210907,166.8,https://www.webstaurantstore.com/1-4-oz-black-double-wall-polypropylene-jar-case/500GPJDW002B.html
400015562225,109.2,https://www.webstaurantstore.com/120cc-4-oz-clear-pet-packer-bottle-case/500PK120CCS.html
400015562164,84,https://www.webstaurantstore.com/200cc-6-75-oz-clear-pet-packer-bottle-case/500PK200CCS.html
00010639,92,https://www.webstaurantstore.com/200cc-6-75-oz-white-hdpe-packer-bottle-case/500PK200WCS.html
400015511438,192.37,https://www.webstaurantstore.com/20-410-white-unlined-disc-top-lid/500L20410WDU.html
400015508254,252,https://www.webstaurantstore.com/20-410-white-unlined-flip-top-lid/500L20410WFU.html
400017658353,99.27,https://www.webstaurantstore.com/16-oz-cosmo-bullet-pet-clear-bottle-case/500BRCO16CN.html
400015562140,96,https://www.webstaurantstore.com/120cc-4-oz-green-pet-packer-bottle-case/500PK120GCS.html
400016620092,9.97,https://www.webstaurantstore.com/28-410-black-unlined-disc-top-lid-pack/999L2841BDUP.html
400015508285,196.87,https://www.webstaurantstore.com/28-410-white-unlined-flip-top-lid/500L28410WFU.html
738337892516,35.09,https://www.webstaurantstore.com/monin-pistachio-syrup-1-liter-case/544SYPFR039CS.html
00010569,50.4,https://www.webstaurantstore.com/300cc-10-oz-white-hdpe-packer-bottle-case/500PK300WH.html
400016620146,9.2,https://www.webstaurantstore.com/28-410-white-unlined-flip-top-lid-pack/999L2841WFUP.html
400017624495,74.69,https://www.webstaurantstore.com/monin-premium-pumpkin-spice-flavoring-syrup-750-ml-case/544SYPAR105KT.html
10684476020730,72.99,https://www.webstaurantstore.com/3-5-oz-catfish-fillet-portions-15-lb/872FRS463238.html
196861029110,85.99,https://www.webstaurantstore.com/flash-furniture-bright-beginnings-10-seat-height-wooden-classroom-chair-case/354MKKE24435.html
196861029011,178.99,https://www.webstaurantstore.com/flash-furniture-bright-beginnings-15-1-2-x-21-1-2-wooden-childrens-play-kitchen-stove/354MKME03522.html
196861028991,171.99,https://www.webstaurantstore.com/flash-furniture-bright-beginnings-15-1-2-x-20-1-2-wooden-childrens-play-refrigerator/354MKME03508.html
196861106828,123.99,https://www.webstaurantstore.com/wooden-multipurpose-storage-unit-w-shelves-for-puzzles-art-and-paper/354MK088031.html
196861080975,130.99,https://www.webstaurantstore.com/flash-furniture-bright-beginnings-16-x-25-wooden-3-shelf-mobile-storage-cart-with-locking-casters/354MKKE24084.html
10738337885089,35.09,https://www.webstaurantstore.com/monin-1-liter-premium-spiced-brown-sugar-flavoring-syrup-case/544SYPFR197K.html
196861029035,182.99,https://www.webstaurantstore.com/flash-furniture-bright-beginnings-15-1-2-x-20-1-2-wooden-childrens-play-washing-machine/354MKME03546.html
196861029042,205.99,https://www.webstaurantstore.com/flash-furniture-bright-beginnings-15-7-8-x-39-1-2-wooden-childrens-play-kitchen-storage-cabinet-with-microwave/354MKME10292.html
196861028670,131.99,https://www.webstaurantstore.com/flash-furniture-bright-beginnings-17-1-4-x-19-wooden-4-shelf-book-display-stand/354MKKE24305.html
196861029127,94.99,https://www.webstaurantstore.com/flash-furniture-bright-beginnings-11-12-seat-height-wooden-classroom-chair-case/354MKKE24442.html
196861028762,89.99,https://www.webstaurantstore.com/wooden-corner-storage-unit-2-shelf-natural-finish/354MKKE24022.html
196861028984,123.99,https://www.webstaurantstore.com/flash-furniture-bright-beginnings-15-1-2-x-20-1-2-wooden-2-shelf-corner-kitchen-cabinet-with-lime-green-accent-panel/354MKME03553.html
196861029400,113.99,https://www.webstaurantstore.com/flash-furniture-bright-beginnings-18-x-18-wooden-steam-butterfly-life-cycle-wall-activity-board/354MKME12883.html
196861029004,167.99,https://www.webstaurantstore.com/flash-furniture-bright-beginnings-15-1-2-x-25-1-2-wooden-childrens-play-sink/354MKME03515.html
196861029417,88.99,https://www.webstaurantstore.com/flash-furniture-bright-beginnings-18-x-18-wooden-steam-feelings-and-moods-wall-activity-board/354MKME15273.html
196861029387,109.99,https://www.webstaurantstore.com/flash-furniture-bright-beginnings-18-x-18-wooden-steam-dental-hygiene-wall-activity-board/354MKME10346.html
196861029448,63.99,https://www.webstaurantstore.com/flash-furniture-bright-beginnings-18-x-18-wooden-steam-lines-and-patterns-wall-activity-board/354MKME03713.html
196861029486,103.99,https://www.webstaurantstore.com/flash-furniture-bright-beginnings-18-x-18-wooden-steam-magnetic-chalkboard-wall-accessory-board/354MKME088002.html
196861028786,123.99,https://www.webstaurantstore.com/wooden-bow-front-storage-unit-2-shelf-natural-finish/354MKKE24060.html
196861029424,79.99,https://www.webstaurantstore.com/flash-furniture-bright-beginnings-18-x-18-wooden-steam-weather-wall-activity-board/354MKME16393.html
196861080937,331.99,https://www.webstaurantstore.com/flash-furniture-bright-beginnings-24-12-x-48-14-wooden-mobile-doublesided-2person-art-station-with-bottom-shelf-and-paper-roll-holder/354MKME16768.html
196861028977,250.99,https://www.webstaurantstore.com/flash-furniture-bright-beginnings-23-1-2-x-26-1-2-wooden-3-shelf-square-mobile-storage-cart-with-locking-casters/354MKME14795.html
196861029479,118.99,https://www.webstaurantstore.com/flash-furniture-bright-beginnings-18-x-18-wooden-steam-telling-time-wall-activity-board/354MKME09609.html
196861029547,301.99,https://www.webstaurantstore.com/flash-furniture-bright-beginnings-26-34-x-36-14-wooden-mobile-steam-wall-accessory-board-storage-cart-with-locking-casters/354MKME06639.html
196861028793,140.99,https://www.webstaurantstore.com/wooden-bow-front-storage-unit-3-shelf-natural-finish/354MKKE24077.html
196861028731,149.99,https://www.webstaurantstore.com/flash-furniture-bright-beginnings-31-12-x-16-wooden-doublesided-2shelf-book-display-stand-with-clear-storage-bin/354MKKE20789.html
196861028908,171.99,https://www.webstaurantstore.com/flash-furniture-bright-beginnings-31-1-2-x-24-1-2-wooden-3-shelf-mobile-storage-cart-with-locking-casters/354MKKE24107.html
196861028830,134.99,https://www.webstaurantstore.com/flash-furniture-bright-beginnings-31-1-2-x-24-1-2-wooden-2-shelf-open-storage-unit/354MKKE23919.html
196861028724,134.99,https://www.webstaurantstore.com/flash-furniture-bright-beginnings-31-12-x-16-wooden-doublesided-2shelf-book-display-stand/354MKKE20772.html
196861028717,145.99,https://www.webstaurantstore.com/flash-furniture-bright-beginnings-31-1-2-x-16-wooden-double-sided-5-compartment-storage-unit-with-clear-acrylic-sides/354MKKE24558.html
196861028700,145.99,https://www.webstaurantstore.com/flash-furniture-bright-beginnings-31-1-2-x-24-1-2-wooden-3-shelf-double-sided-storage-unit-with-clear-plastic-divider/354MKKE19233.html
196861080890,224.99,https://www.webstaurantstore.com/flash-furniture-bright-beginnings-33-14-x-31-34-wooden-mobile-storage-cart-with-14-round-compartments-4-shelves-and-locking-casters/354MKME16614.html
196861080951,314.99,https://www.webstaurantstore.com/flash-furniture-bright-beginnings-33-x-31-12-wooden-mobile-storage-cart-with-2-vertical-and-6-horizontal-compartments-and-locking-casters/354MKME14504.html
196861028663,154.99,https://www.webstaurantstore.com/flash-furniture-bright-beginnings-31-1-2-x-25-3-4-wooden-3-shelf-book-display-stand/354MKKE24299.html
196861028885,149.99,https://www.webstaurantstore.com/flash-furniture-bright-beginnings-31-1-2-x-24-1-2-wooden-5-compartment-open-storage-unit/354MKKE23940.html
196861080906,314.99,https://www.webstaurantstore.com/flash-furniture-bright-beginnings-33-x-31-3-4-wooden-mobile-storage-cart-with-4-top-compartments-5-cubbies-and-locking-casters/354MKME08190.html
196861028915,184.99,https://www.webstaurantstore.com/flash-furniture-bright-beginnings-31-1-2-x-31-1-2-wooden-4-shelf-mobile-storage-cart-with-locking-casters/354MKKE24114.html
196861028823,147.99,https://www.webstaurantstore.com/flash-furniture-bright-beginnings-31-1-2-x-24-1-2-wooden-open-storage-unit-with-1-shelf-and-2-storage-compartments/354MKKE23933.html
196861029714,226.99,https://www.webstaurantstore.com/modular-seating-2-seat-armless-sofa-neutral-vinyl/354MKKE15709.html
196861028816,272.99,https://www.webstaurantstore.com/flash-furniture-bright-beginnings-31-1-2-x-31-1-2-x-31-1-2-wooden-6-shelf-open-storage-corner-unit/354MKKE24053.html
196861080913,175.99,https://www.webstaurantstore.com/flash-furniture-bright-beginnings-31-x-24-1-2-wooden-mobile-storage-cart-with-3-top-cubbies-2-lower-shelves-and-locking-casters/354MKKE24145.html
196861029103,77.99,https://www.webstaurantstore.com/flash-furniture-bright-beginnings-9-seat-height-wooden-classroom-chair-case/354MKKE24428.html
196861028892,183.99,https://www.webstaurantstore.com/flash-furniture-bright-beginnings-31-1-2-x-31-1-2-wooden-8-compartment-open-storage-unit/354MKME10513.html
196861029738,85.99,https://www.webstaurantstore.com/modular-seating-backless-corner-chair-neutral-vinyl/354MKKE15686.html
196861080920,441.99,https://www.webstaurantstore.com/flash-furniture-bright-beginnings-48-x-48-wooden-mobile-doublesided-4person-art-station-with-bottom-shelf-and-2-paper-roll-holders/354MKME16621.html
196861028687,263.99,https://www.webstaurantstore.com/flash-furniture-bright-beginnings-34-34-x-36-wooden-4shelf-book-display-stand-with-3-lower-storage-compartments/354MKKE24282.html
196861029516,162.99,https://www.webstaurantstore.com/wooden-three-panel-steam-holder-accessory-for-steam-boards/354MK088001.html
196861029677,103.99,https://www.webstaurantstore.com/flash-furniture-bright-beginnings-multi-color-pastel-shaped-peg-accessory-pack-for-steam-wall-systems-pack/354MKME14702.html
196861029721,129.99,https://www.webstaurantstore.com/modular-seating-1-seat-armless-sofa-neutral-vinyl/354MKKE15693.html
196861028861,163.99,https://www.webstaurantstore.com/2-shelf-extra-wide-wooden-classroom-storage-47-25-width-natural/354MK088030.html
196861029745,88.99,https://www.webstaurantstore.com/modular-seating-1-seater-chair-ottoman-netural-vinyl/354MKKE15679.html
196861028755,190.99,https://www.webstaurantstore.com/open-2-sided-wooden-storage-unit-3-compartment-w-raised-edge-top-natural-finish/354MKKE24596.html
196861029653,70.99,https://www.webstaurantstore.com/64-piece-jumbo-peg-accessory-pack-for-modular-steam-walls-pastel-multicolor-ea/354MKME21120.html
196861028946,231.99,https://www.webstaurantstore.com/flash-furniture-bright-beginnings-31-1-2-x-33-1-2-wooden-6-compartment-double-sided-mobile-storage-cart-with-clear-back-and-locking-casters/354MKKE24268.html
196861028748,144.99,https://www.webstaurantstore.com/flash-furniture-bright-beginnings-47-1-4-x-16-wooden-2-shelf-open-storage-unit-with-upper-shelf-with-raised-edges/354MKKE24572.html
889142087564,280.99,https://www.webstaurantstore.com/flash-furniture-dad-ycz-172-61-gg-32-1-2-x-67-1-2-brown-rattan-plastic-folding-table-set-with-6-folding-chairs/354YCZ17261.html
196861029660,103.99,https://www.webstaurantstore.com/flash-furniture-bright-beginnings-multi-color-shaped-peg-accessory-pack-for-steam-wall-systems-pack/354MKME14696.html
196861029622,162.99,https://www.webstaurantstore.com/flash-furniture-bright-beginnings-multi-color-peg-accessory-pack-for-steam-wall-systems-pack/354MKME12746.html
196861085444,247.99,https://www.webstaurantstore.com/flash-furniture-finch-31-12-x-55-rectangular-natural-faux-teak-indoor-outdoor-standard-height-table-with-gray-metal-frame/354BTB269NAT.html
196861043512,65.99,https://www.webstaurantstore.com/pe-rattan-wicker-patio-dining-arm-chair-in-gray/354TTTT02GY.html
196861043505,65.99,https://www.webstaurantstore.com/pe-rattan-wicker-patio-dining-arm-chair-in-espresso/354TTTT02ESP.html
196861028922,214.99,https://www.webstaurantstore.com/flash-furniture-bright-beginnings-34-3-4-x-31-1-2-wooden-3-shelf-mobile-storage-cart-with-angled-shelves-and-locking-casters/354MKME13705.html
196861029752,145.99,https://www.webstaurantstore.com/modular-seating-1-seat-armless-corner-sofa-neutral-vinyl/354MKME15716.html
196861085437,268.99,https://www.webstaurantstore.com/flash-furniture-finch-35-12-x-59-rectangular-natural-faux-teak-indoor-outdoor-standard-height-table-with-gray-metal-xframe/354BTB288NAT.html
889142335467,479.99,https://www.webstaurantstore.com/flash-furniture-dad-sf-112t-dkgy-gg-4-piece-dark-gray-faux-rattan-patio-set/354SF112TDGY.html
196861085482,247.99,https://www.webstaurantstore.com/flash-furniture-finch-31-12-x-55-rectangular-gray-faux-teak-indoor-outdoor-standard-height-table-with-gray-metal-frame/354BTB269GRY.html
196861043499,65.99,https://www.webstaurantstore.com/pe-rattan-wicker-patio-dining-arm-chair-in-black/354TTTT02BK.html
889142960881,21.99,https://www.webstaurantstore.com/flash-furniture-halsey-black-solar-powered-led-light-pack/354SL1068BKG.html
196861085475,268.99,https://www.webstaurantstore.com/flash-furniture-finch-35-12-x-59-rectangular-gray-faux-teak-indoor-outdoor-standard-height-table-with-gray-metal-xframe/354BTB288GRY.html
196861029608,113.99,https://www.webstaurantstore.com/flash-furniture-bright-beginnings-multi-color-screw-accessory-pack-for-steam-wall-systems-pack/354MKME12920.html
196861029646,70.99,https://www.webstaurantstore.com/64-piece-jumbo-peg-accessory-pack-for-modular-steam-walls-multicolor-ea/354MKME21113.html
840196318974,28.99,https://www.webstaurantstore.com/flash-furniture-hess-brown-tulip-style-solar-powered-led-light-pack/354SL1148BRG.html
889142976110,231.99,https://www.webstaurantstore.com/flash-furniture-indoor-outdoor-teak-accented-beige-patio-chair/354GM21271SG.html
889142975441,374.99,https://www.webstaurantstore.com/flash-furniture-indoor-outdoor-teak-accented-beige-loveseat/354GM20272SG.html
889142958369,24.99,https://www.webstaurantstore.com/flash-furniture-holder-black-wall-mount-solar-powered-led-light-pack/354SL1086BKG.html
840196329451,129.99,https://www.webstaurantstore.com/slat-back-poly-resin-arm-chair-in-black-set-of-2/354SBA268CBK.html
196861043536,73.99,https://www.webstaurantstore.com/pe-rattan-wicker-patio-dining-arm-chair-in-natural/354TTT002NAT.html
840196379029,237.99,https://www.webstaurantstore.com/black-woven-rope-arm-chair-alum-frame-with-seat-cushions-in-gray-set-of-2/354892006BK2.html
889142976097,193.99,https://www.webstaurantstore.com/flash-furniture-indoor-outdoor-charcoal-patio-chair-with-storage-pockets/354GM2081SHG.html
196861063619,159.99,https://www.webstaurantstore.com/flash-furniture-kessler-yan-g5s065425-gg-green-compact-pet-waste-station-with-rectangular-lidded-trash-can/354G5S065425.html
196861022258,192.99,https://www.webstaurantstore.com/flash-furniture-kessler-yan-xzyo45425-gg-green-pet-waste-station-kit-with-round-lidded-trash-can-600-roll-bags-and-50-can-liners/354XZYO45425.html
840196385280,176.99,https://www.webstaurantstore.com/30-square-standard-height-faux-teak-slat-table-in-gray-wash/354GHW1045GY.html
889142938484,166.99,https://www.webstaurantstore.com/30-square-standard-height-faux-teak-slat-table/354GHW1045.html
196861093364,201.99,https://www.webstaurantstore.com/32-square-bar-height-faux-teak-slat-table-in-gray-wash/3540453232GY.html
889142976127,177.99,https://www.webstaurantstore.com/lounge-seating-modern-metal-steel-frame-w-storage-pockets-w-beige-cushions/354011081SGY.html
196861093357,201.99,https://www.webstaurantstore.com/32-square-bar-height-faux-teak-slat-table/354W10453232.html
889142062271,52.99,https://www.webstaurantstore.com/gray-rattan-arm-chair-black-aluminum-frame-set-of-2/3542TLH037GY.html
889142636267,52.99,https://www.webstaurantstore.com/beige-rattan-arm-chair-black-aluminum-frame-set-of-2/3542TLH037BG.html
840196324197,187.99,https://www.webstaurantstore.com/flash-furniture-tlh-073h092h-nv-gg-27-1-2-x-27-1-2-x-39-1-2-outdoor-glass-bar-table-set-with-2-navy-chairs/354TLH02NVGG.html
400010637454,104.99,https://www.webstaurantstore.com/american-tables-seating-al30-bar-27-1-2-round-bar-height-aluminum-table/132AL30BAR.html
10074031279527,77.34,https://www.webstaurantstore.com/aardvark-61710099-10-colossal-black-unwrapped-paper-straw-case/78861710099.html
889142609308,112.99,https://www.webstaurantstore.com/flash-furniture-navy-outdoor-stackable-flex-comfort-chair-with-metal-frame-set/354303CNVGG.html
889142976134,267.99,https://www.webstaurantstore.com/lounge-loveseat-modern-metal-steel-frame-w-storage-pockets-w-beige-cushions/35401108SGY.html
889142062257,52.99,https://www.webstaurantstore.com/black-rattan-arm-chair-black-aluminum-frame-set-of-2/3542TLH037BK.html
400010633869,65.99,https://www.webstaurantstore.com/american-tables-and-seating-90b-metal-black-outdoor-chair/13290B.html
840196321837,299.99,https://www.webstaurantstore.com/modern-poly-resin-wood-adirondack-chair-w-foot-rest-in-black/3540914309BK.html
840196326696,291.99,https://www.webstaurantstore.com/flash-furniture-tlh-073h092h4-gr-gg-27-1-2-x-27-1-2-x-39-1-2-outdoor-glass-bar-table-set-with-4-gray-chairs/354TLHH4GRGG.html
10074031279701,215.87,https://www.webstaurantstore.com/aardvark-61509000-8-1-2-boba-white-unwrapped-bubble-tea-paper-straw-case/78861509000.html
400017639901,84.99,https://www.webstaurantstore.com/albanese-chiller-freeze-resistant-gummi-bear-cubs-5-lb-case/711CHLLERCUB.html
889142976653,200.99,https://www.webstaurantstore.com/modern-poly-resin-wood-adirondack-chair-in-black/354C14509BK.html
889142062264,52.99,https://www.webstaurantstore.com/brown-rattan-arm-chair-black-aluminum-frame-set-of-2/354LH037DKBN.html
649558678820,115.49,https://www.webstaurantstore.com/aardvark-7-3-4-jumbo-kraft-unwrapped-paper-straw-case/78861508206.html
196861044007,237.99,https://www.webstaurantstore.com/flash-furniture-rafe-39-12-x-67-rectangular-acacia-wood-indoor-outdoor-standard-height-table-with-matte-black-steel-legs/35411221ANAT.html
00704339951414,10.25,https://www.webstaurantstore.com/american-metalcraft-wbw-3-1-2-x-2-3-4-espresso-block-check-presenter/124WBW.html
400010634156,93.99,https://www.webstaurantstore.com/american-tables-seating-alm30-30-round-top-outdoor-table-with-umbrella-hole/132ALM30.html
616983799871,146.62,https://www.webstaurantstore.com/aardvark-7-3-4-giant-white-unwrapped-paper-straw-case/78861500210.html
10074031278964,77.2,https://www.webstaurantstore.com/aardvark-61500240-7-3-4-jumbo-white-unwrapped-eco-flex-paper-straw-case/78861500240.html
196861093517,50.99,https://www.webstaurantstore.com/black-metal-triple-slat-back-barstool/354TLH015HBK.html
400017548890,52.49,https://www.webstaurantstore.com/arizona-arnold-palmer-lite-half-and-half-iced-tea-lemonade-2-5-gallon-bag-in-box/103BIBAZARND.html
400010634095,89.99,https://www.webstaurantstore.com/american-tables-seating-al30-27-1-2-round-aluminum-table/132AL30.html
400011120887,74.99,https://www.webstaurantstore.com/american-tables-and-seating-92-black-outdoor-chair/13292.html
00889142057246,40.99,https://www.webstaurantstore.com/flash-furniture-tlh-020-bk-gg-29-all-weather-black-rattan-indoor-outdoor-stack-chair-with-aluminum-frame/354TLH020BK.html
400017548913,52.49,https://www.webstaurantstore.com/arizona-green-tea-with-ginseng-2-5-gallon-bag-in-box/103BIBAZGREN.html
889142975458,644.99,https://www.webstaurantstore.com/lounge-sectional-modern-metal-steel-frame-w-storage-pockets-w-beige-cushions/3541108SECGY.html
400011120894,112.99,https://www.webstaurantstore.com/american-tables-and-seating-92-bs-black-mesh-outdoor-bar-stool/13292BS.html
400011120870,74.99,https://www.webstaurantstore.com/american-tables-and-seating-91-black-outdoor-chair-with-arms/13291.html
840196324180,187.99,https://www.webstaurantstore.com/flash-furniture-tlh-073h092h-gr-gg-27-1-2-x-27-1-2-x-39-1-2-outdoor-glass-bar-table-set-with-2-gray-chairs/354TLH92GRGG.html
10634418511383,47.99,https://www.webstaurantstore.com/gummi-bear-freedom-rwb-4-5-lb-albanese-cs/711ALB50138.html
031500009156,26.99,https://www.webstaurantstore.com/bg-san-del-1-gallon-whole-kosher-dill-pickles-case/125990113.html
10634418511604,47.99,https://www.webstaurantstore.com/gummi-army-guys-green-apple-4-5-lb-albanese-cs/711ALB50160.html
10634418514544,47.99,https://www.webstaurantstore.com/gummi-bears-peace-rwb-4-5-lb-albanese-cs/711ALB50454.html
400010634743,539.99,https://www.webstaurantstore.com/american-tables-seating-qad-36-46-black-plain-double-back-fully-upholstered-booth/132QAD36BK.html
10634418512304,47.99,https://www.webstaurantstore.com/gummi-jet-fighters-4-5-lb-albanese-cs/711ALB50230.html
400010634101,89.99,https://www.webstaurantstore.com/american-tables-seating-al3030-27-1-2-square-aluminum-table/132AL3030.html
400010634576,329.99,https://www.webstaurantstore.com/american-tables-seating-qas-36-46-black-plain-single-back-fully-upholstered-booth/132QAS36BK.html
400017843353,3.5,https://www.webstaurantstore.com/backyard-pro-big-bbq-rib-rub-8-oz/554BYP001.html
076808039115,33.29,https://www.webstaurantstore.com/barilla-20-lb-capellini-pasta/112BAR4001.html
400017843209,3.18,https://www.webstaurantstore.com/backyard-pro-sweet-and-savory-rib-rub-14-oz/554BYP003.html
400013212023,52.79,https://www.webstaurantstore.com/bakery-de-france-32-oz-sliced-sourdough-bread-loaf-case/876BDFF2365.html
792105420448,222.29,https://www.webstaurantstore.com/bare-nut-butter-salted-almond-butter-40-lb/125ABWS40.html
10634418511710,47.99,https://www.webstaurantstore.com/gummi-military-guys-rwb-4-5-lb-albanese-cs/711ALB50171.html
400017843261,3.44,https://www.webstaurantstore.com/backyard-pro-crab-boil-seasoning-blend-16-oz/554BYP006.html
0076114722176,18.89,https://www.webstaurantstore.com/10-lb-black-sanding-sugar/711SSBLACK.html
076808039214,33.29,https://www.webstaurantstore.com/barilla-20-lb-farfalle-bowtie-pasta/112BAR0065.html
20850030739005,36.99,https://www.webstaurantstore.com/bubluv-black-milk-tea-with-jelly-pearls-9-5-fl-oz-case/535BUBLMLKT.html
039978033765,5.91,https://www.webstaurantstore.com/quick-rolled-oats-gf-28oz-bobs-red-mill/999101688.html
10611665120018,23.49,https://www.webstaurantstore.com/bagel-dog-beef-5oz-12-cs-bennys-galant-case/871GAL12001.html
00086478714380,78.49,https://www.webstaurantstore.com/best-maid-sea-salt-caramel-chocolate-crispy-marshmallow-treat-precut-half-sheet-16-x-12-x-1-1-2-case/108RIS71438.html
076808049589,33.74,https://www.webstaurantstore.com/barilla-ditalini-pasta-1-lb-case/112BAR9045.html
076808011531,40.49,https://www.webstaurantstore.com/barilla-full-chef-lasagna-sheets-11-lb/112BAR0768.html
20850030739029,36.99,https://www.webstaurantstore.com/bubluv-passionfruit-oolong-guava-bubble-tea-with-jelly-pearls-9-5-fl-oz-case/535BUBLGUAV.html
0869323000278,89.99,https://www.webstaurantstore.com/capital-city-sweet-hot-mambo-sauce-1-gallon-4-case-case/125CAPSHGAL.html
400015206204,86.99,https://www.webstaurantstore.com/14-5-oz-square-pet-clear-juice-bottle-with-recessed-label-panel-bag/500JBS14CP.html
10850025626146,96.99,https://www.webstaurantstore.com/cappuccine-supreme-vanilla-chai-frappe-mix-3-lb-case/103PW18CHAIV.html
10850025626153,98.99,https://www.webstaurantstore.com/cappuccine-supreme-spiced-chai-frappe-mix-3-lb-case/103PW18CHAIS.html
00079618436501,85.99,https://www.webstaurantstore.com/dailys-precooked-ready-to-finish-thick-jalapeno-bacon-slices-case/871DAI43650.html
400017843056,4.34,https://www.webstaurantstore.com/carnival-king-smokehouse-popcorn-seasoning-9-oz/382POP10005.html
400017843766,4.7,https://www.webstaurantstore.com/carnival-king-mustard-popcorn-seasoning-9-oz/382POP10009.html
00079618417500,97.49,https://www.webstaurantstore.com/dailys-precooked-ready-to-finish-extra-thick-bacon-slices-case/871DAI41750.html
400017843025,4.01,https://www.webstaurantstore.com/carnival-king-salt-and-pepper-popcorn-seasoning-11-oz/382POP10007.html
10041443112421,39.99,https://www.webstaurantstore.com/can-chopped-spinach-case/10705213.html
5705827101958,75.99,https://www.webstaurantstore.com/cavi-art-vegan-orange-caviar-3-5-oz-case/872PLACAVO12.html
722782415796,69.99,https://www.webstaurantstore.com/demitris-extra-horseradish-bloody-mary-concentrated-seasoning-64-fl-oz-case/115DBLMRYHOB.html
400017842950,4.49,https://www.webstaurantstore.com/carnival-king-savory-garlic-popcorn-seasoning-14-oz/382POP10004.html
605021605366,38.51,https://www.webstaurantstore.com/dash-salt-free-original-seasoning-packet-0-6-gram-case/102ORGDASH02.html
796326561812,23.99,https://www.webstaurantstore.com/ruffian-mens-orange-crinkle-supported-latex-gloves-with-jersey-lining-large-pair-pack/3945618.html
722782104935,69.99,https://www.webstaurantstore.com/demitris-chipotle-habanero-bloody-mary-concentrated-seasoning-64-fl-oz-case/115DBLMRYCHB.html
707586716492,92.69,https://www.webstaurantstore.com/cappuccine-supreme-caramel-latte-frappe-mix-3-lb-case/103PW18CARML.html
400017842318,5.47,https://www.webstaurantstore.com/carnival-king-kickin-cajun-popcorn-seasoning-12-oz/382POP10002.html
810077416358,85.99,https://www.webstaurantstore.com/core-tarps-30-x-30-green-black-heavy-duty-weatherproof-8-mil-poly-tarp-with-reinforced-edges/24940330X30.html
796326252598,21.99,https://www.webstaurantstore.com/heavy-weight-green-cotton-double-palm-work-gloves-with-burlap-lining-and-gauntlet-wrist-pack/3942525G.html
00718531600476,47.69,https://www.webstaurantstore.com/cheddar-lovers-snack-mix-10-lb/113MIXCHEDAR.html
5705827105321,92.99,https://www.webstaurantstore.com/cavi-art-vegan-orange-caviar-16-oz-case/872PLACAVO4.html
400017842493,7.49,https://www.webstaurantstore.com/carnival-king-sweet-and-salty-popcorn-seasoning-9-oz/382POP10003.html
704711000044,39.99,https://www.webstaurantstore.com/dutch-country-foods-1-5-lb-gluten-free-soft-pretzel-mix-case/104992707.html
10018944002025,31.99,https://www.webstaurantstore.com/elmhursts-32-oz-barista-almond-milk-case/110ELBARALMD.html
722782206219,69.99,https://www.webstaurantstore.com/demitris-extra-horseradish-bloody-mary-concentrated-seasoning-16-fl-oz-case/115DBLMRYHOR.html
023114223004,6.97,https://www.webstaurantstore.com/chefmaster-10-5-oz-coal-black-liqua-gel-food-coloring/725CM5410.html
720476124429,4.99,https://www.webstaurantstore.com/ergodyne-chill-its-6602-pink-evaporative-cooling-towel-12442/87912442.html
00049578120109,72.99,https://www.webstaurantstore.com/davids-cookies-preformed-peanut-butter-and-jelly-filled-cookie-dough-3-35-oz-case/108DAV12010.html
889142977261,62.99,https://www.webstaurantstore.com/flash-furniture-23-1-2-round-bar-height-indoor-outdoor-aluminum-table-with-base/354DADYCZ66X.html
10881334012672,41.99,https://www.webstaurantstore.com/coffee-k-cup-dunkin-decaf-88-cs-dunkin-cs/110KCDDCDCBF.html
00651844102100,59.59,https://www.webstaurantstore.com/chocolate-covered-sunflower-seed-candy-gems-topping-10-lb/711CHOCSUNFL.html
889142898917,103.99,https://www.webstaurantstore.com/2pk-brazos-barstool-w-black-flex-comfort-seat-and-back-material-w-metal-frame/3542JJ092H.html
075200007258,40.99,https://www.webstaurantstore.com/peanut-patch-cajun-boiled-peanuts-13-5-oz-can-case/107PP00725.html
718531600889,27.89,https://www.webstaurantstore.com/15-lb-extra-large-roasted-salted-blanched-peanuts/113992508.html
075200007005,40.99,https://www.webstaurantstore.com/peanut-patch-original-boiled-peanuts-13-5-oz-can-case/107PP00700.html
041443902643,36.99,https://www.webstaurantstore.com/peanut-patch-hot-and-spicy-boiled-peanuts-25-oz-can-case/107PP90264.html
400017565583,59.49,https://www.webstaurantstore.com/phillips-gourmet-mushrooms-blend-ready-iqf-roasted-diced-mushrooms-20-lb/877PGM501021.html
80072940115799,39.59,https://www.webstaurantstore.com/red-gold-1-oz-ketchup-cups-case/125PC11579.html
041443110949,36.99,https://www.webstaurantstore.com/peanut-patch-original-boiled-peanuts-25-oz-can-case/107PP11094.html
041443110925,57.99,https://www.webstaurantstore.com/peanut-patch-original-boiled-peanuts-10-can-case/107PP11092.html
10089036860700,67.49,https://www.webstaurantstore.com/torani-puremade-pumpkin-pie-flavoring-sauce-64-fl-oz-case/8808607CS.html
400017709475,661.99,https://www.webstaurantstore.com/qa-group-cascade-48-long-ebony-plain-single-back-booth-42-high/898C4842BKSP.html
017929240004,110.69,https://www.webstaurantstore.com/red-star-diastatic-dry-malt-powder-50-lb/10424000.html
400017709499,856.99,https://www.webstaurantstore.com/qa-group-cascade-60-long-ebony-plain-single-back-booth-42-high/898C6042BKSP.html
400017842127,1.72,https://www.webstaurantstore.com/regal-adobo-seasoning-with-pepper-14-oz/102708537.html
400017841823,2.39,https://www.webstaurantstore.com/regal-bay-seafood-blend-12-oz/10207360.html
400017841991,2.63,https://www.webstaurantstore.com/regal-arrowroot-powder-18-oz/10200008.html
400017842349,4.54,https://www.webstaurantstore.com/regal-canadian-steak-seasoning-18-oz/10200025.html
400017841724,1.64,https://www.webstaurantstore.com/regal-coarse-grain-pink-himalayan-salt-1-lb/10207600.html
400017842998,3.97,https://www.webstaurantstore.com/regal-country-sage-breakfast-sausage-seasoning-6-5-oz/10204014.html
400017843094,2.31,https://www.webstaurantstore.com/regal-coastal-catch-seafood-blend-8-oz/10200369.html
400017843544,3.29,https://www.webstaurantstore.com/regal-enchilada-seasoning-7-5-oz/10201340.html
400013600486,6.37,https://www.webstaurantstore.com/regal-delicious-stew-herb-blend-1-lb/10207387.html
400017843483,1.62,https://www.webstaurantstore.com/regal-creole-seasoning-5-5-oz/10204076.html
400017843308,2.09,https://www.webstaurantstore.com/regal-greek-seasoning-3-5-oz/10201260.html
400017843681,2.84,https://www.webstaurantstore.com/regal-garlic-and-pepper-jerky-seasoning-9-oz/10204043.html
400017842332,2.62,https://www.webstaurantstore.com/regal-ground-fennel-seed-10-oz/102708187.html
400015507035,17.99,https://www.webstaurantstore.com/regal-meatloaf-seasoning-3-25-lb/10201294.html
400017843117,3.59,https://www.webstaurantstore.com/regal-ground-anise-12-oz/10207007.html
400017842714,2.58,https://www.webstaurantstore.com/regal-herbs-de-provence-seasoning-2-5-oz/10204033.html
400017843841,3.14,https://www.webstaurantstore.com/regal-meatloaf-seasoning-5-5-oz/10204079.html
400017842684,2.87,https://www.webstaurantstore.com/regal-extra-coarse-grain-pink-himalayan-salt-1-lb/10207602.html
400017843087,3.44,https://www.webstaurantstore.com/regal-ground-marjoram-12-oz/10207077.html
400017843988,3.59,https://www.webstaurantstore.com/regal-hot-english-mustard-seed-12-oz/102708362.html
400017843421,10.39,https://www.webstaurantstore.com/regal-green-peppercorns-10-oz/10207331.html
400017842943,2.39,https://www.webstaurantstore.com/regal-hot-pizza-seasoning-4-5-oz/10200372.html
400017842844,3.51,https://www.webstaurantstore.com/regal-homestyle-pork-rub-seasoning-8-oz/10204007.html
196861036163,198.99,https://www.webstaurantstore.com/19-5-width-portable-smokless-outdoor-firepit-w-cover-bronze/354PC195BRZG.html
400017843032,6.97,https://www.webstaurantstore.com/regal-organic-table-grind-ground-black-pepper-8-oz/10230009.html
400017843230,1.64,https://www.webstaurantstore.com/regal-mild-sweet-italian-sausage-seasoning-6-5-oz/10204024.html
400017842301,3.91,https://www.webstaurantstore.com/regal-medium-grain-pink-himalayan-salt-1-lb/10207598.html
840196326702,291.99,https://www.webstaurantstore.com/flash-furniture-tlh-073h092h4-nv-gg-27-1-2-x-27-1-2-x-39-1-2-outdoor-glass-bar-table-set-with-4-navy-chairs/354TLH24NVGG.html
400017843339,17.59,https://www.webstaurantstore.com/regal-mild-sweet-italian-sausage-seasoning-5-5-lb/10201275.html
400017842752,2.92,https://www.webstaurantstore.com/regal-salt-free-cajun-seasoning-7-oz/10204073.html
400017843674,20.64,https://www.webstaurantstore.com/regal-salt-free-creole-seasoning-3-5-lb/10201292.html
400017843100,3.18,https://www.webstaurantstore.com/regal-original-breakfast-sausage-seasoning-6-5-oz/10204018.html
400017842172,2.27,https://www.webstaurantstore.com/regal-pizza-seasoning-4-oz/10200371.html
196861036194,291.99,https://www.webstaurantstore.com/27-width-portable-smokeless-outdoor-firepit-w-cover-bronze/354FP03PCBRZ.html
196861036170,198.99,https://www.webstaurantstore.com/19-5-width-portable-smokless-outdoor-firepit-w-cover-black/354PC195BKGG.html
041500748825,35.99,https://www.webstaurantstore.com/franks-redhot-1-gallon-ready-to-use-buffalo-sandwich-sauce-case/125998204.html
612230129514,425.99,https://www.webstaurantstore.com/honeywell-miller-revolution-universal-full-body-harness-with-kevlar-nomex-webbing-rkn-qc-ubk/869RKNQCUBK.html
400017843278,3.28,https://www.webstaurantstore.com/regal-organic-garlic-powder-7-oz/10230007.html
612230221577,105.99,https://www.webstaurantstore.com/honeywell-manyard-6-yellow-shock-absorbing-lanyard-with-snap-hook-anchorage-connector-216wls-z7-6ftyl/869216WLSZ76.html
10611247375676,72.99,https://www.webstaurantstore.com/coffee-whole-bean-breakfast-blend-18-oz-6-case-green-mountain-case/110GMWBBFAST.html
400013498366,21.59,https://www.webstaurantstore.com/regal-pumpkin-pie-spice-4-25-lb/10200356.html
041358551240,36.57,https://www.webstaurantstore.com/495-oz-chicken-broth-case/920BB5124.html
196861036200,291.99,https://www.webstaurantstore.com/27-width-portable-smokeless-outdoor-firepit-w-cover-black/354FP03PCBKG.html
889142976028,256.99,https://www.webstaurantstore.com/flash-furniture-xu-t6r60uso-2t-bk-gg-45-x-32-x-15-black-outdoor-2-tier-coffee-table/354XUT2TBKGG.html
889142976011,177.99,https://www.webstaurantstore.com/flash-furniture-xu-t6r60uso-1t-bk-gg-45-x-32-x-15-black-outdoor-coffee-table/354XUT1TBKGG.html
029141118306,75.99,https://www.webstaurantstore.com/j-j-snack-foods-california-churros-5-mini-churro-case/108JJS011830.html
10013000543900,22.49,https://www.webstaurantstore.com/heinz-0-5-oz-assorted-jelly-jam-portion-cups-case/125PCHNZ3900.html
821812014128,7.99,https://www.webstaurantstore.com/honeywell-n-series-adapter-assembly-for-75ffp100-filter-n750035/869N750035.html
400017842929,9.37,https://www.webstaurantstore.com/regal-red-bell-pepper-granules-1-lb/10200127.html
10033552006135,8.99,https://www.webstaurantstore.com/honeywell-red-black-multiple-position-earmuffs-25-db-qm24plus/869QM24PLUS.html
040025520046,11.99,https://www.webstaurantstore.com/honeywell-white-type-1-hard-hat-with-ratchet-adjustment-rws-52004/869RWS52004.html
00883940086798,12.99,https://www.webstaurantstore.com/honeywell-n-series-olive-defender-multi-purpose-cartridge-75scl-pack/86975SCL.html
821812002958,12.99,https://www.webstaurantstore.com/honeywell-n-series-filter-assembly-kit-with-n99-filters-filter-holders-and-filter-covers-7531n99-pack/8697531N99.html
883940107646,22.99,https://www.webstaurantstore.com/honeywell-n-series-magenta-white-acid-gas-formaldehyde-cartridge-with-p100-particulate-filter-7582p100l-pack/8697582P100L.html
819340003110,19.99,https://www.webstaurantstore.com/frutto-ditalia-mediterranean-olive-mix-with-pits-215-225-count-5-lb-2-3-kg-pail/107057988.html
10013000007280,105.29,https://www.webstaurantstore.com/heinz-0-95-oz-dip-squeeze-ketchup-packet-case/125992338.html
400250008458,7.99,https://www.webstaurantstore.com/honeywell-uvex-a900-series-anti-scratch-safety-reader-glasses-black-frame-with-clear-lens-2-50-diopters-a952/869A952.html
400016511260,324.23,https://www.webstaurantstore.com/interlake-mecalux-108-x-36-x-96-blue-orange-bolted-teardrop-pallet-rack-add-on-314963645e108a/39A314910845EA.html
7312550351048,20.99,https://www.webstaurantstore.com/honeywell-vs120-verishield-black-over-the-head-earmuffs-26-db-1035104-vs/8691035104VS.html
729409970942,41.39,https://www.webstaurantstore.com/sauce-sriracha-hf-500-7g-huy-fong/125PCW7G.html
400016511055,435.79,https://www.webstaurantstore.com/interlake-mecalux-108-x-36-x-96-blue-orange-bolted-teardrop-pallet-rack-starter-314963645e108s/39A314963610845ES.html
400016511369,345.6,https://www.webstaurantstore.com/interlake-mecalux-108-x-42-x-120-blue-orange-bolted-teardrop-pallet-rack-add-on-3141204245e108a/39A314104210845EA.html
400016511154,454.73,https://www.webstaurantstore.com/interlake-mecalux-108-x-42-x-120-blue-orange-bolted-teardrop-pallet-rack-starter-3141204245e108s/39A31410410845ES.html
400016511291,448.37,https://www.webstaurantstore.com/interlake-mecalux-144-x-36-x-96-blue-orange-bolted-teardrop-pallet-rack-add-on-314963659e144a/39A31493614459EA.html
400016511338,351.51,https://www.webstaurantstore.com/interlake-mecalux-108-x-48-x-120-blue-orange-bolted-teardrop-pallet-rack-add-on-3141204845e108a/39A3141210845EA.html
400016511123,473.68,https://www.webstaurantstore.com/interlake-mecalux-108-x-48-x-120-blue-orange-bolted-teardrop-pallet-rack-starter-3141204845e108s/39A34810845ES.html
400016511376,491.7,https://www.webstaurantstore.com/interlake-mecalux-144-x-42-x-120-blue-orange-bolted-teardrop-pallet-rack-add-on-3141204259e144a/39A31414214459EA.html
400016511086,553.88,https://www.webstaurantstore.com/interlake-mecalux-144-x-36-x-96-blue-orange-bolted-teardrop-pallet-rack-starter-314963659e144s/39A314963614459ES.html
400016511345,472.03,https://www.webstaurantstore.com/interlake-mecalux-144-x-48-x-120-blue-orange-bolted-teardrop-pallet-rack-add-on-3141204859e144a/39A314814459EA.html
400017031170,813.8,https://www.webstaurantstore.com/interlake-mecalux-144-x-42-x-120-blue-orange-heavy-duty-bolted-teardrop-pallet-rack-starter-with-wire-deck-3141204259e144sw-6-000-lb-individual-shelf-capacity/39A1204259SW.html
400016774955,520.11,https://www.webstaurantstore.com/interlake-mecalux-144-x-48-x-120-blue-orange-heavy-duty-bolted-teardrop-pallet-rack-add-on-3141204865e144a/39A31104865E144A.html
400017031088,663.01,https://www.webstaurantstore.com/interlake-mecalux-144-x-42-x-120-blue-orange-heavy-duty-bolted-teardrop-pallet-rack-add-on-with-wire-deck-3141204259e144aw-6-000-lb-individual-shelf-capacity/39A12042AW.html
400016511161,614.85,https://www.webstaurantstore.com/interlake-mecalux-144-x-42-x-120-blue-orange-bolted-teardrop-pallet-rack-starter-3141204259e144s/39A14204214459ES.html
400016775075,635.72,https://www.webstaurantstore.com/interlake-mecalux-144-x-42-x-120-blue-orange-heavy-duty-bolted-teardrop-pallet-rack-starter-3141204265e144s/39A311204265E144S.html
400016774948,499.31,https://www.webstaurantstore.com/interlake-mecalux-144-x-42-x-120-blue-orange-heavy-duty-bolted-teardrop-pallet-rack-add-on-3141204265e144a/39A31124265E144A.html
400016511130,614.84,https://www.webstaurantstore.com/interlake-mecalux-144-x-48-x-120-blue-orange-bolted-teardrop-pallet-rack-starter-3141204859e144s/39A31412014459ES.html
00032394800904,58.39,https://www.webstaurantstore.com/kontos-bulk-dried-kataifi-5-lb/876KON80090.html
879501000785,14.99,https://www.webstaurantstore.com/lift-safety-fusion-safety-glasses-clear-with-mirror-lens-efu-21clm/466EFU21CLM.html
400017031125,453.31,https://www.webstaurantstore.com/interlake-mecalux-96-x-42-x-120-blue-orange-heavy-duty-bolted-teardrop-pallet-rack-add-on-with-wire-deck-3141204240e96aw-5-370-lb-individual-shelf-capacity/39A1204240AW.html
400016511147,427.45,https://www.webstaurantstore.com/interlake-mecalux-96-x-42-x-120-blue-orange-bolted-teardrop-pallet-rack-starter-3141204240e96s/39A314120440ES.html
15410126656906,94.04,https://www.webstaurantstore.com/lotus-biscoff-creamy-cookie-butter-spread-pail-17-64-lb/125BISCPAIL.html
400016775082,635.73,https://www.webstaurantstore.com/interlake-mecalux-144-x-48-x-120-blue-orange-heavy-duty-bolted-teardrop-pallet-rack-starter-3141204865e144s/39A341204865E144S.html
400016511321,315.58,https://www.webstaurantstore.com/interlake-mecalux-96-x-48-x-120-blue-orange-bolted-teardrop-pallet-rack-add-on-3141204840e96a/39A31412089640EA.html
400017031149,275.11,https://www.webstaurantstore.com/interlake-mecalux-48-x-42-x-120-blue-orange-heavy-duty-bolted-teardrop-pallet-rack-add-on-with-wire-deck-3141204227e48aw-2-700-lb-individual-shelf-capacity/39A120448AW.html
680576353368,9.99,https://www.webstaurantstore.com/lift-safety-briggs-hi-viz-yellow-4-point-ratchet-suspension-full-brim-hard-hat-hbfe-20hv/466HBFE20HV.html
023535540100,113.04,https://www.webstaurantstore.com/lorann-oils-16-oz-all-natural-ginger-super-strength-flavor/104LOR100540.html
00667978043097,51.49,https://www.webstaurantstore.com/kettle-cuisine-cheddar-broccoli-soup-4-lb-case/878KTC700256.html
879501009269,9.99,https://www.webstaurantstore.com/lift-safety-briggs-gray-4-point-ratchet-suspension-full-brim-hard-hat-hbfe-7y/466HBFE7Y.html
10037597506605,93.99,https://www.webstaurantstore.com/island-oasis-hurricane-frozen-beverage-mix-32-oz-case/103STE513293.html
400016775143,472.03,https://www.webstaurantstore.com/interlake-mecalux-96-x-42-x-120-blue-orange-heavyduty-bolted-teardrop-pallet-rack-starter-3141204250e96s-6820-lb-individual-shelf-capacity/39A141204250E96S.html
400016774986,349.69,https://www.webstaurantstore.com/interlake-mecalux-96-x-48-x-120-blue-orange-heavy-duty-bolted-teardrop-pallet-rack-add-on-3141204850e96a/39A34104850E96A.html
400017488165,15597,https://www.webstaurantstore.com/jaccard-va2000nsf-530t-13-stainless-steel-automatic-multi-purpose-slicer-stacker-depositor-120v/58BVA2000NSF.html
10045796020617,103.99,https://www.webstaurantstore.com/lyons-fountain-supreme-chocolate-syrup-18-fl-oz-case/711LMFSCHOC.html
10021788506284,35.99,https://www.webstaurantstore.com/lotus-biscoff-1count-individually-wrapped-cookie-sleeve-case/711BISCOFF1P.html
400016511024,395.16,https://www.webstaurantstore.com/interlake-mecalux-96-x-36-x-96-blue-orange-bolted-teardrop-pallet-rack-starter-314963640e96s/39A3149639640ES.html
400017488172,24997,https://www.webstaurantstore.com/jaccard-va4000at-530t-13-stainless-steel-automatic-multi-purpose-slicer-stacker-depositor-with-output-conveyor-and-stand-120v/58BVA4000AT.html
023535235082,48.87,https://www.webstaurantstore.com/lorann-oils-4-oz-all-natural-oregano-super-strength-flavor/104LOR082350.html
400016511352,309.21,https://www.webstaurantstore.com/interlake-mecalux-96-x-42-x-120-blue-orange-bolted-teardrop-pallet-rack-add-on-3141204240e96a/39A3140429640EA.html
400017031231,413.53,https://www.webstaurantstore.com/interlake-mecalux-48-x-42-x-120-blue-orange-heavy-duty-bolted-teardrop-pallet-rack-starter-with-wire-deck-3141204227e48sw-2-700-lb-individual-shelf-capacity/39A1204227SW.html
235359967852,135.99,https://www.webstaurantstore.com/lorann-oils-16-oz-all-natural-hot-cinnamon-super-strength-flavor/104LOR100332.html
00878530002067,73.99,https://www.webstaurantstore.com/lecoq-cuisine-ready-to-bake-spinach-and-ricotta-croissant-3-oz-case/108BRIRSPRCL45.html
10850013549204,245.24,https://www.webstaurantstore.com/jade-leaf-organic-sweetened-matcha-latte-mix-2-2-lb-1kg-case/110JLLTMIXBCS.html
400016775037,345.6,https://www.webstaurantstore.com/interlake-mecalux-96-x-42-x-120-blue-orange-heavy-duty-bolted-teardrop-pallet-rack-add-on-3141204250e96a/39A31404250E96A.html
879501007395,14.99,https://www.webstaurantstore.com/lift-safety-switch-safety-glasses-matte-black-with-red-revo-lens-esh-15mkrr/466ESH15MKRR.html
00041271008265,29.99,https://www.webstaurantstore.com/international-delight-half-and-half-single-serve-cups-case/110IDHALF384.html
400017615202,161.99,https://www.webstaurantstore.com/lavazza-super-crema-whole-bean-espresso-2-2-lb-case/110LVECRMAWKT.html
235350401058,44.19,https://www.webstaurantstore.com/lorann-oils-16-oz-cran-raspberry-super-strength-flavor/104LOR100040.html
400017031200,548.54,https://www.webstaurantstore.com/interlake-mecalux-96-x-42-x-120-blue-orange-heavy-duty-bolted-teardrop-pallet-rack-starter-with-wire-deck-3141204240e96sw-5-370-lb-individual-shelf-capacity/39A1204240SW.html
400016775044,501.17,https://www.webstaurantstore.com/interlake-mecalux-96-x-48-x-120-blue-orange-heavy-duty-bolted-teardrop-pallet-rack-starter-3141204850e96s/39A31104850E96S.html
10628190007448,34.99,https://www.webstaurantstore.com/noroi-esprit-de-mexico-non-alcoholic-tequila-750-ml/115NOROITEQU.html
235357001084,44.19,https://www.webstaurantstore.com/lorann-oils-16-oz-nutty-amaretto-super-strength-flavor/104LOR100700.html
400016511116,450,https://www.webstaurantstore.com/interlake-mecalux-96-x-48-x-120-blue-orange-bolted-teardrop-pallet-rack-starter-3141204840e96s/39A34120489640ES.html
235359968392,15.29,https://www.webstaurantstore.com/lorann-oils-4-oz-cucumber-serrano-super-strength-flavor/104LOR080312.html
10026700193313,56.69,https://www.webstaurantstore.com/louana-1-gallon-classic-blend-popping-oil-case/101LOU20234.html
719098587002,15.74,https://www.webstaurantstore.com/no-salt-flavor-sprinkles-seasoning-portion-packet-case/125PCNOSALT.html
10867508000119,26.09,https://www.webstaurantstore.com/mountain-cider-company-64-fl-oz-100-natural-spiced-apple-cider-concentrate/110MTCIDER64.html
737311083148,44.62,https://www.webstaurantstore.com/mission-3-oz-portion-pack-yellow-round-nacho-chips-case/11310831.html
10628190007417,34.99,https://www.webstaurantstore.com/noroi-esprit-des-caraibes-non-alcoholic-rum-750-ml/115NOROIRUM.html
50000211081,17.09,https://www.webstaurantstore.com/nestle-coffee-mate-0-375-oz-italian-sweet-creme-single-serve-liquid-creamer-case/125PCITSWCRM.html
025638400121,85.59,https://www.webstaurantstore.com/nielsen-massey-indonesian-vanilla-extract-32-oz/104NM40012.html
888313971107,58.94,https://www.webstaurantstore.com/nathans-famous-6-6-1-beef-franks-case/871NAT397108.html
10628190007431,34.99,https://www.webstaurantstore.com/noroi-esprit-du-tennessee-non-alcoholic-whiskey-750-ml/115NOROIWHSK.html
041443116828,58.99,https://www.webstaurantstore.com/peanut-patch-cajun-boiled-peanuts-10-can-case/107PP11682.html
10009800870131,42.74,https://www.webstaurantstore.com/nutella-hazelnut-spread-88-oz-mini-glass-jar-case/125PCNUTELJR.html
10031200006995,18.49,https://www.webstaurantstore.com/ocean-spray-diet-cranberry-juice-cocktail-cups-4-fl-oz-case/103OSJCDTCRN.html
400017842974,1.94,https://www.webstaurantstore.com/regal-salt-free-italian-seasoning-3-5-oz/10204054.html
011167031103,30.49,https://www.webstaurantstore.com/roses-dryden-and-palmer-white-unwrapped-rock-candy-swizzle-stick-case/110SWIZWHTU.html
400017841878,3.22,https://www.webstaurantstore.com/regal-smoky-chipotle-dry-seasoning-rub-8-oz/10201333.html
400017842882,4.23,https://www.webstaurantstore.com/regal-spicy-chai-seasoning-6-oz/10204004.html
400017843636,3.22,https://www.webstaurantstore.com/regal-sweet-and-spicy-jerky-seasoning-9-oz/10204040.html
400017843827,19.12,https://www.webstaurantstore.com/regal-southwestern-blend-10-lb/10207383.html
544000042054,40.94,https://www.webstaurantstore.com/regina-red-wine-vinegar-1-gallon-case/125REG0420.html
10818411000826,45.49,https://www.webstaurantstore.com/sambazon-organic-mango-amp-acai-smoothie-cubes-20-oz-case/877SAM000826.html
653341938091,43.77,https://www.webstaurantstore.com/roxy-rich-25-gram-royal-blue-sparkle-dust/725RRS25005.html
653341920393,41.22,https://www.webstaurantstore.com/roxy-rich-25-gram-teal-blue-lustre-dust/725RRL25008.html
00049800007260,45.19,https://www.webstaurantstore.com/richs-yeast-risen-mini-donut-ring-1-oz-case/108RICH00726.html
653341918697,6.62,https://www.webstaurantstore.com/roxy-rich-2-5-gram-golden-bronze-lustre-dust/725RRL2051.html
653341934093,6.45,https://www.webstaurantstore.com/roxy-rich-2-5-gram-red-flambe-sparkle-dust/725RRS2025.html
400017843773,10.79,https://www.webstaurantstore.com/regal-spanish-natural-flower-of-salt-fleur-de-sel-1-lb/10207588.html
400017843520,3.44,https://www.webstaurantstore.com/regal-spicy-chipotle-wing-rub-8-oz/10201337.html
00049800637849,69.99,https://www.webstaurantstore.com/richs-allen-uniced-round-sponge-cake-8-case/108RICH63784.html
400017843582,16.39,https://www.webstaurantstore.com/regal-vegetable-seasoning-4-lb/10201301.html
857158006794,85.19,https://www.webstaurantstore.com/runamok-bourbon-barrel-aged-maple-syrup-1-gallon/104BRGAL.html
653341924797,41.22,https://www.webstaurantstore.com/roxy-rich-25-gram-copper-lustre-dust/725RRL25052.html
653341931894,6.45,https://www.webstaurantstore.com/roxy-rich-2-5-gram-almond-sparkle-dust/725RRS2003.html
752830618015,6.45,https://www.webstaurantstore.com/roxy-rich-2-5-gram-tender-rose-gold-sparkle-dust/725RRS2053.html
653341935199,6.45,https://www.webstaurantstore.com/roxy-rich-2-5-gram-khaki-green-sparkle-dust/725RRS2036.html
653341938398,43.77,https://www.webstaurantstore.com/roxy-rich-25-gram-teal-blue-sparkle-dust/725RRS25008.html
653341964397,6.2,https://www.webstaurantstore.com/roxy-rich-4-gram-copper-flesh-fondust-hybrid-food-color/725RRF4033.html
752830614215,7.98,https://www.webstaurantstore.com/roxy-rich-4-gram-wedgewood-fondust-hybrid-food-color/725RRF4052.html
400017842554,2.09,https://www.webstaurantstore.com/regal-spaghetti-seasoning-3-5-oz/10201343.html
653341917195,6.62,https://www.webstaurantstore.com/roxy-rich-2-5-gram-khaki-green-lustre-dust/725RRL2036.html
653341964496,7.05,https://www.webstaurantstore.com/roxy-rich-4-gram-tuscan-brown-fondust-hybrid-food-color/725RRF4034.html
653341917492,6.62,https://www.webstaurantstore.com/roxy-rich-2-5-gram-green-gold-lustre-dust/725RRL2039.html
653341933997,6.45,https://www.webstaurantstore.com/roxy-rich-2-5-gram-burgundy-sparkle-dust/725RRS2024.html
653341932594,6.45,https://www.webstaurantstore.com/roxy-rich-2-5-gram-bronze-sparkle-dust/725RRS2010.html
400017647739,38.49,https://www.webstaurantstore.com/seviroli-vertullo-cannoli-cream-filling-1-5-lb-case/108SEV02441.html
400013682666,41.22,https://www.webstaurantstore.com/roxy-rich-25-gram-intense-rose-gold-lustre-dust/725RRL25056.html
0100884983613583,299.24,https://www.webstaurantstore.com/semi-sweet-1m-chocolate-chips-50-lb/409CL51038.html
400017842905,2.09,https://www.webstaurantstore.com/regal-vegetable-seasoning-4-5-oz/10201265.html
023000352450,45.49,https://www.webstaurantstore.com/silver-floss-10-can-sauerkraut-case/107991654.html
653341914194,6.62,https://www.webstaurantstore.com/roxy-rich-2-5-gram-night-blue-lustre-dust/725RRL2006.html
653341964298,6.2,https://www.webstaurantstore.com/roxy-rich-4-gram-neon-green-fondust-hybrid-food-color/725RRF4032.html
20078737213745,89.99,https://www.webstaurantstore.com/santandrea-nexus-by-1880-hospitality-w6052344330-7-7-8-x-6-1-4-rectangular-bright-white-embossed-porcelain-platter-case/356N2344330.html
0100884983510394,329.99,https://www.webstaurantstore.com/semi-sweet-4m-chocolate-chips-50-lb/409CL51039.html
074847712228,33.99,https://www.webstaurantstore.com/seviroli-10-lb-frozen-meat-tortellini-pasta/112SEV71222.html
10810016690365,6.54,https://www.webstaurantstore.com/satin-ice-chocopan-1-lb-yellow-covering-chocolate/725S11036.html
026282600127,404.99,https://www.webstaurantstore.com/shop-vac-9627806-16-gallon-6-0-peak-hp-carted-stainless-steel-wet-dry-vacuum-with-tool-kit/1729627806.html
10810016690181,6.54,https://www.webstaurantstore.com/satin-ice-chocopan-1-lb-green-covering-chocolate/725S11018.html
20749956106308,52.49,https://www.webstaurantstore.com/santandrea-nexus-by-1880-hospitality-w6052344359-11-3-8-x-6-7-8-rectangular-bright-white-embossed-porcelain-platter-case/356N2344359.html
400017638355,30.99,https://www.webstaurantstore.com/seviroli-vertullo-potato-gnocchi-5-lb-case/112SEV02131.html
739478005261,42.76,https://www.webstaurantstore.com/silver-skillet-550cm-50-oz-cream-of-mushroom-soup-case/920550JM.html
400017670478,45.49,https://www.webstaurantstore.com/sambazon-organic-mixed-berries-amp-acai-smoothie-cubes-20-oz-case/877SAM000819.html
026282600097,214.99,https://www.webstaurantstore.com/shop-vac-9627306-18-gallon-6-5-peak-hp-polyethylene-wet-dry-vacuum-with-tool-kit/1729627306.html
8414933006503,34.19,https://www.webstaurantstore.com/rose-petals-red-freeze-dried-sosa-5g/725SROSEFD.html
707282214124,129.99,https://www.webstaurantstore.com/8-x-5-3-8-x-12-13-32-window-bakery-box-with-lamb-design-bundle/2458512WBEAS.html
707282214100,119.99,https://www.webstaurantstore.com/7-1-2-x-5-x-10-window-bakery-box-with-easter-design-bundle/2457510WBEAS.html
0305190356686,90.99,https://www.webstaurantstore.com/speco-technologies-5mp-2-8-mm-fixed-lens-ip-bullet-camera-with-advanced-analytics-o5b1g/783O5B1G.html
0305190356754,108.99,https://www.webstaurantstore.com/speco-technologies-5mp-2-8-mm-fixed-lens-ip-dome-camera-with-advanced-analytics-o5d1g/783O5D1G.html
3178530415759,71.99,https://www.webstaurantstore.com/madeleine-butter-1-6oz-70-case-st-michel-41575-cs/108OFT41575.html
3178530417517,71.99,https://www.webstaurantstore.com/madeleine-choc-marble-1-6oz-70-case-st-michel-41751-cs/108OFT41751.html
3178530417500,71.99,https://www.webstaurantstore.com/madeleine-creme-brulee-1-6oz-70-case-st-michel-41750-cs/108OFT41750.html
3178530416053,71.99,https://www.webstaurantstore.com/madeleine-citrus-1-6oz-70-case-st-michel-41605-cs/108OFT41605.html
10077652321026,30.17,https://www.webstaurantstore.com/stash-double-spice-chai-latte-black-tea-concentrate-32-fl-oz-case/711STCONCHAI.html
191314038718,304.72,https://www.webstaurantstore.com/dried-fruit-garnish-dragon-fruit-400-pieces-case-the-cocktail-garnish-case/115FTCGBDGFB.html
30076366539004,59.99,https://www.webstaurantstore.com/the-original-chili-bowl-homestyle-chili-5-lb-case/878AJI48392.html
751884912612,54.99,https://www.webstaurantstore.com/stratas-buckeye-flex-bakers-margarine-shortening-50-lb/101SHT105468.html
848025010204,159,https://www.webstaurantstore.com/xpower-f-18b-battery-powered-ulv-cold-fogger-with-1-2-liter-3-gallon-tank-115v/800F18B.html
00860009646537,52.14,https://www.webstaurantstore.com/yo-egg-plant-based-sunny-side-up-egg-1-94-oz-case/873YOESSUFSU.html
850073222096,566.1,https://www.webstaurantstore.com/vor-pistachio-cream-pail-40-lb/125PC40.html
10868070000477,29.32,https://www.webstaurantstore.com/thaiwala-brown-sugar-tea-latte-1-1-concentrate-32-fl-oz-case/711TWBRNSGR.html
848025053614,1799,https://www.webstaurantstore.com/xpower-xd165l-165-pint-commercial-lgr-dehumidifier-with-automatic-purge-pump-and-drainage-hose/800XD165L.html
848025061022,249,https://www.webstaurantstore.com/xpower-x-600a-green-3-speed-air-mover-with-gfci-power-outlets-1-3-hp/800X600AGN.html
848025011041,119,https://www.webstaurantstore.com/xpower-portable-3-speed-indoor-outdoor-cooling-misting-fan-air-circulator-1000cfm-115v-fm-68/800FM68.html
400014144125,99,https://www.webstaurantstore.com/xpower-f-16b-battery-operated-ulv-cold-fogger-40-4-fl-oz-115v/800F16B.html
20853437002697,50.49,https://www.webstaurantstore.com/tucson-foods-green-chile-and-cheese-tamale-5-oz-case/878TUC10224213.html
00860009646520,58.09,https://www.webstaurantstore.com/yo-egg-plant-based-poached-egg-1-76-oz-case/873YOEPOFSUS.html
848025039052,39,https://www.webstaurantstore.com/xpower-a-2-airrow-pro-black-multipurpose-electric-duster-and-blower-4-5a-115v/800A2BK.html
848025051320,799,https://www.webstaurantstore.com/xpower-x-3780-professional-4-stage-filtration-hepa-purifier-system-negative-air-machine-airborne-air-cleaner-and-air-scrubber/800X3780.html
400014104402,36.99,https://www.webstaurantstore.com/choice-hd-12-oz-heavy-weight-clear-pet-plastic-cold-cup-case/500CC12HD.html
10739478003011,80.74,https://www.webstaurantstore.com/vanee-390gf-10-can-chili-with-beans-case/920390GF.html
848025050095,999,https://www.webstaurantstore.com/xpower-xd-85l2-red-145-pint-commercial-dehumidifier-with-automatic-purge-pump-drainage-hose-storage-compartment-and-wheels/800XD85L2RD.html
400016207491,111.2,https://www.webstaurantstore.com/4-oz-white-thick-wall-plastic-customizable-jar-case/500GPJTW04W.html
848025051313,599,https://www.webstaurantstore.com/xpower-x-2480a-red-professional-3-stage-5-speed-hepa-mini-air-scrubber-with-gfci-power-outlets-1-2-hp/800X2480ARD.html
848025051245,599,https://www.webstaurantstore.com/xpower-x-2480a-green-professional-3-stage-5-speed-hepa-mini-air-scrubber-with-gfci-power-outlets-1-2-hp/800X2480AGN.html
10877245007234,94.04,https://www.webstaurantstore.com/trail-mix-with-peanuts-raisins-and-mms-milk-chocolate-candies-5-lb-case/113MIXTRAIL.html
00041165277425,249.99,https://www.webstaurantstore.com/bare-by-solo-rtn20bare-eco-forward-20-oz-rpet-straight-wall-cold-cup-case/760RTN20BARE.html
716252153158,31.02,https://www.webstaurantstore.com/yum-crumbs-rainbow-fruit-crumb-topping-4-lb/100RNBW4.html
848025061008,249,https://www.webstaurantstore.com/xpower-x-600a-red-3-speed-air-mover-with-gfci-power-outlets-1-3-hp/800X600ARD.html
10071079120057,43.64,https://www.webstaurantstore.com/carnival-king-110-oz-cheddar-cheese-sauce-bag-case/382CDCHEDR.html
848025011003,119,https://www.webstaurantstore.com/xpower-fm-48-portable-3-speed-outdoor-cooling-misting-fan-with-sealed-motor/800FM48.html
400014286627,16.99,https://www.webstaurantstore.com/choice-wide-mouth-lid-and-bands-for-canning-mason-jars-pack/407WMCLB.html
10860007779777,179.99,https://www.webstaurantstore.com/tractor-beverage-co-peach-beverage-8-5-1-concentrate-32-fl-oz-case/103TRCNPEACH.html
400014286641,9.99,https://www.webstaurantstore.com/choice-wide-mouth-lid-for-canning-mason-jars-pack/407WMCL.html
10076114720339,24.29,https://www.webstaurantstore.com/autumn-sprinkles-10-lb/711SPRNKLFLL.html
60619211440462,15.99,https://www.webstaurantstore.com/regal-20-lb-rotini-pasta/112ROTINI20.html
400014104426,29.99,https://www.webstaurantstore.com/choice-hd-20-oz-heavy-weight-clear-pet-plastic-cold-cup-case/500CC20HD.html
60619211440578,13.99,https://www.webstaurantstore.com/regal-20-lb-ziti-pasta/112ZITI20.html
400014286610,12.49,https://www.webstaurantstore.com/choice-regular-mouth-lid-and-bands-for-canning-mason-jars-pack/407REGCLB.html
400011806781,128.24,https://www.webstaurantstore.com/carnival-king-caramel-dip-10-can-case/382DIPCRML.html
400014104419,39.99,https://www.webstaurantstore.com/choice-hd-16-oz-heavy-weight-clear-pet-plastic-cold-cup-case/500CC16HD.html
6948478300014,62.99,https://www.webstaurantstore.com/ecochoice-12-1-2-x-8-1-2-compostable-sugarcane-bagasse-6-compartment-tray-case/395TRAY6.html
400014286634,7.99,https://www.webstaurantstore.com/choice-regular-mouth-lid-for-canning-mason-jars-pack/407REGCL.html
400014104433,34.99,https://www.webstaurantstore.com/choice-hd-24-oz-heavy-weight-clear-pet-plastic-cold-cup-case/500CC24HD.html
400013845894,53.99,https://www.webstaurantstore.com/ecochoice-8-oz-tall-white-compostable-plant-fiber-hot-cup-lid-case/395L8BGS.html
400012320194,27.99,https://www.webstaurantstore.com/ecochoice-biodegradable-compostable-sugarcane-bagasse-12-oz-square-bowl-case/395SB12.html
400013946034,251.99,https://www.webstaurantstore.com/lancaster-table-seating-24-x-32-silver-powder-coated-aluminum-dining-height-outdoor-table-with-umbrella-hole-and-2-arm-chairs/4272432DUA2S.html
400014097988,799,https://www.webstaurantstore.com/estella-caffe-ecsb-1-automatic-single-shuttle-coffee-maker-with-digital-display-120v/236ECSB1.html
400013946331,368.99,https://www.webstaurantstore.com/lancaster-table-seating-32-x-32-silver-powder-coated-aluminum-dining-height-outdoor-table-with-umbrella-hole-and-4-side-chairs/4273232DUS4S.html
400013946270,233.99,https://www.webstaurantstore.com/lancaster-table-seating-24-x-32-silver-powder-coated-aluminum-dining-height-outdoor-table-with-umbrella-hole-and-2-side-chairs/4272432DUS2S.html
400013946096,399.99,https://www.webstaurantstore.com/lancaster-table-seating-32-x-32-silver-powder-coated-aluminum-dining-height-outdoor-table-with-umbrella-hole-and-4-arm-chairs/4273232DUA4S.html
400013946157,436.99,https://www.webstaurantstore.com/lancaster-table-seating-32-x-48-silver-powder-coated-aluminum-dining-height-outdoor-table-with-umbrella-hole-and-4-arm-chairs/4273248DUA4S.html
400013946393,399.99,https://www.webstaurantstore.com/lancaster-table-seating-32-x-48-silver-powder-coated-aluminum-dining-height-outdoor-table-with-umbrella-hole-and-4-side-chairs/4273248DUS4S.html
400013945976,436.99,https://www.webstaurantstore.com/lancaster-table-seating-32-x-32-silver-powder-coated-aluminum-bar-height-outdoor-table-with-umbrella-hole-and-4-barstools/4273232TBU4S.html
400015155434,584.99,https://www.webstaurantstore.com/lancaster-table-seating-32-x-60-silver-powder-coated-aluminum-dining-height-outdoor-table-with-umbrella-hole-and-6-side-chairs/4273260DUS6S.html
400011764005,33.99,https://www.webstaurantstore.com/ecochoice-8-x-8-x-3-biodegradable-compostable-sugarcane-bagasse-3-compartment-takeout-box-case/395TO883.html
400015155311,490.99,https://www.webstaurantstore.com/lancaster-table-seating-32-x-60-silver-powder-coated-aluminum-dining-height-outdoor-table-with-umbrella-hole-and-4-arm-chairs/4273260DUA4S.html
400013747990,69.99,https://www.webstaurantstore.com/lancaster-table-seating-blue-powder-coated-aluminum-outdoor-arm-chair/427CALUARMBL.html
400015155373,458.99,https://www.webstaurantstore.com/lancaster-table-seating-32-x-60-silver-powder-coated-aluminum-dining-height-outdoor-table-with-umbrella-hole-and-4-side-chairs/4273260DUS4S.html
400013748089,74.99,https://www.webstaurantstore.com/lancaster-table-seating-matte-gray-powder-coated-aluminum-outdoor-barstool/427BALUSDGY.html
400013946218,436.99,https://www.webstaurantstore.com/lancaster-table-seating-36-x-36-silver-powder-coated-aluminum-dining-height-outdoor-table-with-umbrella-hole-and-4-arm-chairs/4273636DUA4S.html
400015455183,69.99,https://www.webstaurantstore.com/lancaster-table-seating-orange-powder-coated-aluminum-outdoor-arm-chair/427CALUARMOR.html
400015455091,64.99,https://www.webstaurantstore.com/lancaster-table-seating-sea-foam-powder-coated-aluminum-outdoor-arm-chair/427CALUARMSF.html
400013946454,399.99,https://www.webstaurantstore.com/lancaster-table-seating-36-x-36-silver-powder-coated-aluminum-dining-height-outdoor-table-with-umbrella-hole-and-4-side-chairs/4273636DUS4S.html
400014232822,44.99,https://www.webstaurantstore.com/lancaster-table-seating-alloy-series-distressed-blue-metal-indoor-outdoor-industrial-cafe-arm-chair/164CMARMBLD.html
400013748041,59.99,https://www.webstaurantstore.com/lancaster-table-seating-silver-powder-coated-aluminum-outdoor-arm-chair/427CALUARMSL.html
400014065666,151.99,https://www.webstaurantstore.com/lavex-janitorial-2-speed-compact-air-mover-with-gfci-power-outlets-1-3-hp/761LAVAM33.html
400014065727,189.99,https://www.webstaurantstore.com/lavex-janitorial-2-speed-industrial-axial-fan-with-gfci-power-outlets-1-2-hp/761LAV50AX.html
400013748164,64.99,https://www.webstaurantstore.com/lancaster-table-seating-silver-powder-coated-aluminum-outdoor-side-chair/427CALUSDSL.html
400017842196,2.02,https://www.webstaurantstore.com/regal-adobo-seasoning-without-pepper-16-oz/102708538.html
400017841694,4.79,https://www.webstaurantstore.com/regal-annatto-seed-16-oz/102708338.html
400017842264,6.01,https://www.webstaurantstore.com/regal-mediterranean-herb-blend-16-oz/10207326.html
767301142074,32.25,https://www.webstaurantstore.com/10-can-sliced-pears-in-light-syrup-case/107703082.html
400017842189,2.54,https://www.webstaurantstore.com/regal-onion-salt-16-oz/10207347.html
400017842134,3.49,https://www.webstaurantstore.com/regal-prairie-style-buffalo-wing-seasoning-16-oz/10207566.html
071270304822,52.75,https://www.webstaurantstore.com/regal-foods-10-can-sliced-peaches-in-light-syrup-case/107775825.html
400017843131,1.35,https://www.webstaurantstore.com/regal-crushed-spearmint-3-5-oz/10207144.html
400017841960,2.24,https://www.webstaurantstore.com/regal-anise-seeds-7-oz/10207005.html
400017842042,2.88,https://www.webstaurantstore.com/regal-big-flavor-bbq-seasoning-12-oz/10207302.html
400017841663,1.6,https://www.webstaurantstore.com/regal-marjoram-leaves-2-oz/10207075.html
400017842479,2.24,https://www.webstaurantstore.com/regal-pennsylvania-pork-twang-10-oz/10207380.html
400017841601,1.81,https://www.webstaurantstore.com/regal-ground-coriander-8-oz/10207043.html
848363025786,147.99,https://www.webstaurantstore.com/california-umbrella-gspt-758-pacifica-pacific-trail-7-1-2-crank-lift-umbrella-with-1-1-2-stone-black-aluminum-pole/222PT758PSBE.html
400013756930,25.49,https://www.webstaurantstore.com/gold-visions-7-1-4-classic-heavy-weight-rose-gold-plastic-fork-case/130RGFRK400C.html
400017842448,2.02,https://www.webstaurantstore.com/regal-upper-bay-crab-mix-16-oz/10207319.html
10070114001900,36.39,https://www.webstaurantstore.com/10-can-tropical-fruit-salad-case/10707831.html
848363016654,102.99,https://www.webstaurantstore.com/california-umbrella-cfmt172-203-75-lb-black-umbrella-base/222CFMT172BK.html
848363025335,147.99,https://www.webstaurantstore.com/california-umbrella-gspt-758-pacifica-pacific-trail-7-1-2-crank-lift-umbrella-with-1-1-2-bronze-aluminum-pole/222PT758PBBE.html
00041165223361,89.99,https://www.webstaurantstore.com/solo-kh16a-86926-hearty-soup-print-16-oz-double-wall-poly-paper-soup-hot-food-cup-with-vented-paper-lid-250-case/760KH16SOUPCOMBO.html
400017841465,2.17,https://www.webstaurantstore.com/regal-seasoned-salt-16-oz/10207363.html
400013756947,25.49,https://www.webstaurantstore.com/visions-7-3-4-classic-heavy-weight-rose-gold-plastic-knife-case/130RGKNF400C.html
400013753625,41.99,https://www.webstaurantstore.com/gold-visions-8-square-white-plastic-plate-with-rose-gold-bands-case/347SPBD8WHRG.html
400013753496,40.99,https://www.webstaurantstore.com/gold-visions-12-oz-white-plastic-bowl-with-rose-gold-bands-case/347RBBD12WHR.html
848363046446,147.99,https://www.webstaurantstore.com/california-umbrella-gspt-758-pacifica-pacific-trail-7-1-2-crank-lift-umbrella-with-1-1-2-matte-white-aluminum-pole/222PT758PWBE.html
848363008369,161.99,https://www.webstaurantstore.com/california-umbrella-gspt-908-pacifica-pacific-trail-9-crank-lift-umbrella-with-1-1-2-stone-black-aluminum-pole/222PT908PSBE.html
848363002336,173.99,https://www.webstaurantstore.com/california-umbrella-alto-908-olefin-venture-9-round-push-lift-umbrella-with-1-1-2-matte-white-aluminum-pole-olefin-canopy/222TO908OWBE.html
848363013912,77.99,https://www.webstaurantstore.com/california-umbrella-cfmt160-117-50-lb-bronze-umbrella-base/222CFMT160BZ.html
400017842509,2.77,https://www.webstaurantstore.com/regal-salad-seasoning-12-oz/10207357.html
400013756954,25.49,https://www.webstaurantstore.com/gold-visions-6-3-4-classic-heavy-weight-rose-gold-plastic-spoon-case/130RGSPN400C.html
400013906427,39.99,https://www.webstaurantstore.com/gold-visions-9-oz-clear-plastic-stemless-champagne-flute-case/347SLCF9RG.html
10619211665587,30.87,https://www.webstaurantstore.com/10-can-60-80-count-medium-whole-white-potatoes-case/10703408.html
400017842608,2.44,https://www.webstaurantstore.com/regal-southwestern-blend-16-oz/10207382.html
194061513200,173.99,https://www.webstaurantstore.com/california-umbrella-venture-series-9-antique-beige-push-lift-umbrella-with-1-1-2-american-oak-aluminum-pole-olefin-canopy/222ALTO9OLAB.html
10619211880157,44.17,https://www.webstaurantstore.com/10-can-peach-halves-in-light-syrup-case/107775828.html
400013753441,26.49,https://www.webstaurantstore.com/gold-visions-6-white-plastic-plate-with-rose-gold-lattice-design-case/347RP6WHRGD.html
10619211560257,25.64,https://www.webstaurantstore.com/diced-carrots-10-can-case/106700160.html
400017842233,6.29,https://www.webstaurantstore.com/regal-sazon-16-oz/10207454.html
400013753410,40.99,https://www.webstaurantstore.com/gold-visions-12-oz-white-plastic-bowl-with-rose-gold-lattice-design-case/347RB12WHRGD.html
752674816042,48.92,https://www.webstaurantstore.com/carriage-house-grape-jelly-10-can-case/12581604.html
400013872753,173.99,https://www.webstaurantstore.com/california-umbrella-alto-908-olefin-venture-9-push-lift-umbrella-with-1-1-2-black-aluminum-pole-olefin-canopy/222TO908BOAB.html
848363008826,149.99,https://www.webstaurantstore.com/california-umbrella-mare-908-olefin-grove-9-round-push-lift-umbrella-with-1-1-2-hardwood-pole-olefin-canopy/222RE908OBE.html
400017842219,3.63,https://www.webstaurantstore.com/regal-sweet-meat-rib-rub-16-oz/10207486.html
400013753472,36.49,https://www.webstaurantstore.com/gold-visions-9-white-plastic-plate-with-rose-gold-lattice-design-case/347RP9WHRGD.html
10619211881246,41.32,https://www.webstaurantstore.com/10-can-pear-halves-in-light-syrup-case/107PEARHALF.html
10076114720315,17.99,https://www.webstaurantstore.com/red-white-and-blue-sprinkles-ice-cream-topping-10-lb/711SPRNKLRWB.html
400016471779,2789.1,https://www.webstaurantstore.com/regency-48-stainless-steel-mop-sink-cabinet-with-mat-holders-38-x-16-x-6/600SMC48DDM.html
