API URLs,Original URLs
https://www.michaels.com/api/product/v2/sub-skus?source=pdpPage&orginSkuNumber=10514318&michaelsStoreId=9055&isNewUIMkpMik=false&skuNumbers=10514318,https://www.michaels.com/product/tombow-primary-palette-dual-brush-pen-set-10514318?michaelsStore=5804&inv=7
https://www.michaels.com/api/product/v2/sub-skus?source=pdpPage&orginSkuNumber=D615411S&michaelsStoreId=9055&isNewUIMkpMik=false&skuNumbers=D615411S,https://www.michaels.com/product/manuscript-black-lettering-pencil-set--D615411S
https://www.michaels.com/api/product/v2/sub-skus?source=pdpPage&orginSkuNumber=10700550&michaelsStoreId=9055&isNewUIMkpMik=false&skuNumbers=10700550,https://www.michaels.com/product/staedtler-triangular-watercolor-pencil-set-10700550?michaelsStore=5804&inv=3
https://www.michaels.com/api/product/v2/sub-skus?source=pdpPage&orginSkuNumber=D615412S&michaelsStoreId=9055&isNewUIMkpMik=false&skuNumbers=D615412S,https://www.michaels.com/product/manuscript-black-handwriting-pen-classroom-pack-D615412S
https://www.michaels.com/api/product/v2/sub-skus?source=pdpPage&orginSkuNumber=10185915&michaelsStoreId=9055&isNewUIMkpMik=false&skuNumbers=10185915,https://www.michaels.com/product/pigma-micron-mangacomic-pro-6-piece-set-10185915?michaelsStore=5804&inv=1
https://www.michaels.com/api/product/v2/sub-skus?source=pdpPage&orginSkuNumber=10715674&michaelsStoreId=9055&isNewUIMkpMik=false&skuNumbers=10715674,https://www.michaels.com/product/gelly-roll-moods-mindful-bold-gel-pen-set-10715674?michaelsStore=5804&inv=5
https://www.michaels.com/api/product/v2/sub-skus?source=pdpPage&orginSkuNumber=10582881&michaelsStoreId=9055&isNewUIMkpMik=false&skuNumbers=10582881,https://www.michaels.com/product/paper-mate-flair-felt-tip-pen-set-6-color-candy-pop-10582881?michaelsStore=5804&inv=5
"https://www.michaels.com/api/product/v2/sub-skus?source=pdpPage&orginSkuNumber=10178654&michaelsStoreId=9055&isNewUIMkpMik=false&skuNumbers=10178654,10339022,10339021,10547332",https://www.michaels.com/product/colored-pencils-by-artist's-loft-10178654?michaelsStore=5804&inv=1
https://www.michaels.com/api/product/v2/sub-skus?source=pdpPage&orginSkuNumber=10102626&michaelsStoreId=9055&isNewUIMkpMik=false&skuNumbers=10102626,https://www.michaels.com/product/staedtler-mars-technico-780-leadholder-10102626?michaelsStore=5804&inv=2
https://www.michaels.com/api/product/v2/sub-skus?source=pdpPage&orginSkuNumber=10712831&michaelsStoreId=9055&isNewUIMkpMik=false&skuNumbers=10712831,https://www.michaels.com/product/posca-pc5m-medium-tip-monotone-paint-marker-set-10712831?michaelsStore=5804&inv=9
https://www.michaels.com/api/product/v2/sub-skus?source=pdpPage&orginSkuNumber=D622022S&michaelsStoreId=9055&isNewUIMkpMik=false&skuNumbers=D622022S,https://www.michaels.com/product/sharpie-sgel-fine-point-black-pens-4ct-D622022S
"https://www.michaels.com/api/product/v2/sub-skus?source=pdpPage&orginSkuNumber=D346741S&michaelsStoreId=9055&isNewUIMkpMik=false&skuNumbers=D346742S,D346741S",https://www.michaels.com/product/jam-paper-35mm-thick-calligraphy-pen-2ct-D346741S
https://www.michaels.com/api/product/v2/sub-skus?source=pdpPage&orginSkuNumber=10567811&michaelsStoreId=9055&isNewUIMkpMik=false&skuNumbers=10567811,https://www.michaels.com/product/tombow-tropical-palette-dual-brush-pens-10567811?michaelsStore=5804&inv=12
https://www.michaels.com/api/product/v2/sub-skus?source=pdpPage&orginSkuNumber=D402850S&michaelsStoreId=9055&isNewUIMkpMik=false&skuNumbers=D402850S,https://www.michaels.com/product/prima-watercolor-brush-pen-set-D402850S
https://www.michaels.com/api/product/v2/sub-skus?source=pdpPage&orginSkuNumber=10350214&michaelsStoreId=9055&isNewUIMkpMik=false&skuNumbers=10350214,https://www.michaels.com/product/fabercastell-9000-graphite-6-pencil-tin-set-10350214?michaelsStore=5804&inv=4
https://www.michaels.com/api/product/v2/sub-skus?source=pdpPage&orginSkuNumber=10635584&michaelsStoreId=9055&isNewUIMkpMik=false&skuNumbers=10635584,https://www.michaels.com/product/gelly-roll-moonlight-06-fine-point-gel-pen-5-color-set-grays-10635584?michaelsStore=5804&inv=3
https://www.michaels.com/api/product/v2/sub-skus?source=pdpPage&orginSkuNumber=D589258S&michaelsStoreId=9055&isNewUIMkpMik=false&skuNumbers=D589258S,https://www.michaels.com/product/nuvo-brilliantly-vibrant-watercolor-pencil-set-D589258S
https://www.michaels.com/api/product/v2/sub-skus?source=pdpPage&orginSkuNumber=10635592&michaelsStoreId=9055&isNewUIMkpMik=false&skuNumbers=10635592,https://www.michaels.com/product/gelly-roll-moonlight-06-fine-point-gel-pen-5-color-set-dawn-10635592?michaelsStore=5804&inv=4
https://www.michaels.com/api/product/v2/sub-skus?source=pdpPage&orginSkuNumber=D620554S&michaelsStoreId=9055&isNewUIMkpMik=false&skuNumbers=D620554S,https://www.michaels.com/product/sharpie-ultrafine-24-color-mystic-gems-permanent-marker-set-D620554S
https://www.michaels.com/api/product/v2/sub-skus?source=pdpPage&orginSkuNumber=10514199&michaelsStoreId=9055&isNewUIMkpMik=false&skuNumbers=10514199,https://www.michaels.com/product/pigma-micron-fine-line-black-3-piece-pen-set-10514199?michaelsStore=5804&inv=6
https://www.michaels.com/api/product/v2/sub-skus?source=pdpPage&orginSkuNumber=D725441S&michaelsStoreId=9055&isNewUIMkpMik=false&skuNumbers=D725441S,https://www.michaels.com/product/pro-art-36piece-multimedia-drawing-pencil-set-D725441S
https://www.michaels.com/api/product/v2/sub-skus?source=pdpPage&orginSkuNumber=10555500&michaelsStoreId=9055&isNewUIMkpMik=false&skuNumbers=10555500,https://www.michaels.com/product/prismacolor-premier-landscape-colored-pencil-set-10555500?michaelsStore=5804&inv=6
https://www.michaels.com/api/product/v2/sub-skus?source=pdpPage&orginSkuNumber=10582864&michaelsStoreId=9055&isNewUIMkpMik=false&skuNumbers=10582864,https://www.michaels.com/product/paper-mate-inkjoy-retractable-07mm-gel-pen-6-color-set-10582864?michaelsStore=5804&inv=2
https://www.michaels.com/api/product/v2/sub-skus?source=pdpPage&orginSkuNumber=D615406S&michaelsStoreId=9055&isNewUIMkpMik=false&skuNumbers=D615406S,https://www.michaels.com/product/manuscript-flat-lead-mixed-color-refill-set-D615406S
https://www.michaels.com/api/product/v2/sub-skus?source=pdpPage&orginSkuNumber=D612265S&michaelsStoreId=9055&isNewUIMkpMik=false&skuNumbers=D612265S,https://www.michaels.com/product/manuscript-callicreative-aqua-brush-markers-12ct-D612265S
https://www.michaels.com/api/product/v2/sub-skus?source=pdpPage&orginSkuNumber=D615408S&michaelsStoreId=9055&isNewUIMkpMik=false&skuNumbers=D615408S,https://www.michaels.com/product/manuscript-round-lead-mixed-color-refill-set-D615408S
https://www.michaels.com/api/product/v2/sub-skus?source=pdpPage&orginSkuNumber=10514320&michaelsStoreId=9055&isNewUIMkpMik=false&skuNumbers=10514320,https://www.michaels.com/product/tombow-landscape-dual-brush-pens-10514320?michaelsStore=5804&inv=7
https://www.michaels.com/api/product/v2/sub-skus?source=pdpPage&orginSkuNumber=10386446&michaelsStoreId=9055&isNewUIMkpMik=false&skuNumbers=10386446,https://www.michaels.com/product/pigma-8-pen-set-black-10386446?michaelsStore=5804&inv=1
https://www.michaels.com/api/product/v2/sub-skus?source=pdpPage&orginSkuNumber=D622940S&michaelsStoreId=9055&isNewUIMkpMik=false&skuNumbers=D622940S,https://www.michaels.com/product/leisure-arts-24-color-brush-chisel-dual-tip-marker-set-D622940S
https://www.michaels.com/api/product/v2/sub-skus?source=pdpPage&orginSkuNumber=D620552S&michaelsStoreId=9055&isNewUIMkpMik=false&skuNumbers=D620552S,https://www.michaels.com/product/sharpie-ultra-fine-5-count-permanent-marker-set-D620552S
https://www.michaels.com/api/product/v2/sub-skus?source=pdpPage&orginSkuNumber=D724574S&michaelsStoreId=9055&isNewUIMkpMik=false&skuNumbers=D724574S,https://www.michaels.com/product/art-advantage-20color-dualtip-washable-marker-set-D724574S
https://www.michaels.com/api/product/v2/sub-skus?source=pdpPage&orginSkuNumber=D615409S&michaelsStoreId=9055&isNewUIMkpMik=false&skuNumbers=D615409S,https://www.michaels.com/product/manuscript-flat-round-black-lead-refill-set-D615409S
"https://www.michaels.com/api/product/v2/sub-skus?source=pdpPage&orginSkuNumber=D346744S&michaelsStoreId=9055&isNewUIMkpMik=false&skuNumbers=D346744S,D346739S",https://www.michaels.com/product/jam-paper-50mm-thick-calligraphy-pen-2ct-D346744S
https://www.michaels.com/api/product/v2/sub-skus?source=pdpPage&orginSkuNumber=10719550&michaelsStoreId=9055&isNewUIMkpMik=false&skuNumbers=10719550,https://www.michaels.com/product/sharpie-portrait-colors-fine-point-permanent-markers-10719550?michaelsStore=5804&inv=4
https://www.michaels.com/api/product/v2/sub-skus?source=pdpPage&orginSkuNumber=10539289&michaelsStoreId=9055&isNewUIMkpMik=false&skuNumbers=10539289,https://www.michaels.com/product/staedtler-duo-fibertip-pens-10539289?michaelsStore=5804&inv=4
https://www.michaels.com/api/product/v2/sub-skus?source=pdpPage&orginSkuNumber=10670841&michaelsStoreId=9055&isNewUIMkpMik=false&skuNumbers=10670841,https://www.michaels.com/product/sharpie-snote-12-color-chisel-tip-marker-set-10670841?michaelsStore=5804&inv=2
https://www.michaels.com/api/product/v2/sub-skus?source=pdpPage&orginSkuNumber=D259607S&michaelsStoreId=9055&isNewUIMkpMik=false&skuNumbers=D259607S,https://www.michaels.com/product/yasutomo-black-calligraphy-marker-set-D259607S
https://www.michaels.com/api/product/v2/sub-skus?source=pdpPage&orginSkuNumber=D612364S&michaelsStoreId=9055&isNewUIMkpMik=false&skuNumbers=D612364S,https://www.michaels.com/product/manuscript-lettering-pencil-set-D612364S
https://www.michaels.com/api/product/v2/sub-skus?source=pdpPage&orginSkuNumber=D589252S&michaelsStoreId=9055&isNewUIMkpMik=false&skuNumbers=D589252S,https://www.michaels.com/product/royal-langnickel-essentials-14-piece-watercolor-pencil-artist-pack--D589252S
"https://www.michaels.com/api/product/v2/sub-skus?source=pdpPage&orginSkuNumber=D346737S&michaelsStoreId=9055&isNewUIMkpMik=false&skuNumbers=D346737S,D346746S,D346745S,D346738S",https://www.michaels.com/product/jam-paper-35mm-calligraphy-pen-2ct-D346737S
https://www.michaels.com/api/product/v2/sub-skus?source=pdpPage&orginSkuNumber=10230288&michaelsStoreId=9055&isNewUIMkpMik=false&skuNumbers=10230288,https://www.michaels.com/product/copic-sketching-grays-sketch-marker-set-10230288?michaelsStore=5804&inv=1
"https://www.michaels.com/api/product/v2/sub-skus?source=pdpPage&orginSkuNumber=10380959&michaelsStoreId=9055&isNewUIMkpMik=false&skuNumbers=10396734,10380959",https://www.michaels.com/product/sharpie-fine-point-black-permanent-markers-10380959?michaelsStore=5804&inv=4
"https://www.michaels.com/api/product/v2/sub-skus?source=pdpPage&orginSkuNumber=10011442&michaelsStoreId=9055&isNewUIMkpMik=false&skuNumbers=10122971,10396731,10011443,10011442,10339129,10232775",https://www.michaels.com/product/prismacolor-premier-soft-core-colored-pencil-set-10011442?michaelsStore=5804&inv=6
https://www.michaels.com/api/product/v2/sub-skus?source=pdpPage&orginSkuNumber=D304574S&michaelsStoreId=9055&isNewUIMkpMik=false&skuNumbers=D304574S,https://www.michaels.com/product/sharpie-chisel-tip-metallic-marker-set-D304574S
https://www.michaels.com/api/product/v2/sub-skus?source=pdpPage&orginSkuNumber=10396737&michaelsStoreId=9055&isNewUIMkpMik=false&skuNumbers=10396737,https://www.michaels.com/product/sharpie-ultra-fine-point-permanent-markers-black-10396737?michaelsStore=5804&inv=5
https://www.michaels.com/api/product/v2/sub-skus?source=pdpPage&orginSkuNumber=D614814S&michaelsStoreId=9055&isNewUIMkpMik=false&skuNumbers=D614814S,https://www.michaels.com/product/art-advantage-50-piece-mixed-media-pencil-set-D614814S
https://www.michaels.com/api/product/v2/sub-skus?source=pdpPage&orginSkuNumber=10604036&michaelsStoreId=9055&isNewUIMkpMik=false&skuNumbers=10604036,https://www.michaels.com/product/staedtler-fiber-tip-pen-set-10604036?michaelsStore=5804&inv=6
https://www.michaels.com/api/product/v2/sub-skus?source=pdpPage&orginSkuNumber=10023637&michaelsStoreId=9055&isNewUIMkpMik=false&skuNumbers=10023637,https://www.michaels.com/product/gelly-roll-metallic-gel-pen-10-color-set-10023637?michaelsStore=5804&inv=6
https://www.michaels.com/api/product/v2/sub-skus?source=pdpPage&orginSkuNumber=10624888&michaelsStoreId=9055&isNewUIMkpMik=false&skuNumbers=10624888,https://www.michaels.com/product/sharpie-sgel-07mm-gel-pens-10624888?michaelsStore=5804&inv=4
https://www.michaels.com/api/product/v2/sub-skus?source=pdpPage&orginSkuNumber=10692892&michaelsStoreId=9055&isNewUIMkpMik=false&skuNumbers=10692892,https://www.michaels.com/product/uni-posca-pc3m-soft-color-fine-tip-marker-set-10692892
https://www.michaels.com/api/product/v2/sub-skus?source=pdpPage&orginSkuNumber=10281574&michaelsStoreId=9055&isNewUIMkpMik=false&skuNumbers=10281574,https://www.michaels.com/product/pigma-micron-fine-line-black-3-piece-pen-set-10281574?michaelsStore=5804&inv=6
https://www.michaels.com/api/product/v2/sub-skus?source=pdpPage&orginSkuNumber=D597163S&michaelsStoreId=9055&isNewUIMkpMik=false&skuNumbers=D597163S,https://www.michaels.com/product/edding-festive-colors-5100-acrylic-marker-medium-set-D597163S
https://www.michaels.com/api/product/v2/sub-skus?source=pdpPage&orginSkuNumber=10198377&michaelsStoreId=9055&isNewUIMkpMik=false&skuNumbers=10198377,https://www.michaels.com/product/sharpie-king-size-black-marker-10198377?michaelsStore=5804&inv=3
https://www.michaels.com/api/product/v2/sub-skus?source=pdpPage&orginSkuNumber=10670562&michaelsStoreId=9055&isNewUIMkpMik=false&skuNumbers=10670562,https://www.michaels.com/product/uni-posca-pc3m-16-color-fine-tip-paint-marker-set-10670562?michaelsStore=5804&inv=2
https://www.michaels.com/api/product/v2/sub-skus?source=pdpPage&orginSkuNumber=10124971&michaelsStoreId=9055&isNewUIMkpMik=false&skuNumbers=10124971,https://www.michaels.com/product/fundamentals-colored-pencils-by-artist's-loft-10124971?michaelsStore=5804&inv=5
https://www.michaels.com/api/product/v2/sub-skus?source=pdpPage&orginSkuNumber=10272715&michaelsStoreId=9055&isNewUIMkpMik=false&skuNumbers=10272715,https://www.michaels.com/product/gelly-roll-moonlight-10-bold-point-gel-pen-10-color-set-10272715?michaelsStore=5804&inv=1
https://www.michaels.com/api/product/v2/sub-skus?source=pdpPage&orginSkuNumber=10204351&michaelsStoreId=9055&isNewUIMkpMik=false&skuNumbers=10204351,https://www.michaels.com/product/pigma-micron-fine-line-black-6-piece-pen-set-10204351?michaelsStore=5804&inv=1
https://www.michaels.com/api/product/v2/sub-skus?source=pdpPage&orginSkuNumber=10251015&michaelsStoreId=9055&isNewUIMkpMik=false&skuNumbers=10251015,https://www.michaels.com/product/sharpie-fine-gold-metallic-markers-10251015?michaelsStore=5804&inv=3
https://www.michaels.com/api/product/v2/sub-skus?source=pdpPage&orginSkuNumber=10733547&michaelsStoreId=9055&isNewUIMkpMik=false&skuNumbers=10733547,https://www.michaels.com/product/fabercastell-sv-1111-hb-graphite-pencils-3ct-10733547?michaelsStore=5804&inv=2
https://www.michaels.com/api/product/v2/sub-skus?source=pdpPage&orginSkuNumber=10125028&michaelsStoreId=9055&isNewUIMkpMik=false&skuNumbers=10125028,https://www.michaels.com/product/sketching-drawing-set-by-artists-loft-fundamentals-10125028?michaelsStore=5804&inv=5
https://www.michaels.com/api/product/v2/sub-skus?source=pdpPage&orginSkuNumber=D620641S&michaelsStoreId=9055&isNewUIMkpMik=false&skuNumbers=D620641S,https://www.michaels.com/product/royal-langnickel-essentials-5-piece-tracing-artist-pack-D620641S
https://www.michaels.com/api/product/v2/sub-skus?source=pdpPage&orginSkuNumber=10556833&michaelsStoreId=9055&isNewUIMkpMik=false&skuNumbers=10556833,https://www.michaels.com/product/winsor-newton-studio-collection-sketching-pencil-10pc-tin-set-10556833?michaelsStore=5804&inv=3
https://www.michaels.com/api/product/v2/sub-skus?source=pdpPage&orginSkuNumber=10670333&michaelsStoreId=9055&isNewUIMkpMik=false&skuNumbers=10670333,https://www.michaels.com/product/dual-tip-brush-fineliner-markers-by-artist's-loft-10670333?michaelsStore=5804&inv=3
https://www.michaels.com/api/product/v2/sub-skus?source=pdpPage&orginSkuNumber=10183300&michaelsStoreId=9055&isNewUIMkpMik=false&skuNumbers=10183300,https://www.michaels.com/product/charcoal-set-by-artists-loft-fundamentals-10183300?michaelsStore=5804&inv=5
https://www.michaels.com/api/product/v2/sub-skus?source=pdpPage&orginSkuNumber=D601380S&michaelsStoreId=9055&isNewUIMkpMik=false&skuNumbers=D601380S,https://www.michaels.com/product/art-supply-basics-colored-pencil-set-24ct-D601380S
https://www.michaels.com/api/product/v2/sub-skus?source=pdpPage&orginSkuNumber=D620636S&michaelsStoreId=9055&isNewUIMkpMik=false&skuNumbers=D620636S,https://www.michaels.com/product/royal-langnickel-essentials-26-piece-drawing-artist-pack-D620636S
https://www.michaels.com/api/product/v2/sub-skus?source=pdpPage&orginSkuNumber=10712830&michaelsStoreId=9055&isNewUIMkpMik=false&skuNumbers=10712830,https://www.michaels.com/product/posca-pc5m-medium-tip-earth-tones-paint-marker-set-10712830?michaelsStore=5804&inv=8
https://www.michaels.com/api/product/v2/sub-skus?source=pdpPage&orginSkuNumber=D724573S&michaelsStoreId=9055&isNewUIMkpMik=false&skuNumbers=D724573S,https://www.michaels.com/product/art-advantage-12color-soft-and-extra-fine-dual-brush-pens-set-D724573S
https://www.michaels.com/api/product/v2/sub-skus?source=pdpPage&orginSkuNumber=10128145&michaelsStoreId=9055&isNewUIMkpMik=false&skuNumbers=10128145,https://www.michaels.com/product/necessities-sketching-pad-by-artists-loft-9-x-12-10128145?michaelsStore=5804&inv=6
https://www.michaels.com/api/product/v2/sub-skus?source=pdpPage&orginSkuNumber=10485698&michaelsStoreId=9055&isNewUIMkpMik=false&skuNumbers=10485698,https://www.michaels.com/product/paper-mate-inkjoy-07mm-10-color-retractable-gel-pen-set-10485698?michaelsStore=5804&inv=2
https://www.michaels.com/api/product/v2/sub-skus?source=pdpPage&orginSkuNumber=10022435&michaelsStoreId=9055&isNewUIMkpMik=false&skuNumbers=10022435,https://www.michaels.com/product/prismacolor-premier-watercolor-pencil-24-color-tin-10022435?michaelsStore=5804&inv=1
https://www.michaels.com/api/product/v2/sub-skus?source=pdpPage&orginSkuNumber=10023633&michaelsStoreId=9055&isNewUIMkpMik=false&skuNumbers=10023633,https://www.michaels.com/product/gelly-roll-classic-08-medium-point-gel-pen-10-color-set-10023633?michaelsStore=5804&inv=1
https://www.michaels.com/api/product/v2/sub-skus?source=pdpPage&orginSkuNumber=10128141&michaelsStoreId=9055&isNewUIMkpMik=false&skuNumbers=10128141,https://www.michaels.com/product/necessities-watercolor-pad-by-artists-loft-9-x-12-10128141?michaelsStore=5804&inv=2
https://www.michaels.com/api/product/v2/sub-skus?source=pdpPage&orginSkuNumber=D669432S&michaelsStoreId=9055&isNewUIMkpMik=false&skuNumbers=D669432S,https://www.michaels.com/product/goldfaber-woman-dual-ended-aqua-markers-18ct-D669432S
https://www.michaels.com/api/product/v2/sub-skus?source=pdpPage&orginSkuNumber=10670844&michaelsStoreId=9055&isNewUIMkpMik=false&skuNumbers=10670844,https://www.michaels.com/product/mystic-gems-sharpie-fine-point-permanent-markers-12ct-10670844?michaelsStore=5804&inv=6
https://www.michaels.com/api/product/v2/sub-skus?source=pdpPage&orginSkuNumber=10647069&michaelsStoreId=9055&isNewUIMkpMik=false&skuNumbers=10647069,https://www.michaels.com/product/gel-pens-with-stand-by-artist's-loft-10647069?michaelsStore=5804&inv=3
https://www.michaels.com/api/product/v2/sub-skus?source=pdpPage&orginSkuNumber=10723039&michaelsStoreId=9055&isNewUIMkpMik=false&skuNumbers=10723039,https://www.michaels.com/product/sharpie-sgel-medium-black-pens-with-white-barrel-2ct-10723039?michaelsStore=5804&inv=5
https://www.michaels.com/api/product/v2/sub-skus?source=pdpPage&orginSkuNumber=10582844&michaelsStoreId=9055&isNewUIMkpMik=false&skuNumbers=10582844,https://www.michaels.com/product/uniball-impact-gel-pens-10582844?michaelsStore=5804&inv=14
https://www.michaels.com/api/product/v2/sub-skus?source=pdpPage&orginSkuNumber=10520461&michaelsStoreId=9055&isNewUIMkpMik=false&skuNumbers=10520461,https://www.michaels.com/product/tombow-fudenosuke-calligraphy-brush-pens-10520461?michaelsStore=5804&inv=3
https://www.michaels.com/api/product/v2/sub-skus?source=pdpPage&orginSkuNumber=10317254&michaelsStoreId=9055&isNewUIMkpMik=false&skuNumbers=10317254,https://www.michaels.com/product/sharpie-ultra-fine-point-permanent-marker-set-10317254?michaelsStore=5804&inv=1
https://www.michaels.com/api/product/v2/sub-skus?source=pdpPage&orginSkuNumber=10232312&michaelsStoreId=9055&isNewUIMkpMik=false&skuNumbers=10232312,https://www.michaels.com/product/fabercastell-pitt-8-piece-black-artist-pen-set-10232312?michaelsStore=5804&inv=5
https://www.michaels.com/api/product/v2/sub-skus?source=pdpPage&orginSkuNumber=10514395&michaelsStoreId=9055&isNewUIMkpMik=false&skuNumbers=10514395,https://www.michaels.com/product/staedtler-triangular-colored-pencils-72ct-10514395
https://www.michaels.com/api/product/v2/sub-skus?source=pdpPage&orginSkuNumber=10540269&michaelsStoreId=9055&isNewUIMkpMik=false&skuNumbers=10540269,https://www.michaels.com/product/pigma-micron-pn-durable-plastic-nib-black-pens-3ct-10540269?michaelsStore=5804&inv=3
https://www.michaels.com/api/product/v2/sub-skus?source=pdpPage&orginSkuNumber=10340782&michaelsStoreId=9055&isNewUIMkpMik=false&skuNumbers=10340782,https://www.michaels.com/product/prismacolor-premier-colored-pencil-accessory-set-10340782?michaelsStore=5804&inv=3
https://www.michaels.com/api/product/v2/sub-skus?source=pdpPage&orginSkuNumber=10715675&michaelsStoreId=9055&isNewUIMkpMik=false&skuNumbers=10715675,https://www.michaels.com/product/pigma-micron-black-gray-10-piece-fine-bold-line-pen-set-10715675?michaelsStore=5804&inv=3
https://www.michaels.com/api/product/v2/sub-skus?source=pdpPage&orginSkuNumber=10555776&michaelsStoreId=9055&isNewUIMkpMik=false&skuNumbers=10555776,https://www.michaels.com/product/copic-sea-sky-sketch-marker-set-10555776?michaelsStore=5804&inv=1
https://www.michaels.com/api/product/v2/sub-skus?source=pdpPage&orginSkuNumber=10555320&michaelsStoreId=9055&isNewUIMkpMik=false&skuNumbers=10555320,https://www.michaels.com/product/staedtler-mars-lumograph-drawing-pencils-set-of-12-10555320?michaelsStore=5804&inv=1
https://www.michaels.com/api/product/v2/sub-skus?source=pdpPage&orginSkuNumber=D612261S&michaelsStoreId=9055&isNewUIMkpMik=false&skuNumbers=D612261S,https://www.michaels.com/product/manuscript-callicreative-metallic-italic-markers-6ct-D612261S
https://www.michaels.com/api/product/v2/sub-skus?source=pdpPage&orginSkuNumber=10671608&michaelsStoreId=9055&isNewUIMkpMik=false&skuNumbers=10671608,https://www.michaels.com/product/sharpie-s-gel-07mm-pen-set-10671608?michaelsStore=5804&inv=5
https://www.michaels.com/api/product/v2/sub-skus?source=pdpPage&orginSkuNumber=10604037&michaelsStoreId=9055&isNewUIMkpMik=false&skuNumbers=10604037,https://www.michaels.com/product/winsor-newton-studio-collection-sketching-pencil-4pc-set-with-eraser-10604037
https://www.michaels.com/api/product/v2/sub-skus?source=pdpPage&orginSkuNumber=10712797&michaelsStoreId=9055&isNewUIMkpMik=false&skuNumbers=10712797,https://www.michaels.com/product/portrait-colored-pencils-by-artist's-loft-10712797?michaelsStore=5804&inv=2
https://www.michaels.com/api/product/v2/sub-skus?source=pdpPage&orginSkuNumber=D589246S&michaelsStoreId=9055&isNewUIMkpMik=false&skuNumbers=D589246S,https://www.michaels.com/product/pentel-arts-36-piece-watercolor-pencil-set-D589246S
https://www.michaels.com/api/product/v2/sub-skus?source=pdpPage&orginSkuNumber=10728562&michaelsStoreId=9055&isNewUIMkpMik=false&skuNumbers=10728562,https://www.michaels.com/product/staedtler-black-8-piece-pigment-liner-set-10728562?michaelsStore=5804&inv=2
https://www.michaels.com/api/product/v2/sub-skus?source=pdpPage&orginSkuNumber=10476516&michaelsStoreId=9055&isNewUIMkpMik=false&skuNumbers=10476516,https://www.michaels.com/product/pigma-micron-sepia-4-pen-set-10476516
https://www.michaels.com/api/product/v2/sub-skus?source=pdpPage&orginSkuNumber=10692905&michaelsStoreId=9055&isNewUIMkpMik=false&skuNumbers=10692905,https://www.michaels.com/product/sharpie-mystic-gems-permanent-marker-set-10692905?michaelsStore=5804&inv=4
"https://www.michaels.com/api/product/v2/sub-skus?source=pdpPage&orginSkuNumber=10339018&michaelsStoreId=9055&isNewUIMkpMik=false&skuNumbers=10396439,10339018,10129606",https://www.michaels.com/product/soft-pastels-colors-by-artist's-loft-10339018?michaelsStore=5804&inv=1
"https://www.michaels.com/api/product/v2/sub-skus?source=pdpPage&orginSkuNumber=D346743S&michaelsStoreId=9055&isNewUIMkpMik=false&skuNumbers=D346734S,D346743S,D346736S,D346735S",https://www.michaels.com/product/jam-paper-50mm-calligraphy-pen-2ct-D346743S
https://www.michaels.com/api/product/v2/sub-skus?source=pdpPage&orginSkuNumber=10527787&michaelsStoreId=9055&isNewUIMkpMik=false&skuNumbers=10527787,https://www.michaels.com/product/pigma-micron-01-fine-line-black-pens-6ct-10527787?michaelsStore=5804&inv=3
https://www.michaels.com/api/product/v2/sub-skus?source=pdpPage&orginSkuNumber=10230291&michaelsStoreId=9055&isNewUIMkpMik=false&skuNumbers=10230291,https://www.michaels.com/product/copic-perfect-primaries-sketch-marker-set-10230291
https://www.michaels.com/api/product/v2/sub-skus?source=pdpPage&orginSkuNumber=10728559&michaelsStoreId=9055&isNewUIMkpMik=false&skuNumbers=10728559,https://www.michaels.com/product/staedtler-black-3-piece-pigment-liner-set-10728559?michaelsStore=5804&inv=2
https://www.michaels.com/api/product/v2/sub-skus?source=pdpPage&orginSkuNumber=10694386&michaelsStoreId=9055&isNewUIMkpMik=false&skuNumbers=10694386,https://www.michaels.com/product/micron-brush-gray-pen-set-10694386?michaelsStore=5804&inv=1
https://www.michaels.com/api/product/v2/sub-skus?source=pdpPage&orginSkuNumber=D260668S&michaelsStoreId=9055&isNewUIMkpMik=false&skuNumbers=D260668S,https://www.michaels.com/product/paper-mate-inkjoy-retractable-07mm-gel-pen-3-color-set-D260668S
https://www.michaels.com/api/product/v2/sub-skus?source=pdpPage&orginSkuNumber=D614811S&michaelsStoreId=9055&isNewUIMkpMik=false&skuNumbers=D614811S,https://www.michaels.com/product/art-advantage-urban-draw-color-set-D614811S
https://www.michaels.com/api/product/v2/sub-skus?source=pdpPage&orginSkuNumber=10159772&michaelsStoreId=9055&isNewUIMkpMik=false&skuNumbers=10159772,https://www.michaels.com/product/tote-bag-by-artists-loft-fundamentals-10159772?michaelsStore=5804&inv=5
https://www.michaels.com/api/product/v2/sub-skus?source=pdpPage&orginSkuNumber=10667294&michaelsStoreId=9055&isNewUIMkpMik=false&skuNumbers=10667294,https://www.michaels.com/product/watercolor-pencil-set-by-artist's-loft-72-ct--10667294?michaelsStore=5804&inv=7
https://www.michaels.com/api/product/v2/sub-skus?source=pdpPage&orginSkuNumber=D615410S&michaelsStoreId=9055&isNewUIMkpMik=false&skuNumbers=D615410S,https://www.michaels.com/product/manuscript-blue-handwriting-pen-classroom-pack-D615410S
https://www.michaels.com/api/product/v2/sub-skus?source=pdpPage&orginSkuNumber=10126136&michaelsStoreId=9055&isNewUIMkpMik=false&skuNumbers=10126136,https://www.michaels.com/product/watercolor-pencils-by-artists-loft-fundamentals-10126136?michaelsStore=5804&inv=4
https://www.michaels.com/api/product/v2/sub-skus?source=pdpPage&orginSkuNumber=10733535&michaelsStoreId=9055&isNewUIMkpMik=false&skuNumbers=10733535,https://www.michaels.com/product/fabercastell-pastel-colors-grip-finepen-set-10733535?michaelsStore=5804&inv=2
https://www.michaels.com/api/product/v2/sub-skus?source=pdpPage&orginSkuNumber=10115539&michaelsStoreId=9055&isNewUIMkpMik=false&skuNumbers=10115539,https://www.michaels.com/product/prismacolor-scholar-12-color-pencil-set-10115539?michaelsStore=5804&inv=19
https://www.michaels.com/api/product/v2/sub-skus?source=pdpPage&orginSkuNumber=10337249&michaelsStoreId=9055&isNewUIMkpMik=false&skuNumbers=10337249,https://www.michaels.com/product/woodless-graphite-set-by-artist's-loft-10337249
https://www.michaels.com/api/product/v2/sub-skus?source=pdpPage&orginSkuNumber=10700551&michaelsStoreId=9055&isNewUIMkpMik=false&skuNumbers=10700551,https://www.michaels.com/product/staedtler-triplus-broad-felt-tip-pen-set-10700551?michaelsStore=5804&inv=1
https://www.michaels.com/api/product/v2/sub-skus?source=pdpPage&orginSkuNumber=10527792&michaelsStoreId=9055&isNewUIMkpMik=false&skuNumbers=10527792,https://www.michaels.com/product/pigma-micron-pn-durable-plastic-nib-pen-6-color-set-10527792?michaelsStore=5804&inv=6
https://www.michaels.com/api/product/v2/sub-skus?source=pdpPage&orginSkuNumber=10415275&michaelsStoreId=9055&isNewUIMkpMik=false&skuNumbers=10415275,https://www.michaels.com/product/speedball-complete-calligraphy-kit-10415275?michaelsStore=5804&inv=1
https://www.michaels.com/api/product/v2/sub-skus?source=pdpPage&orginSkuNumber=10700549&michaelsStoreId=9055&isNewUIMkpMik=false&skuNumbers=10700549,https://www.michaels.com/product/staedler-design-journey-metallic-colored-pencil-set-10700549?michaelsStore=5804&inv=1
https://www.michaels.com/api/product/v2/sub-skus?source=pdpPage&orginSkuNumber=10170445&michaelsStoreId=9055&isNewUIMkpMik=false&skuNumbers=10170445,https://www.michaels.com/product/sharpie-chisel-tip-black-markers-2ct-10170445?michaelsStore=5804&inv=7
https://www.michaels.com/api/product/v2/sub-skus?source=pdpPage&orginSkuNumber=10603255&michaelsStoreId=9055&isNewUIMkpMik=false&skuNumbers=10603255,https://www.michaels.com/product/sharpie-the-ultimate-collection-permanent-marker-set-10603255?michaelsStore=5804&inv=1
https://www.michaels.com/api/product/v2/sub-skus?source=pdpPage&orginSkuNumber=10729060&michaelsStoreId=9055&isNewUIMkpMik=false&skuNumbers=10729060,https://www.michaels.com/product/pentel-arts-graphgear-1000-05mm-automatic-drafting-pencil-10729060?michaelsStore=5804&inv=2
https://www.michaels.com/api/product/v2/sub-skus?source=pdpPage&orginSkuNumber=10337291&michaelsStoreId=9055&isNewUIMkpMik=false&skuNumbers=10337291,https://www.michaels.com/product/watercolor-24-color-dualtip-markers-by-artist's-loft-10337291?michaelsStore=5804&inv=33
https://www.michaels.com/api/product/v2/sub-skus?source=pdpPage&orginSkuNumber=10635590&michaelsStoreId=9055&isNewUIMkpMik=false&skuNumbers=10635590,https://www.michaels.com/product/gelly-roll-stardust-galaxy-glitter-gel-pen-set-10635590?michaelsStore=5804&inv=1
https://www.michaels.com/api/product/v2/sub-skus?source=pdpPage&orginSkuNumber=10539419&michaelsStoreId=9055&isNewUIMkpMik=false&skuNumbers=10539419,https://www.michaels.com/product/tombow-pastel-dual-brush-pens-10539419?michaelsStore=5804&inv=5
https://www.michaels.com/api/product/v2/sub-skus?source=pdpPage&orginSkuNumber=10603446&michaelsStoreId=9055&isNewUIMkpMik=false&skuNumbers=10603446,https://www.michaels.com/product/tombow-fudenosuke-colors-hard-tip-brush-pens-10603446?michaelsStore=5804&inv=3
https://www.michaels.com/api/product/v2/sub-skus?source=pdpPage&orginSkuNumber=10555499&michaelsStoreId=9055&isNewUIMkpMik=false&skuNumbers=10555499,https://www.michaels.com/product/prismacolor-premier-botanical-garden-colored-pencil-set-10555499?michaelsStore=5804&inv=5
https://www.michaels.com/api/product/v2/sub-skus?source=pdpPage&orginSkuNumber=10998518&michaelsStoreId=9055&isNewUIMkpMik=false&skuNumbers=10998518,https://www.michaels.com/product/prismacolor-premier-turquoise-medium-graphite-pencil-set-10998518?michaelsStore=5804&inv=3
https://www.michaels.com/api/product/v2/sub-skus?source=pdpPage&orginSkuNumber=10497917&michaelsStoreId=9055&isNewUIMkpMik=false&skuNumbers=10497917,https://www.michaels.com/product/staedtler-duocolor-fibertip-36-color-marker-set-10497917
https://www.michaels.com/api/product/v2/sub-skus?source=pdpPage&orginSkuNumber=10670563&michaelsStoreId=9055&isNewUIMkpMik=false&skuNumbers=10670563,https://www.michaels.com/product/uni-posca-pc5m-16-color-medium-tip-paint-marker-set-10670563?michaelsStore=5804&inv=5
https://www.michaels.com/api/product/v2/sub-skus?source=pdpPage&orginSkuNumber=10603259&michaelsStoreId=9055&isNewUIMkpMik=false&skuNumbers=10603259,https://www.michaels.com/product/uni-posca-pc5m-medium-tip-paint-marker-set-10603259
https://www.michaels.com/api/product/v2/sub-skus?source=pdpPage&orginSkuNumber=10155529&michaelsStoreId=9055&isNewUIMkpMik=false&skuNumbers=10155529,https://www.michaels.com/product/pigma-micron-05-fine-line-pen-8-color-set-10155529?michaelsStore=5804&inv=2
https://www.michaels.com/api/product/v2/sub-skus?source=pdpPage&orginSkuNumber=10716861&michaelsStoreId=9055&isNewUIMkpMik=false&skuNumbers=10716861,https://www.michaels.com/product/gelly-roll-moonlight-bold-pastel-opaque-gel-pen-set-10716861?michaelsStore=5804&inv=2
https://www.michaels.com/api/product/v2/sub-skus?source=pdpPage&orginSkuNumber=10569786&michaelsStoreId=9055&isNewUIMkpMik=false&skuNumbers=10569786,https://www.michaels.com/product/pentel-arts-graphgear-500-mechanical-pencil-05-mm-10569786?michaelsStore=5804&inv=2
https://www.michaels.com/api/product/v2/sub-skus?source=pdpPage&orginSkuNumber=10269255&michaelsStoreId=9055&isNewUIMkpMik=false&skuNumbers=10269255,https://www.michaels.com/product/sharpie-fine-marker-bonus-pen-set-10269255?michaelsStore=5804&inv=3
https://www.michaels.com/api/product/v2/sub-skus?source=pdpPage&orginSkuNumber=10177925&michaelsStoreId=9055&isNewUIMkpMik=false&skuNumbers=10177925,https://www.michaels.com/product/fabercastell-graphite-sketch-set-10177925?michaelsStore=5804&inv=3
https://www.michaels.com/api/product/v2/sub-skus?source=pdpPage&orginSkuNumber=10332237&michaelsStoreId=9055&isNewUIMkpMik=false&skuNumbers=10332237,https://www.michaels.com/product/sharpie-metallic-fine-point-permanent-markers-silver-10332237?michaelsStore=5804&inv=7
"https://www.michaels.com/api/product/v2/sub-skus?source=pdpPage&orginSkuNumber=10583441&michaelsStoreId=9055&isNewUIMkpMik=false&skuNumbers=10583441,D243838S,D243171S,D841186S,D841171S",https://www.michaels.com/product/gelly-roll-classic-white-gel-pen-3ct-10583441?michaelsStore=5804&inv=5
https://www.michaels.com/api/product/v2/sub-skus?source=pdpPage&orginSkuNumber=10520859&michaelsStoreId=9055&isNewUIMkpMik=false&skuNumbers=10520859,https://www.michaels.com/product/speedball-elegant-writer-extrafine-black-calligraphy-pen-10520859
https://www.michaels.com/api/product/v2/sub-skus?source=pdpPage&orginSkuNumber=10514322&michaelsStoreId=9055&isNewUIMkpMik=false&skuNumbers=10514322,https://www.michaels.com/product/tombow-grayscale-palette-dual-brush-pen-set-10514322?michaelsStore=5804&inv=6
https://www.michaels.com/api/product/v2/sub-skus?source=pdpPage&orginSkuNumber=10693122&michaelsStoreId=9055&isNewUIMkpMik=false&skuNumbers=10693122,https://www.michaels.com/product/prismacolor-premier-portrait-set-colored-pencils-10693122?michaelsStore=5804&inv=1
https://www.michaels.com/api/product/v2/sub-skus?source=pdpPage&orginSkuNumber=10715667&michaelsStoreId=9055&isNewUIMkpMik=false&skuNumbers=10715667,https://www.michaels.com/product/gelly-roll-moods-calm-finebold-gel-pen-set-10715667?michaelsStore=5804&inv=4
https://www.michaels.com/api/product/v2/sub-skus?source=pdpPage&orginSkuNumber=10712826&michaelsStoreId=9055&isNewUIMkpMik=false&skuNumbers=10712826,https://www.michaels.com/product/posca-pc5m-medium-tip-metallic-paint-marker-set-10712826?michaelsStore=5804&inv=10
https://www.michaels.com/api/product/v2/sub-skus?source=pdpPage&orginSkuNumber=10733540&michaelsStoreId=9055&isNewUIMkpMik=false&skuNumbers=10733540,https://www.michaels.com/product/fabercastell-black-edition-skin-tones-colored-pencils-10733540
https://www.michaels.com/api/product/v2/sub-skus?source=pdpPage&orginSkuNumber=10692891&michaelsStoreId=9055&isNewUIMkpMik=false&skuNumbers=10692891,https://www.michaels.com/product/uni-posca-pc5m-soft-color-medium-tip-marker-set-10692891?michaelsStore=5804&inv=1
https://www.michaels.com/api/product/v2/sub-skus?source=pdpPage&orginSkuNumber=10569788&michaelsStoreId=9055&isNewUIMkpMik=false&skuNumbers=10569788,https://www.michaels.com/product/pentel-arts-graphgear-500-mechanical-pencil-07mm-10569788?michaelsStore=5804&inv=1
https://www.michaels.com/api/product/v2/sub-skus?source=pdpPage&orginSkuNumber=10670961&michaelsStoreId=9055&isNewUIMkpMik=false&skuNumbers=10670961,https://www.michaels.com/product/pigma-micron-sepia-black-extra-fine-pen-set-10670961?michaelsStore=5804&inv=1
https://www.michaels.com/api/product/v2/sub-skus?source=pdpPage&orginSkuNumber=10623772&michaelsStoreId=9055&isNewUIMkpMik=false&skuNumbers=10623772,https://www.michaels.com/product/tombow-cottage-dual-brush-art-pens-10623772?michaelsStore=5804&inv=3
https://www.michaels.com/api/product/v2/sub-skus?source=pdpPage&orginSkuNumber=10670964&michaelsStoreId=9055&isNewUIMkpMik=false&skuNumbers=10670964,https://www.michaels.com/product/pigma-micron-black-pen-set-10670964?michaelsStore=5804&inv=8
https://www.michaels.com/api/product/v2/sub-skus?source=pdpPage&orginSkuNumber=10421769&michaelsStoreId=9055&isNewUIMkpMik=false&skuNumbers=10421769,https://www.michaels.com/product/oil-pastels-by-artist's-loft-fundamentals-10421769?michaelsStore=5804&inv=2
"https://www.michaels.com/api/product/v2/sub-skus?source=pdpPage&orginSkuNumber=10412096&michaelsStoreId=9055&isNewUIMkpMik=false&skuNumbers=D242057S,D242054S,D242056S,D244117S,10412096",https://www.michaels.com/product/sakura-pentouch-calligrapher-fine-point-paint-marker-10412096
https://www.michaels.com/api/product/v2/sub-skus?source=pdpPage&orginSkuNumber=10597634&michaelsStoreId=9055&isNewUIMkpMik=false&skuNumbers=10597634,https://www.michaels.com/product/14-color-retractable-gel-pen-set-by-artist's-loft-10597634?michaelsStore=5804&inv=1
https://www.michaels.com/api/product/v2/sub-skus?source=pdpPage&orginSkuNumber=10670337&michaelsStoreId=9055&isNewUIMkpMik=false&skuNumbers=10670337,https://www.michaels.com/product/150-colored-pencil-set-by-artist's-loft-10670337?michaelsStore=5804&inv=2
https://www.michaels.com/api/product/v2/sub-skus?source=pdpPage&orginSkuNumber=10719394&michaelsStoreId=9055&isNewUIMkpMik=false&skuNumbers=10719394,https://www.michaels.com/product/sharpie-black-brush-twin-permanent-markers-2ct-10719394?michaelsStore=5804&inv=6
https://www.michaels.com/api/product/v2/sub-skus?source=pdpPage&orginSkuNumber=D589247S&michaelsStoreId=9055&isNewUIMkpMik=false&skuNumbers=D589247S,https://www.michaels.com/product/pentel-arts-24-piece-watercolor-pencil-set-D589247S
https://www.michaels.com/api/product/v2/sub-skus?source=pdpPage&orginSkuNumber=10719397&michaelsStoreId=9055&isNewUIMkpMik=false&skuNumbers=10719397,https://www.michaels.com/product/paper-mate-flair-medium-point-black-felt-tip-pens-2ct-10719397?michaelsStore=5804&inv=5
https://www.michaels.com/api/product/v2/sub-skus?source=pdpPage&orginSkuNumber=10635562&michaelsStoreId=9055&isNewUIMkpMik=false&skuNumbers=10635562,https://www.michaels.com/product/staedtler-doubleended-watercolor-brush-pen-set-10635562?michaelsStore=5804&inv=3
https://www.michaels.com/api/product/v2/sub-skus?source=pdpPage&orginSkuNumber=10712825&michaelsStoreId=9055&isNewUIMkpMik=false&skuNumbers=10712825,https://www.michaels.com/product/posca-pc5m-medium-tip-dark-color-paint-marker-set-10712825?michaelsStore=5804&inv=1
https://www.michaels.com/api/product/v2/sub-skus?source=pdpPage&orginSkuNumber=10602855&michaelsStoreId=9055&isNewUIMkpMik=false&skuNumbers=10602855,https://www.michaels.com/product/tombow-lettering-favorites-dual-brush-pens-10602855?michaelsStore=5804&inv=5
https://www.michaels.com/api/product/v2/sub-skus?source=pdpPage&orginSkuNumber=10274453&michaelsStoreId=9055&isNewUIMkpMik=false&skuNumbers=10274453,https://www.michaels.com/product/sharpie-fine-point-pens-black-10274453?michaelsStore=5804&inv=5
https://www.michaels.com/api/product/v2/sub-skus?source=pdpPage&orginSkuNumber=10692903&michaelsStoreId=9055&isNewUIMkpMik=false&skuNumbers=10692903,https://www.michaels.com/product/sharpie-permanent-marker-variety-pack-10692903?michaelsStore=5804&inv=5
https://www.michaels.com/api/product/v2/sub-skus?source=pdpPage&orginSkuNumber=10670845&michaelsStoreId=9055&isNewUIMkpMik=false&skuNumbers=10670845,https://www.michaels.com/product/mystic-gems-sharpie-ultra-fine-point-permanent-markers-12ct-10670845?michaelsStore=5804&inv=1
https://www.michaels.com/api/product/v2/sub-skus?source=pdpPage&orginSkuNumber=10712683&michaelsStoreId=9055&isNewUIMkpMik=false&skuNumbers=10712683,https://www.michaels.com/product/16-color-acrylic-paint-marker-set-by-artist's-loft-10712683?michaelsStore=5804&inv=4
https://www.michaels.com/api/product/v2/sub-skus?source=pdpPage&orginSkuNumber=10729071&michaelsStoreId=9055&isNewUIMkpMik=false&skuNumbers=10729071,https://www.michaels.com/product/fabercastell-grip-matic-mechanical-pencil-10729071?michaelsStore=5804&inv=2
https://www.michaels.com/api/product/v2/sub-skus?source=pdpPage&orginSkuNumber=10465075&michaelsStoreId=9055&isNewUIMkpMik=false&skuNumbers=10465075,https://www.michaels.com/product/staedtler-24-color-triangular-watercolor-pencils--10465075?michaelsStore=5804&inv=3
https://www.michaels.com/api/product/v2/sub-skus?source=pdpPage&orginSkuNumber=10371037&michaelsStoreId=9055&isNewUIMkpMik=false&skuNumbers=10371037,https://www.michaels.com/product/staedtler-mars-draft-technical-pencil-05mm-10371037?michaelsStore=5804&inv=2
https://www.michaels.com/api/product/v2/sub-skus?source=pdpPage&orginSkuNumber=10694378&michaelsStoreId=9055&isNewUIMkpMik=false&skuNumbers=10694378,https://www.michaels.com/product/micron-fine-bold-line-light-cool-gray-pen-set-10694378?michaelsStore=5804&inv=3
https://www.michaels.com/api/product/v2/sub-skus?source=pdpPage&orginSkuNumber=10635589&michaelsStoreId=9055&isNewUIMkpMik=false&skuNumbers=10635589,https://www.michaels.com/product/gelly-roll-stardust-meteor-glitter-gel-pen-set-10635589?michaelsStore=5804&inv=1
https://www.michaels.com/api/product/v2/sub-skus?source=pdpPage&orginSkuNumber=10332236&michaelsStoreId=9055&isNewUIMkpMik=false&skuNumbers=10332236,https://www.michaels.com/product/sharpie-chisel-tip-permanent-marker-set-10332236?michaelsStore=5804&inv=12
https://www.michaels.com/api/product/v2/sub-skus?source=pdpPage&orginSkuNumber=10232309&michaelsStoreId=9055&isNewUIMkpMik=false&skuNumbers=10232309,https://www.michaels.com/product/fabercastell-9000-art-set-10232309?michaelsStore=5804&inv=3
"https://www.michaels.com/api/product/v2/sub-skus?source=pdpPage&orginSkuNumber=10421939&michaelsStoreId=9055&isNewUIMkpMik=false&skuNumbers=D838272S,D838274S",https://www.michaels.com/product/pentel-arts-color-brush-black-pigment-ink-pen-10421939?michaelsStore=5804&inv=1
https://www.michaels.com/api/product/v2/sub-skus?source=pdpPage&orginSkuNumber=10536363&michaelsStoreId=9055&isNewUIMkpMik=false&skuNumbers=10536363,https://www.michaels.com/product/sketch-markers-by-artist's-loft-10536363?michaelsStore=5804&inv=36
https://www.michaels.com/api/product/v2/sub-skus?source=pdpPage&orginSkuNumber=D669423S&michaelsStoreId=9055&isNewUIMkpMik=false&skuNumbers=D669423S,https://www.michaels.com/product/goldfaber-color-pencil-art-set-D669423S
https://www.michaels.com/api/product/v2/sub-skus?source=pdpPage&orginSkuNumber=D620603S&michaelsStoreId=9055&isNewUIMkpMik=false&skuNumbers=D620603S,https://www.michaels.com/product/royal-langnickel-essentials-32-piece-sketching-drawing-beginner-artist-set-D620603S
https://www.michaels.com/api/product/v2/sub-skus?source=pdpPage&orginSkuNumber=10733532&michaelsStoreId=9055&isNewUIMkpMik=false&skuNumbers=10733532,https://www.michaels.com/product/fabercastell-10-color-grip-finepen-set-10733532?michaelsStore=5804&inv=1
https://www.michaels.com/api/product/v2/sub-skus?source=pdpPage&orginSkuNumber=D405163S&michaelsStoreId=9055&isNewUIMkpMik=false&skuNumbers=D405163S,https://www.michaels.com/product/prima-watercolor-brush-pens-D405163S
https://www.michaels.com/api/product/v2/sub-skus?source=pdpPage&orginSkuNumber=10728567&michaelsStoreId=9055&isNewUIMkpMik=false&skuNumbers=10728567,https://www.michaels.com/product/staedtler-pigments-arts-pastel-brush-pen-set-10728567?michaelsStore=5804&inv=2
https://www.michaels.com/api/product/v2/sub-skus?source=pdpPage&orginSkuNumber=10514323&michaelsStoreId=9055&isNewUIMkpMik=false&skuNumbers=10514323,https://www.michaels.com/product/tombow-bright-dual-brush-pens-10514323?michaelsStore=5804&inv=3
https://www.michaels.com/api/product/v2/sub-skus?source=pdpPage&orginSkuNumber=10729063&michaelsStoreId=9055&isNewUIMkpMik=false&skuNumbers=10729063,https://www.michaels.com/product/pentel-arts-graphgear-1000-07mm-automatic-drafting-pencil-10729063?michaelsStore=5804&inv=2
https://www.michaels.com/api/product/v2/sub-skus?source=pdpPage&orginSkuNumber=10189656&michaelsStoreId=9055&isNewUIMkpMik=false&skuNumbers=10189656,https://www.michaels.com/product/prismacolor-scholar-colored-pencils-10189656?michaelsStore=5804&inv=1
https://www.michaels.com/api/product/v2/sub-skus?source=pdpPage&orginSkuNumber=10715673&michaelsStoreId=9055&isNewUIMkpMik=false&skuNumbers=10715673,https://www.michaels.com/product/gelly-roll-classic-medium-retractable-gel-pen-set-10715673?michaelsStore=5804&inv=3
https://www.michaels.com/api/product/v2/sub-skus?source=pdpPage&orginSkuNumber=D735481S&michaelsStoreId=9055&isNewUIMkpMik=false&skuNumbers=D735481S,https://www.michaels.com/product/artskills-metallic-outline-markers-6ct-D735481S
https://www.michaels.com/api/product/v2/sub-skus?source=pdpPage&orginSkuNumber=10712583&michaelsStoreId=9055&isNewUIMkpMik=false&skuNumbers=10712583,https://www.michaels.com/product/metallic-gel-pen-set-by-artist's-loft-10712583?michaelsStore=5804&inv=2
https://www.michaels.com/api/product/v2/sub-skus?source=pdpPage&orginSkuNumber=10583151&michaelsStoreId=9055&isNewUIMkpMik=false&skuNumbers=10583151,https://www.michaels.com/product/staedtler-doubleended-watercolor-brush-pens-set-10583151?michaelsStore=5804&inv=3
https://www.michaels.com/api/product/v2/sub-skus?source=pdpPage&orginSkuNumber=10604040&michaelsStoreId=9055&isNewUIMkpMik=false&skuNumbers=10604040,https://www.michaels.com/product/winsor-newton-studio-collection-graphite-pencil-set-10604040?michaelsStore=5804&inv=2
https://www.michaels.com/api/product/v2/sub-skus?source=pdpPage&orginSkuNumber=10514396&michaelsStoreId=9055&isNewUIMkpMik=false&skuNumbers=10514396,https://www.michaels.com/product/fabercastell-pitt-graphite-master-set-10514396?michaelsStore=5804&inv=2
https://www.michaels.com/api/product/v2/sub-skus?source=pdpPage&orginSkuNumber=10728561&michaelsStoreId=9055&isNewUIMkpMik=false&skuNumbers=10728561,https://www.michaels.com/product/staedtler-05mm-6-color-pigment-liner-set-10728561?michaelsStore=5804&inv=2
https://www.michaels.com/api/product/v2/sub-skus?source=pdpPage&orginSkuNumber=D524355S&michaelsStoreId=9055&isNewUIMkpMik=false&skuNumbers=D524355S,https://www.michaels.com/product/royal-langnickel-essentials-24-drawing-artist-colored-pencil-set-D524355S
https://www.michaels.com/api/product/v2/sub-skus?source=pdpPage&orginSkuNumber=D597666S&michaelsStoreId=9055&isNewUIMkpMik=false&skuNumbers=D597666S,https://www.michaels.com/product/royal-langnickel-essentials-29-piece-watercolor-pencil-art-set-D597666S
https://www.michaels.com/api/product/v2/sub-skus?source=pdpPage&orginSkuNumber=10539870&michaelsStoreId=9055&isNewUIMkpMik=false&skuNumbers=10539870,https://www.michaels.com/product/multi-tip-black-illustration-pen-set-by-artist's-loft-10539870?michaelsStore=5804&inv=1
https://www.michaels.com/api/product/v2/sub-skus?source=pdpPage&orginSkuNumber=10715671&michaelsStoreId=9055&isNewUIMkpMik=false&skuNumbers=10715671,https://www.michaels.com/product/pigma-micron-08-fine-line-8-color-pen-set-10715671?michaelsStore=5804&inv=5
"https://www.michaels.com/api/product/v2/sub-skus?source=pdpPage&orginSkuNumber=10733537&michaelsStoreId=9055&isNewUIMkpMik=false&skuNumbers=10733538,10733537",https://www.michaels.com/product/fabercastell-black-edition-colored-pencils-10733537?michaelsStore=5804&inv=1
https://www.michaels.com/api/product/v2/sub-skus?source=pdpPage&orginSkuNumber=10386447&michaelsStoreId=9055&isNewUIMkpMik=false&skuNumbers=10386447,https://www.michaels.com/product/pigma-brush-pen-8-color-set-10386447?michaelsStore=5804&inv=1
https://www.michaels.com/api/product/v2/sub-skus?source=pdpPage&orginSkuNumber=10728569&michaelsStoreId=9055&isNewUIMkpMik=false&skuNumbers=10728569,https://www.michaels.com/product/staedtler-pigments-arts-24-color-brush-pen-set-10728569?michaelsStore=5804&inv=2
https://www.michaels.com/api/product/v2/sub-skus?source=pdpPage&orginSkuNumber=D272866S&michaelsStoreId=9055&isNewUIMkpMik=false&skuNumbers=D272866S,https://www.michaels.com/product/pilot-namiki-blue-black-ink-cartridges-12ct-D272866S
https://www.michaels.com/api/product/v2/sub-skus?source=pdpPage&orginSkuNumber=10729053&michaelsStoreId=9055&isNewUIMkpMik=false&skuNumbers=10729053,https://www.michaels.com/product/fabercastell-goldfaber-aqua-flowers-dualtip-marker-set-10729053?michaelsStore=5804&inv=1
https://www.michaels.com/api/product/v2/sub-skus?source=pdpPage&orginSkuNumber=10065286&michaelsStoreId=9055&isNewUIMkpMik=false&skuNumbers=10065286,https://www.michaels.com/product/speedball-elegant-writer-calligraphy-set-10065286?michaelsStore=5804&inv=2
https://www.michaels.com/api/product/v2/sub-skus?source=pdpPage&orginSkuNumber=10728566&michaelsStoreId=9055&isNewUIMkpMik=false&skuNumbers=10728566,https://www.michaels.com/product/staedtler-pigments-arts-basic-brush-pen-set-10728566?michaelsStore=5804&inv=2
https://www.michaels.com/api/product/v2/sub-skus?source=pdpPage&orginSkuNumber=10671660&michaelsStoreId=9055&isNewUIMkpMik=false&skuNumbers=10671660,https://www.michaels.com/product/staedtler-12-super-soft-colored-pencil-set-10671660?michaelsStore=5804&inv=1
https://www.michaels.com/api/product/v2/sub-skus?source=pdpPage&orginSkuNumber=10485771&michaelsStoreId=9055&isNewUIMkpMik=false&skuNumbers=10485771,https://www.michaels.com/product/graphite-set-by-artist's-loft-10485771?michaelsStore=5804&inv=4
https://www.michaels.com/api/product/v2/sub-skus?source=pdpPage&orginSkuNumber=D735480S&michaelsStoreId=9055&isNewUIMkpMik=false&skuNumbers=D735480S,https://www.michaels.com/product/artskills-graphite-pencils-for-drawing-and-sketching-8ct-D735480S
https://www.michaels.com/api/product/v2/sub-skus?source=pdpPage&orginSkuNumber=10555778&michaelsStoreId=9055&isNewUIMkpMik=false&skuNumbers=10555778,https://www.michaels.com/product/copic-pale-pastels-sketch-marker-set-10555778
https://www.michaels.com/api/product/v2/sub-skus?source=pdpPage&orginSkuNumber=10555498&michaelsStoreId=9055&isNewUIMkpMik=false&skuNumbers=10555498,https://www.michaels.com/product/prismacolor-premier-under-the-sea-colored-pencil-set-10555498?michaelsStore=5804&inv=6
https://www.michaels.com/api/product/v2/sub-skus?source=pdpPage&orginSkuNumber=10719403&michaelsStoreId=9055&isNewUIMkpMik=false&skuNumbers=10719403,https://www.michaels.com/product/staedtler-18-color-triangular-watercolor-pencils-10719403?michaelsStore=5804&inv=4
https://www.michaels.com/api/product/v2/sub-skus?source=pdpPage&orginSkuNumber=D621936S&michaelsStoreId=9055&isNewUIMkpMik=false&skuNumbers=D621936S,https://www.michaels.com/product/pentel-energel-rtx-05mm-assorted-colors-retractable-liquid-gel-pen-set-D621936S
"https://www.michaels.com/api/product/v2/sub-skus?source=pdpPage&orginSkuNumber=10335894&michaelsStoreId=9055&isNewUIMkpMik=false&skuNumbers=10335894,10335892",https://www.michaels.com/product/watercolor-pencil-set-by-artist's-loft-10335894
https://www.michaels.com/api/product/v2/sub-skus?source=pdpPage&orginSkuNumber=10555779&michaelsStoreId=9055&isNewUIMkpMik=false&skuNumbers=10555779,https://www.michaels.com/product/copic-floral-favorites-2-sketch-marker-set-10555779?michaelsStore=5804&inv=1
https://www.michaels.com/api/product/v2/sub-skus?source=pdpPage&orginSkuNumber=D612211S&michaelsStoreId=9055&isNewUIMkpMik=false&skuNumbers=D612211S,https://www.michaels.com/product/manuscript-callicreative-lettering-set-D612211S
https://www.michaels.com/api/product/v2/sub-skus?source=pdpPage&orginSkuNumber=10556523&michaelsStoreId=9055&isNewUIMkpMik=false&skuNumbers=10556523,https://www.michaels.com/product/prismacolor-premier-highlighting-shading-colored-pencil-set-10556523?michaelsStore=5804&inv=1
https://www.michaels.com/api/product/v2/sub-skus?source=pdpPage&orginSkuNumber=10728568&michaelsStoreId=9055&isNewUIMkpMik=false&skuNumbers=10728568,https://www.michaels.com/product/staedtler-pigments-arts-nature-brush-pen-set-10728568?michaelsStore=5804&inv=2
https://www.michaels.com/api/product/v2/sub-skus?source=pdpPage&orginSkuNumber=D618113S&michaelsStoreId=9055&isNewUIMkpMik=false&skuNumbers=D618113S,https://www.michaels.com/product/leisure-arts-calligraphy-marker-set-D618113S
https://www.michaels.com/api/product/v2/sub-skus?source=pdpPage&orginSkuNumber=10691936&michaelsStoreId=9055&isNewUIMkpMik=false&skuNumbers=10691936,https://www.michaels.com/product/dual-tip-jewel-tone-sketch-marker-set-by-artist's-loft-10691936?michaelsStore=5804&inv=6
https://www.michaels.com/api/product/v2/sub-skus?source=pdpPage&orginSkuNumber=D524357S&michaelsStoreId=9055&isNewUIMkpMik=false&skuNumbers=D524357S,https://www.michaels.com/product/royal-langnickel-essentials-24-color-watercolor-drawing-artist-pencil-set--D524357S
https://www.michaels.com/api/product/v2/sub-skus?source=pdpPage&orginSkuNumber=10697437&michaelsStoreId=9055&isNewUIMkpMik=false&skuNumbers=10697437,https://www.michaels.com/product/faber-castell-classic-pitt-artist-pen-set-10697437?michaelsStore=5804&inv=10
https://www.michaels.com/api/product/v2/sub-skus?source=pdpPage&orginSkuNumber=10514716&michaelsStoreId=9055&isNewUIMkpMik=false&skuNumbers=10514716,https://www.michaels.com/product/watercolor-48-piece-dualtip-markers-by-artist's-loft-10514716?michaelsStore=5804&inv=10
04&inv=2
https://www.michaels.com/api/product/v2/sub-skus?source=pdpPage&orginSkuNumber=D621945S&michaelsStoreId=9055&isNewUIMkpMik=false&skuNumbers=D621945S,https://www.michaels.com/product/pentel-rsvp-assorted-colors-medium-ballpoint-pens-D621945S
https://www.michaels.com/api/product/v2/sub-skus?source=pdpPage&orginSkuNumber=10733533&michaelsStoreId=9055&isNewUIMkpMik=false&skuNumbers=10733533,https://www.michaels.com/product/fabercastell-basic-colors-grip-finepen-set-10733533?michaelsStore=5804&inv=3
https://www.michaels.com/api/product/v2/sub-skus?source=pdpPage&orginSkuNumber=10712584&michaelsStoreId=9055&isNewUIMkpMik=false&skuNumbers=10712584,https://www.michaels.com/product/pastel-gel-pen-set-by-artist's-loft-10712584?michaelsStore=5804&inv=1
https://www.michaels.com/api/product/v2/sub-skus?source=pdpPage&orginSkuNumber=10733546&michaelsStoreId=9055&isNewUIMkpMik=false&skuNumbers=10733546,https://www.michaels.com/product/fabercastell-poly-ball-urban-ballpoint-pen-10733546?michaelsStore=5804&inv=2
"https://www.michaels.com/api/product/v2/sub-skus?source=pdpPage&orginSkuNumber=10624887&michaelsStoreId=9055&isNewUIMkpMik=false&skuNumbers=10624887,D304598S",https://www.michaels.com/product/sharpie-sgel-black-pens-2ct-10624887?michaelsStore=5804&inv=4
https://www.michaels.com/api/product/v2/sub-skus?source=pdpPage&orginSkuNumber=10691966&michaelsStoreId=9055&isNewUIMkpMik=false&skuNumbers=10691966,https://www.michaels.com/product/graphite-sketching-pencil-set-by-artist's-loft-10691966?michaelsStore=5804&inv=2
https://www.michaels.com/api/product/v2/sub-skus?source=pdpPage&orginSkuNumber=10692706&michaelsStoreId=9055&isNewUIMkpMik=false&skuNumbers=10692706,https://www.michaels.com/product/chisel-tip-8-color-paint-marker-set-by-artist's-loft-10692706?michaelsStore=5804&inv=2
https://www.michaels.com/api/product/v2/sub-skus?source=pdpPage&orginSkuNumber=10692702&michaelsStoreId=9055&isNewUIMkpMik=false&skuNumbers=10692702,https://www.michaels.com/product/bullet-tip-8-color-paint-marker-set-by-artist's-loft-10692702?michaelsStore=5804&inv=2
https://www.michaels.com/api/product/v2/sub-skus?source=pdpPage&orginSkuNumber=10671658&michaelsStoreId=9055&isNewUIMkpMik=false&skuNumbers=10671658,https://www.michaels.com/product/staedtler-tinted-watercolour-pencils-10671658?michaelsStore=5804&inv=1
https://www.michaels.com/api/product/v2/sub-skus?source=pdpPage&orginSkuNumber=10717948&michaelsStoreId=9055&isNewUIMkpMik=false&skuNumbers=10717948,https://www.michaels.com/product/staedtler-72-color-doubleended-watercolor-brush-pen-set-10717948?michaelsStore=5804&inv=2
https://www.michaels.com/api/product/v2/sub-skus?source=pdpPage&orginSkuNumber=D622020S&michaelsStoreId=9055&isNewUIMkpMik=false&skuNumbers=D622020S,https://www.michaels.com/product/sharpie-fine-point-8-color-art-pens-with-hard-case-D622020S
https://www.michaels.com/api/product/v2/sub-skus?source=pdpPage&orginSkuNumber=10555319&michaelsStoreId=9055&isNewUIMkpMik=false&skuNumbers=10555319,https://www.michaels.com/product/staedtler-mars-lumograph-drawing-pencils-set-of-6-10555319?michaelsStore=5804&inv=7
https://www.michaels.com/api/product/v2/sub-skus?source=pdpPage&orginSkuNumber=D621974S&michaelsStoreId=9055&isNewUIMkpMik=false&skuNumbers=D621974S,https://www.michaels.com/product/pilot-g2-bold-10mm-black-premium-gel-roller-pen-set-D621974S
https://www.michaels.com/api/product/v2/sub-skus?source=pdpPage&orginSkuNumber=D621994S&michaelsStoreId=9055&isNewUIMkpMik=false&skuNumbers=D621994S,https://www.michaels.com/product/gelly-roll-stardust-bold-point-clear-pens-6ct-D621994S
https://www.michaels.com/api/product/v2/sub-skus?source=pdpPage&orginSkuNumber=10603258&michaelsStoreId=9055&isNewUIMkpMik=false&skuNumbers=10603258,https://www.michaels.com/product/uni-posca-pc3m-fine-tip-paint-marker-set-10603258?michaelsStore=5804&inv=4
https://www.michaels.com/api/product/v2/sub-skus?source=pdpPage&orginSkuNumber=10421601&michaelsStoreId=9055&isNewUIMkpMik=false&skuNumbers=10421601,https://www.michaels.com/product/soft-pastels-by-artist's-loft-fundamentals-10421601?michaelsStore=5804&inv=5
https://www.michaels.com/api/product/v2/sub-skus?source=pdpPage&orginSkuNumber=10719400&michaelsStoreId=9055&isNewUIMkpMik=false&skuNumbers=10719400,https://www.michaels.com/product/staedtler-10-color-bullet-tip-metallic-pen-set-10719400?michaelsStore=5804&inv=4
https://www.michaels.com/api/product/v2/sub-skus?source=pdpPage&orginSkuNumber=10322724&michaelsStoreId=9055&isNewUIMkpMik=false&skuNumbers=10322724,https://www.michaels.com/product/pigma-calligrapher-black-pen-set-10322724
https://www.michaels.com/api/product/v2/sub-skus?source=pdpPage&orginSkuNumber=10624889&michaelsStoreId=9055&isNewUIMkpMik=false&skuNumbers=10624889,https://www.michaels.com/product/paper-mate-flair-retro-accents-12-color-felt-tip-pen-set-10624889?michaelsStore=5804&inv=6
https://www.michaels.com/api/product/v2/sub-skus?source=pdpPage&orginSkuNumber=10729045&michaelsStoreId=9055&isNewUIMkpMik=false&skuNumbers=10729045,https://www.michaels.com/product/fabercastell-goldfaber-aqua-basic-shades-dualtip-marker-set-10729045?michaelsStore=5804&inv=1
https://www.michaels.com/api/product/v2/sub-skus?source=pdpPage&orginSkuNumber=10729055&michaelsStoreId=9055&isNewUIMkpMik=false&skuNumbers=10729055,https://www.michaels.com/product/fabercastell-goldfaber-aqua-tuscany-dualtip-marker-set-10729055?michaelsStore=5804&inv=2
https://www.michaels.com/api/product/v2/sub-skus?source=pdpPage&orginSkuNumber=10694382&michaelsStoreId=9055&isNewUIMkpMik=false&skuNumbers=10694382,https://www.michaels.com/product/micron-fine-bold-line-cool-gray-pen-set-10694382?michaelsStore=5804&inv=7
https://www.michaels.com/api/product/v2/sub-skus?source=pdpPage&orginSkuNumber=10635607&michaelsStoreId=9055&isNewUIMkpMik=false&skuNumbers=10635607,https://www.michaels.com/product/tombow-fudenosuke-6-neon-color-brush-pen-set-10635607?michaelsStore=5804&inv=2
https://www.michaels.com/api/product/v2/sub-skus?source=pdpPage&orginSkuNumber=10715668&michaelsStoreId=9055&isNewUIMkpMik=false&skuNumbers=10715668,https://www.michaels.com/product/pigma-micron-black-gray-3-piece-fine-line-pen-set-10715668?michaelsStore=5804&inv=2
https://www.michaels.com/api/product/v2/sub-skus?source=pdpPage&orginSkuNumber=10514321&michaelsStoreId=9055&isNewUIMkpMik=false&skuNumbers=10514321,https://www.michaels.com/product/tombow-portrait-dual-brush-pens-10514321?michaelsStore=5804&inv=5
"https://www.michaels.com/api/product/v2/sub-skus?source=pdpPage&orginSkuNumber=10733542&michaelsStoreId=9055&isNewUIMkpMik=false&skuNumbers=10733543,10733541,10733542",https://www.michaels.com/product/fabercastell-black-edition-felt-tip-brush-pens-10733542?michaelsStore=5804&inv=2
https://www.michaels.com/api/product/v2/sub-skus?source=pdpPage&orginSkuNumber=10670842&michaelsStoreId=9055&isNewUIMkpMik=false&skuNumbers=10670842,https://www.michaels.com/product/paper-mate-flair-scented-sunday-brunch-felt-tip-pen-set-10670842?michaelsStore=5804&inv=4
https://www.michaels.com/api/product/v2/sub-skus?source=pdpPage&orginSkuNumber=10733534&michaelsStoreId=9055&isNewUIMkpMik=false&skuNumbers=10733534,https://www.michaels.com/product/fabercastell-neon-colors-grip-finepen-set-10733534?michaelsStore=5804&inv=4
https://www.michaels.com/api/product/v2/sub-skus?source=pdpPage&orginSkuNumber=10729041&michaelsStoreId=9055&isNewUIMkpMik=false&skuNumbers=10729041,https://www.michaels.com/product/fabercastell-goldfaber-aqua-portrait-dualtip-marker-set-10729041?michaelsStore=5804&inv=2
https://www.michaels.com/api/product/v2/sub-skus?source=pdpPage&orginSkuNumber=10691924&michaelsStoreId=9055&isNewUIMkpMik=false&skuNumbers=10691924,https://www.michaels.com/product/dual-tip-neutral-sketch-marker-set-by-artist's-loft-10691924?michaelsStore=5804&inv=5
https://www.michaels.com/api/product/v2/sub-skus?source=pdpPage&orginSkuNumber=10465077&michaelsStoreId=9055&isNewUIMkpMik=false&skuNumbers=10465077,https://www.michaels.com/product/staedtler-triplus-fineliners-20-count-10465077?michaelsStore=5804&inv=5
https://www.michaels.com/api/product/v2/sub-skus?source=pdpPage&orginSkuNumber=10361464&michaelsStoreId=9055&isNewUIMkpMik=false&skuNumbers=10361464,https://www.michaels.com/product/copic-earth-essentials-sketch-marker-set-10361464?michaelsStore=5804&inv=1
https://www.michaels.com/api/product/v2/sub-skus?source=pdpPage&orginSkuNumber=10514409&michaelsStoreId=9055&isNewUIMkpMik=false&skuNumbers=10514409,https://www.michaels.com/product/fabercastell-pitt-artist-pen-soft-brush-set-8-piece-10514409?michaelsStore=5804&inv=1
https://www.michaels.com/api/product/v2/sub-skus?source=pdpPage&orginSkuNumber=10514403&michaelsStoreId=9055&isNewUIMkpMik=false&skuNumbers=10514403,https://www.michaels.com/product/fabercastell-pitt-4-piece-black-artist-pen-set-10514403?michaelsStore=5804&inv=4
https://www.michaels.com/api/product/v2/sub-skus?source=pdpPage&orginSkuNumber=10733548&michaelsStoreId=9055&isNewUIMkpMik=false&skuNumbers=10733548,https://www.michaels.com/product/fabercastell-grip-2001-pencil-sleeve-set-10733548?michaelsStore=5804&inv=2
https://www.michaels.com/api/product/v2/sub-skus?source=pdpPage&orginSkuNumber=10335896&michaelsStoreId=9055&isNewUIMkpMik=false&skuNumbers=10335896,https://www.michaels.com/product/sketching-pencil-12-piece-set-by-artist's-loft-10335896?michaelsStore=5804&inv=5
https://www.michaels.com/api/product/v2/sub-skus?source=pdpPage&orginSkuNumber=10189659&michaelsStoreId=9055&isNewUIMkpMik=false&skuNumbers=10189659,https://www.michaels.com/product/prismacolor-scholar-colored-pencils-10189659?michaelsStore=5804&inv=1
https://www.michaels.com/api/product/v2/sub-skus?source=pdpPage&orginSkuNumber=10670336&michaelsStoreId=9055&isNewUIMkpMik=false&skuNumbers=10670336,https://www.michaels.com/product/48-color-dual-tip-sketch-markers-by-artist's-loft-10670336?michaelsStore=5804&inv=1
https://www.michaels.com/api/product/v2/sub-skus?source=pdpPage&orginSkuNumber=10733539&michaelsStoreId=9055&isNewUIMkpMik=false&skuNumbers=10733539,https://www.michaels.com/product/fabercastell-black-edition-neon-pastel-colored-pencils-10733539?michaelsStore=5804&inv=2
https://www.michaels.com/api/product/v2/sub-skus?source=pdpPage&orginSkuNumber=10556835&michaelsStoreId=9055&isNewUIMkpMik=false&skuNumbers=10556835,https://www.michaels.com/product/winsor-newton-studio-collection-sketching-pencil-6pc-tin-set-10556835?michaelsStore=5804&inv=10
https://www.michaels.com/api/product/v2/sub-skus?source=pdpPage&orginSkuNumber=10604038&michaelsStoreId=9055&isNewUIMkpMik=false&skuNumbers=10604038,https://www.michaels.com/product/winsor-newton-studio-collection-graphite-pencil-set-eraser-10604038?michaelsStore=5804&inv=4
https://www.michaels.com/api/product/v2/sub-skus?source=pdpPage&orginSkuNumber=10485920&michaelsStoreId=9055&isNewUIMkpMik=false&skuNumbers=10485920,https://www.michaels.com/product/charcoal-pencil-set-by-artist's-loft-10485920?michaelsStore=5804&inv=1
"https://www.michaels.com/api/product/v2/sub-skus?source=pdpPage&orginSkuNumber=10583448&michaelsStoreId=9055&isNewUIMkpMik=false&skuNumbers=10583448,10583452,10583450",https://www.michaels.com/product/pigma-micron-fine-line-black-pens-3ct-10583448?michaelsStore=5804&inv=4
https://www.michaels.com/api/product/v2/sub-skus?source=pdpPage&orginSkuNumber=10123222&michaelsStoreId=9055&isNewUIMkpMik=false&skuNumbers=10123222,https://www.michaels.com/product/sharpie-magnum-black-extra-large-chisel-marker-10123222?michaelsStore=5804&inv=2
https://www.michaels.com/api/product/v2/sub-skus?source=pdpPage&orginSkuNumber=10487070&michaelsStoreId=9055&isNewUIMkpMik=false&skuNumbers=10487070,https://www.michaels.com/product/beginner-drawing-sketching-set-by-artist's-loft-10487070?michaelsStore=5804&inv=5
https://www.michaels.com/api/product/v2/sub-skus?source=pdpPage&orginSkuNumber=10279040&michaelsStoreId=9055&isNewUIMkpMik=false&skuNumbers=10279040,https://www.michaels.com/product/fabercastell-graphite-aquarelle-set-10279040
https://www.michaels.com/api/product/v2/sub-skus?source=pdpPage&orginSkuNumber=10371038&michaelsStoreId=9055&isNewUIMkpMik=false&skuNumbers=10371038,https://www.michaels.com/product/staedtler-mars-draft-technical-pencil-07-mm-10371038?michaelsStore=5804&inv=2
https://www.michaels.com/api/product/v2/sub-skus?source=pdpPage&orginSkuNumber=10516312&michaelsStoreId=9055&isNewUIMkpMik=false&skuNumbers=10516312,https://www.michaels.com/product/gray-sketch-markers-by-artist's-loft-10516312?michaelsStore=5804&inv=4
https://www.michaels.com/api/product/v2/sub-skus?source=pdpPage&orginSkuNumber=10692908&michaelsStoreId=9055&isNewUIMkpMik=false&skuNumbers=10692908,https://www.michaels.com/product/sharpie-s-gel-blue-ink-pen-set-10692908?michaelsStore=5804&inv=5
https://www.michaels.com/api/product/v2/sub-skus?source=pdpPage&orginSkuNumber=10670335&michaelsStoreId=9055&isNewUIMkpMik=false&skuNumbers=10670335,https://www.michaels.com/product/48-color-dual-tip-permanent-markers-by-artist's-loft-10670335?michaelsStore=5804&inv=6
https://www.michaels.com/api/product/v2/sub-skus?source=pdpPage&orginSkuNumber=10115537&michaelsStoreId=9055&isNewUIMkpMik=false&skuNumbers=10115537,https://www.michaels.com/product/prismacolor-premier-verithin-36-color-pencil-set-10115537?michaelsStore=5804&inv=1
https://www.michaels.com/api/product/v2/sub-skus?source=pdpPage&orginSkuNumber=10397543&michaelsStoreId=9055&isNewUIMkpMik=false&skuNumbers=10397543,https://www.michaels.com/product/staedtler-triplus-fineliner-10397543?michaelsStore=5804&inv=5
https://www.michaels.com/api/product/v2/sub-skus?source=pdpPage&orginSkuNumber=10700546&michaelsStoreId=9055&isNewUIMkpMik=false&skuNumbers=10700546,https://www.michaels.com/product/staedtler-watercolor-graphite-pencil-set-10700546?michaelsStore=5804&inv=1
https://www.michaels.com/api/product/v2/sub-skus?source=pdpPage&orginSkuNumber=10715499&michaelsStoreId=9055&isNewUIMkpMik=false&skuNumbers=10715499,https://www.michaels.com/product/tombow-fudenosuke-white-calligraphy-brush-pens-2ct-10715499?michaelsStore=5804&inv=1
https://www.michaels.com/api/product/v2/sub-skus?source=pdpPage&orginSkuNumber=10635583&michaelsStoreId=9055&isNewUIMkpMik=false&skuNumbers=10635583,https://www.michaels.com/product/gelly-roll-moonlight-06-fine-point-gel-pen-5-color-set-daylight-10635583?michaelsStore=5804&inv=4
https://www.michaels.com/api/product/v2/sub-skus?source=pdpPage&orginSkuNumber=D621937S&michaelsStoreId=9055&isNewUIMkpMik=false&skuNumbers=D621937S,https://www.michaels.com/product/pentel-energel-rtx-07mm-assorted-ink-colors-retractable-liquid-gel-pen-set-D621937S
https://www.michaels.com/api/product/v2/sub-skus?source=pdpPage&orginSkuNumber=10200723&michaelsStoreId=9055&isNewUIMkpMik=false&skuNumbers=10200723,https://www.michaels.com/product/dual-tip-permanent-markers-12ct-by-artist's-loft-10200723?michaelsStore=5804&inv=2
https://www.michaels.com/api/product/v2/sub-skus?source=pdpPage&orginSkuNumber=10712685&michaelsStoreId=9055&isNewUIMkpMik=false&skuNumbers=10712685,https://www.michaels.com/product/fashion-colors-acrylic-paint-marker-set-by-artist's-loft-10712685
https://www.michaels.com/api/product/v2/sub-skus?source=pdpPage&orginSkuNumber=10714766&michaelsStoreId=9055&isNewUIMkpMik=false&skuNumbers=10714766,https://www.michaels.com/product/sharpie-mixed-style-fine-tip-permanent-marker-set-10714766?michaelsStore=5804&inv=2
https://www.michaels.com/api/product/v2/sub-skus?source=pdpPage&orginSkuNumber=10230283&michaelsStoreId=9055&isNewUIMkpMik=false&skuNumbers=10230283,https://www.michaels.com/product/copic-skintones-1-sketch-marker-set-10230283
https://www.michaels.com/api/product/v2/sub-skus?source=pdpPage&orginSkuNumber=10539420&michaelsStoreId=9055&isNewUIMkpMik=false&skuNumbers=10539420,https://www.michaels.com/product/tombow-galaxy-dual-brush-pens-10539420?michaelsStore=5804&inv=3
https://www.michaels.com/api/product/v2/sub-skus?source=pdpPage&orginSkuNumber=10715682&michaelsStoreId=9055&isNewUIMkpMik=false&skuNumbers=10715682,https://www.michaels.com/product/gelly-roll-stardust-medium-retractable-pen-set-10715682?michaelsStore=5804&inv=4
https://www.michaels.com/api/product/v2/sub-skus?source=pdpPage&orginSkuNumber=10635591&michaelsStoreId=9055&isNewUIMkpMik=false&skuNumbers=10635591,https://www.michaels.com/product/gelly-roll-moonlight-06-fine-point-gel-pen-5-color-set-twilight-10635591?michaelsStore=5804&inv=2
https://www.michaels.com/api/product/v2/sub-skus?source=pdpPage&orginSkuNumber=10998517&michaelsStoreId=9055&isNewUIMkpMik=false&skuNumbers=10998517,https://www.michaels.com/product/prismacolor-premier-turquoise-soft-graphite-pencil-set-10998517?michaelsStore=5804&inv=20
https://www.michaels.com/api/product/v2/sub-skus?source=pdpPage&orginSkuNumber=10352831&michaelsStoreId=9055&isNewUIMkpMik=false&skuNumbers=10352831,https://www.michaels.com/product/sharpie-fine-point-permanent-markers-10352831?michaelsStore=5804&inv=5
https://www.michaels.com/api/product/v2/sub-skus?source=pdpPage&orginSkuNumber=10715672&michaelsStoreId=9055&isNewUIMkpMik=false&skuNumbers=10715672,https://www.michaels.com/product/gelly-roll-moods-gratitude-mediumbold-gel-pen-set-10715672?michaelsStore=5804&inv=4
https://www.michaels.com/api/product/v2/sub-skus?source=pdpPage&orginSkuNumber=10583065&michaelsStoreId=9055&isNewUIMkpMik=false&skuNumbers=10583065,https://www.michaels.com/product/staedtler-mars-lumograph-black-pencil-set-10583065
https://www.michaels.com/api/product/v2/sub-skus?source=pdpPage&orginSkuNumber=10582887&michaelsStoreId=9055&isNewUIMkpMik=false&skuNumbers=10582887,https://www.michaels.com/product/paper-mate-flair-felt-tip-pen-12-color-set-10582887?michaelsStore=5804&inv=4
https://www.michaels.com/api/product/v2/sub-skus?source=pdpPage&orginSkuNumber=10667293&michaelsStoreId=9055&isNewUIMkpMik=false&skuNumbers=10667293,https://www.michaels.com/product/watercolor-pencil-set-by-artist's-loft-48-ct--10667293?michaelsStore=5804&inv=3
https://www.michaels.com/api/product/v2/sub-skus?source=pdpPage&orginSkuNumber=10733545&michaelsStoreId=9055&isNewUIMkpMik=false&skuNumbers=10733545,https://www.michaels.com/product/fabercastell-8-color-textliner-46-highlighters-10733545
https://www.michaels.com/api/product/v2/sub-skus?source=pdpPage&orginSkuNumber=10527790&michaelsStoreId=9055&isNewUIMkpMik=false&skuNumbers=10527790,https://www.michaels.com/product/pigma-micron-05-fine-line-black-pens-6ct-10527790?michaelsStore=5804&inv=1
https://www.michaels.com/api/product/v2/sub-skus?source=pdpPage&orginSkuNumber=10697440&michaelsStoreId=9055&isNewUIMkpMik=false&skuNumbers=10697440,https://www.michaels.com/product/faber-castell-pitt-artist-pen-wallet-set-10697440
https://www.michaels.com/api/product/v2/sub-skus?source=pdpPage&orginSkuNumber=10733544&michaelsStoreId=9055&isNewUIMkpMik=false&skuNumbers=10733544,https://www.michaels.com/product/fabercastell-4-color-textliner-46-highlighters-10733544
https://www.michaels.com/api/product/v2/sub-skus?source=pdpPage&orginSkuNumber=10700543&michaelsStoreId=9055&isNewUIMkpMik=false&skuNumbers=10700543,https://www.michaels.com/product/staedtler-12-piece-sketching-set-10700543?michaelsStore=5804&inv=5
https://www.michaels.com/api/product/v2/sub-skus?source=pdpPage&orginSkuNumber=10597725&michaelsStoreId=9055&isNewUIMkpMik=false&skuNumbers=10597725,https://www.michaels.com/product/floral-level-2-dual-tip-sketch-marker-set-by-artists-loft-10597725?michaelsStore=5804&inv=2
https://www.michaels.com/api/product/v2/sub-skus?source=pdpPage&orginSkuNumber=10516313&michaelsStoreId=9055&isNewUIMkpMik=false&skuNumbers=10516313,https://www.michaels.com/product/portrait-sketch-markers-by-artist's-loft-10516313?michaelsStore=5804&inv=6
https://www.michaels.com/api/product/v2/sub-skus?source=pdpPage&orginSkuNumber=10691992&michaelsStoreId=9055&isNewUIMkpMik=false&skuNumbers=10691992,https://www.michaels.com/product/jumbo-graphite-pencil-set-by-artist's-loft-10691992?michaelsStore=5804&inv=2
https://www.michaels.com/api/product/v2/sub-skus?source=pdpPage&orginSkuNumber=10514200&michaelsStoreId=9055&isNewUIMkpMik=false&skuNumbers=10514200,https://www.michaels.com/product/pigma-graphic-black-3-pen-set-10514200?michaelsStore=5804&inv=2
https://www.michaels.com/api/product/v2/sub-skus?source=pdpPage&orginSkuNumber=D620556S&michaelsStoreId=9055&isNewUIMkpMik=false&skuNumbers=D620556S,https://www.michaels.com/product/staedtler-marsgraphic-duo-18-color-doubleended-watercolor-brush-pen-set-D620556S
"https://www.michaels.com/api/product/v2/sub-skus?source=pdpPage&orginSkuNumber=10728565&michaelsStoreId=9055&isNewUIMkpMik=false&skuNumbers=10781794,10781796,10728565,10781791,10781789",https://www.michaels.com/product/staedtler-pigments-arts-brush-pen-set-10728565?michaelsStore=5804&inv=2
https://www.michaels.com/api/product/v2/sub-skus?source=pdpPage&orginSkuNumber=D620555S&michaelsStoreId=9055&isNewUIMkpMik=false&skuNumbers=D620555S,https://www.michaels.com/product/sharpie-ultra-fine-black-retractable-permanent-markers-3ct-D620555S
https://www.michaels.com/api/product/v2/sub-skus?source=pdpPage&orginSkuNumber=D669434S&michaelsStoreId=9055&isNewUIMkpMik=false&skuNumbers=D669434S,https://www.michaels.com/product/goldfaber-woman-dual-ended-aqua-markers-24ct-D669434S
https://www.michaels.com/api/product/v2/sub-skus?source=pdpPage&orginSkuNumber=10712828&michaelsStoreId=9055&isNewUIMkpMik=false&skuNumbers=10712828,https://www.michaels.com/product/posca-pc3ml-fine-tip-glitter-paint-marker-set-10712828?michaelsStore=5804&inv=10
https://www.michaels.com/api/product/v2/sub-skus?source=pdpPage&orginSkuNumber=10527791&michaelsStoreId=9055&isNewUIMkpMik=false&skuNumbers=10527791,https://www.michaels.com/product/pigma-micron-08-fine-line-black-pens-6ct-10527791?michaelsStore=5804&inv=4
https://www.michaels.com/api/product/v2/sub-skus?source=pdpPage&orginSkuNumber=D669433S&michaelsStoreId=9055&isNewUIMkpMik=false&skuNumbers=D669433S,https://www.michaels.com/product/fabercastell-goldfaber-aqua-12-color-dual-ended-watercolor-marker-set-D669433S
https://www.michaels.com/api/product/v2/sub-skus?source=pdpPage&orginSkuNumber=10516316&michaelsStoreId=9055&isNewUIMkpMik=false&skuNumbers=10516316,https://www.michaels.com/product/bright-primaries-sketch-markers-by-artist's-loft-10516316?michaelsStore=5804&inv=9
https://www.michaels.com/api/product/v2/sub-skus?source=pdpPage&orginSkuNumber=D701724S&michaelsStoreId=9055&isNewUIMkpMik=false&skuNumbers=D701724S,https://www.michaels.com/product/artskills-premium-sketch-kit-with-pencils-charcoal-D701724S
https://www.michaels.com/api/product/v2/sub-skus?source=pdpPage&orginSkuNumber=10729044&michaelsStoreId=9055&isNewUIMkpMik=false&skuNumbers=10729044,https://www.michaels.com/product/fabercastell-goldfaber-aqua-shades-of-gray-dualtip-marker-set-10729044?michaelsStore=5804&inv=1
https://www.michaels.com/api/product/v2/sub-skus?source=pdpPage&orginSkuNumber=10516315&michaelsStoreId=9055&isNewUIMkpMik=false&skuNumbers=10516315,https://www.michaels.com/product/bold-primaries-sketch-markers-by-artist's-loft-10516315?michaelsStore=5804&inv=8
https://www.michaels.com/api/product/v2/sub-skus?source=pdpPage&orginSkuNumber=D621986S&michaelsStoreId=9055&isNewUIMkpMik=false&skuNumbers=D621986S,https://www.michaels.com/product/sakura-gelly-roll-black-fine-point-pen-set-D621986S
https://www.michaels.com/api/product/v2/sub-skus?source=pdpPage&orginSkuNumber=D620637S&michaelsStoreId=9055&isNewUIMkpMik=false&skuNumbers=D620637S,https://www.michaels.com/product/royal-langnickel-essentials-28-piece-drawing-art-set-D620637S
https://www.michaels.com/api/product/v2/sub-skus?source=pdpPage&orginSkuNumber=10404390&michaelsStoreId=9055&isNewUIMkpMik=false&skuNumbers=10404390,https://www.michaels.com/product/staedtler-mars-2mm-hb-carbon-leads-10404390?michaelsStore=5804&inv=2
https://www.michaels.com/api/product/v2/sub-skus?source=pdpPage&orginSkuNumber=10476363&michaelsStoreId=9055&isNewUIMkpMik=false&skuNumbers=10476363,https://www.michaels.com/product/fabercastell-pitt-artist-black-pen-set-4-piece-10476363?michaelsStore=5804&inv=13
https://www.michaels.com/api/product/v2/sub-skus?source=pdpPage&orginSkuNumber=D621991S&michaelsStoreId=9055&isNewUIMkpMik=false&skuNumbers=D621991S,https://www.michaels.com/product/gelly-roll-metallic-medium-point-gold-pens-6ct-D621991S
https://www.michaels.com/api/product/v2/sub-skus?source=pdpPage&orginSkuNumber=D621935S&michaelsStoreId=9055&isNewUIMkpMik=false&skuNumbers=D621935S,https://www.michaels.com/product/pentel-energel-07mm-assorted-colors-pearl-retractable-liquid-gel-pen-set-D621935S
"https://www.michaels.com/api/product/v2/sub-skus?source=pdpPage&orginSkuNumber=D346747S&michaelsStoreId=9055&isNewUIMkpMik=false&skuNumbers=D346740S,D346732S,D346731S,D346747S,D346748S,D346733S",https://www.michaels.com/product/jam-paper-20mm-calligraphy-pen-2ct-D346747S
https://www.michaels.com/api/product/v2/sub-skus?source=pdpPage&orginSkuNumber=10232310&michaelsStoreId=9055&isNewUIMkpMik=false&skuNumbers=10232310,https://www.michaels.com/product/fabercastell-grip-pencil-artist-drawing-set-10232310?michaelsStore=5804&inv=16
https://www.michaels.com/api/product/v2/sub-skus?source=pdpPage&orginSkuNumber=D645718S&michaelsStoreId=9055&isNewUIMkpMik=false&skuNumbers=D645718S,https://www.michaels.com/product/sakura-pigma-micron-pn-045mm-black-blue-red-pen-set-D645718S
https://www.michaels.com/api/product/v2/sub-skus?source=pdpPage&orginSkuNumber=D622029S&michaelsStoreId=9055&isNewUIMkpMik=false&skuNumbers=D622029S,https://www.michaels.com/product/sharpie-sgel-bold-point-black-pens-4ct-D622029S
https://www.michaels.com/api/product/v2/sub-skus?source=pdpPage&orginSkuNumber=10671661&michaelsStoreId=9055&isNewUIMkpMik=false&skuNumbers=10671661,https://www.michaels.com/product/staedtler-5-color-metallic-brush-marker-set-10671661?michaelsStore=5804&inv=1
"https://www.michaels.com/api/product/v2/sub-skus?source=pdpPage&orginSkuNumber=D049417S&michaelsStoreId=9055&isNewUIMkpMik=false&skuNumbers=D049584S,D841162S,D049944S",https://www.michaels.com/product/sharpie-fine-point-marker-set-with-pouch-D049417S
https://www.michaels.com/api/product/v2/sub-skus?source=pdpPage&orginSkuNumber=D621940S&michaelsStoreId=9055&isNewUIMkpMik=false&skuNumbers=D621940S,https://www.michaels.com/product/pentel-krazy-pop-assorted-iridescent-gel-pens-D621940S
https://www.michaels.com/api/product/v2/sub-skus?source=pdpPage&orginSkuNumber=10670332&michaelsStoreId=9055&isNewUIMkpMik=false&skuNumbers=10670332,https://www.michaels.com/product/12-color-dual-tip-sketch-markers-by-artist's-loft-10670332?michaelsStore=5804&inv=2
https://www.michaels.com/api/product/v2/sub-skus?source=pdpPage&orginSkuNumber=D273281S&michaelsStoreId=9055&isNewUIMkpMik=false&skuNumbers=D273281S,https://www.michaels.com/product/tombow-dual-brush-20-color-pen-set-neutral-D273281S
https://www.michaels.com/api/product/v2/sub-skus?source=pdpPage&orginSkuNumber=D622939S&michaelsStoreId=9055&isNewUIMkpMik=false&skuNumbers=D622939S,https://www.michaels.com/product/leisure-arts-12-color-neutrals-brush-chisel-dual-tip-marker-set-D622939S
https://www.michaels.com/api/product/v2/sub-skus?source=pdpPage&orginSkuNumber=D304812S&michaelsStoreId=9055&isNewUIMkpMik=false&skuNumbers=D304812S,https://www.michaels.com/product/zebra-zensations-colored-mechanical-lead-refills-3ct-D304812S
https://www.michaels.com/api/product/v2/sub-skus?source=pdpPage&orginSkuNumber=D669421S&michaelsStoreId=9055&isNewUIMkpMik=false&skuNumbers=D669421S,https://www.michaels.com/product/fabercastell-sketching-accessories-set-D669421S
https://www.michaels.com/api/product/v2/sub-skus?source=pdpPage&orginSkuNumber=D260098S&michaelsStoreId=9055&isNewUIMkpMik=false&skuNumbers=D260098S,https://www.michaels.com/product/winsor-newton-brushmarker-essential-collection-D260098S
https://www.michaels.com/api/product/v2/sub-skus?source=pdpPage&orginSkuNumber=D617849S&michaelsStoreId=9055&isNewUIMkpMik=false&skuNumbers=D617849S,https://www.michaels.com/product/staedtler-double-ended-calligraphy-markers-set-D617849S
https://www.michaels.com/api/product/v2/sub-skus?source=pdpPage&orginSkuNumber=10692710&michaelsStoreId=9055&isNewUIMkpMik=false&skuNumbers=10692710,https://www.michaels.com/product/42-piece-artist's-coloring-sketching-set-by-artist's-loft-10692710?michaelsStore=5804&inv=2
https://www.michaels.com/api/product/v2/sub-skus?source=pdpPage&orginSkuNumber=D260700S&michaelsStoreId=9055&isNewUIMkpMik=false&skuNumbers=D260700S,https://www.michaels.com/product/uniball-super-ink-vibrant-waterproof-ink-12-color-gel-pen-set-D260700S
https://www.michaels.com/api/product/v2/sub-skus?source=pdpPage&orginSkuNumber=10230285&michaelsStoreId=9055&isNewUIMkpMik=false&skuNumbers=10230285,https://www.michaels.com/product/copic-bold-primaries-sketch-marker-set-10230285?michaelsStore=5804&inv=2
https://www.michaels.com/api/product/v2/sub-skus?source=pdpPage&orginSkuNumber=D589234S&michaelsStoreId=9055&isNewUIMkpMik=false&skuNumbers=D589234S,https://www.michaels.com/product/prismacolor-premier-colerase-12-piece-erasable-color-pencil-set-D589234S
https://www.michaels.com/api/product/v2/sub-skus?source=pdpPage&orginSkuNumber=10670566&michaelsStoreId=9055&isNewUIMkpMik=false&skuNumbers=10670566,https://www.michaels.com/product/uni-posca-pc1m-16-color-extra-fine-tapered-tip-paint-marker-set-10670566?michaelsStore=5804&inv=1
https://www.michaels.com/api/product/v2/sub-skus?source=pdpPage&orginSkuNumber=D589232S&michaelsStoreId=9055&isNewUIMkpMik=false&skuNumbers=D589232S,https://www.michaels.com/product/royal-langnickel-24-piece-brights-color-pencil-set-D589232S
https://www.michaels.com/api/product/v2/sub-skus?source=pdpPage&orginSkuNumber=D621990S&michaelsStoreId=9055&isNewUIMkpMik=false&skuNumbers=D621990S,https://www.michaels.com/product/gelly-roll-medium-point-white-pens-6ct-D621990S
https://www.michaels.com/api/product/v2/sub-skus?source=pdpPage&orginSkuNumber=10542591&michaelsStoreId=9055&isNewUIMkpMik=false&skuNumbers=10542591,https://www.michaels.com/product/sharpie-fine-point-permanent-markers-black-12-pack-10542591?michaelsStore=5804&inv=10
https://www.michaels.com/api/product/v2/sub-skus?source=pdpPage&orginSkuNumber=10715679&michaelsStoreId=9055&isNewUIMkpMik=false&skuNumbers=10715679,https://www.michaels.com/product/gelly-roll-metallic-medium-retractable-pen-set-10715679?michaelsStore=5804&inv=5
"https://www.michaels.com/api/product/v2/sub-skus?source=pdpPage&orginSkuNumber=10556836&michaelsStoreId=9055&isNewUIMkpMik=false&skuNumbers=10556834,10556836",https://www.michaels.com/product/winsor-newton-studio-collection-graphite-pencil-tin-set-10556836?michaelsStore=5804&inv=2
https://www.michaels.com/api/product/v2/sub-skus?source=pdpPage&orginSkuNumber=10582826&michaelsStoreId=9055&isNewUIMkpMik=false&skuNumbers=10582826,https://www.michaels.com/product/sharpie-fine-point-metallic-permanent-markers-10582826?michaelsStore=5804&inv=6
https://www.michaels.com/api/product/v2/sub-skus?source=pdpPage&orginSkuNumber=10582287&michaelsStoreId=9055&isNewUIMkpMik=false&skuNumbers=10582287,https://www.michaels.com/product/copic-floral-favorites-1-sketch-marker-set-10582287
https://www.michaels.com/api/product/v2/sub-skus?source=pdpPage&orginSkuNumber=10715676&michaelsStoreId=9055&isNewUIMkpMik=false&skuNumbers=10715676,https://www.michaels.com/product/gelly-roll-craft-medium-retractable-gel-pen-set-10715676?michaelsStore=5804&inv=5
https://www.michaels.com/api/product/v2/sub-skus?source=pdpPage&orginSkuNumber=10597727&michaelsStoreId=9055&isNewUIMkpMik=false&skuNumbers=10597727,https://www.michaels.com/product/pastel-level-2-dual-tip-sketch-marker-set-by-artists-loft-10597727?michaelsStore=5804&inv=8
https://www.michaels.com/api/product/v2/sub-skus?source=pdpPage&orginSkuNumber=D622934S&michaelsStoreId=9055&isNewUIMkpMik=false&skuNumbers=D622934S,https://www.michaels.com/product/pro-art-4-piece-artist-pen-illustraton-marker-set-D622934S
https://www.michaels.com/api/product/v2/sub-skus?source=pdpPage&orginSkuNumber=D621948S&michaelsStoreId=9055&isNewUIMkpMik=false&skuNumbers=D621948S,https://www.michaels.com/product/pilot-frixion-ball-clicker-black-erasable-extra-fine-point-pens-D621948S
https://www.michaels.com/api/product/v2/sub-skus?source=pdpPage&orginSkuNumber=D504736S&michaelsStoreId=9055&isNewUIMkpMik=false&skuNumbers=D504736S,https://www.michaels.com/product/prima-art-philosophy-rustic-water-soluble-oil-pastel-set-D504736S
https://www.michaels.com/api/product/v2/sub-skus?source=pdpPage&orginSkuNumber=D622935S&michaelsStoreId=9055&isNewUIMkpMik=false&skuNumbers=D622935S,https://www.michaels.com/product/pro-art-8-piece-artist-pen-illustraton-marker-set-D622935S
https://www.michaels.com/api/product/v2/sub-skus?source=pdpPage&orginSkuNumber=D622017S&michaelsStoreId=9055&isNewUIMkpMik=false&skuNumbers=D622017S,https://www.michaels.com/product/paper-mate-inkjoy-black-gel-pens-6ct-D622017S
"https://www.michaels.com/api/product/v2/sub-skus?source=pdpPage&orginSkuNumber=10465071&michaelsStoreId=9055&isNewUIMkpMik=false&skuNumbers=10465072,10465071,10465070",https://www.michaels.com/product/staedtler-triangular-colored-pencils-10465071?michaelsStore=5804&inv=2
https://www.michaels.com/api/product/v2/sub-skus?source=pdpPage&orginSkuNumber=10555777&michaelsStoreId=9055&isNewUIMkpMik=false&skuNumbers=10555777,https://www.michaels.com/product/copic-secondary-tones-sketch-marker-set-10555777?michaelsStore=5804&inv=2
https://www.michaels.com/api/product/v2/sub-skus?source=pdpPage&orginSkuNumber=10335895&michaelsStoreId=9055&isNewUIMkpMik=false&skuNumbers=10335895,https://www.michaels.com/product/sketching-pencil-6-piece-set-by-artist's-loft-10335895?michaelsStore=5804&inv=3
https://www.michaels.com/api/product/v2/sub-skus?source=pdpPage&orginSkuNumber=D622002S&michaelsStoreId=9055&isNewUIMkpMik=false&skuNumbers=D622002S,https://www.michaels.com/product/pigma-micron-brush-gray-black-set-10ct-D622002S
https://www.michaels.com/api/product/v2/sub-skus?source=pdpPage&orginSkuNumber=10712543&michaelsStoreId=9055&isNewUIMkpMik=false&skuNumbers=10712543,https://www.michaels.com/product/metallic-colored-pencils-by-artist's-loft-10712543?michaelsStore=5804&inv=2
https://www.michaels.com/api/product/v2/sub-skus?source=pdpPage&orginSkuNumber=10555324&michaelsStoreId=9055&isNewUIMkpMik=false&skuNumbers=10555324,https://www.michaels.com/product/tombow-mono-drawing-pen-set-10555324?michaelsStore=5804&inv=2
https://www.michaels.com/api/product/v2/sub-skus?source=pdpPage&orginSkuNumber=10597039&michaelsStoreId=9055&isNewUIMkpMik=false&skuNumbers=10597039,https://www.michaels.com/product/black-illustration-pens-by-artists-loft-10597039?michaelsStore=5804&inv=1
https://www.michaels.com/api/product/v2/sub-skus?source=pdpPage&orginSkuNumber=10712684&michaelsStoreId=9055&isNewUIMkpMik=false&skuNumbers=10712684,https://www.michaels.com/product/metallic-acrylic-paint-marker-set-by-artist's-loft-10712684?michaelsStore=5804&inv=2
https://www.michaels.com/api/product/v2/sub-skus?source=pdpPage&orginSkuNumber=D612264S&michaelsStoreId=9055&isNewUIMkpMik=false&skuNumbers=D612264S,https://www.michaels.com/product/manuscript-callicreative-10-color-chisel-duotip-marker-set-D612264S
https://www.michaels.com/api/product/v2/sub-skus?source=pdpPage&orginSkuNumber=D273517S&michaelsStoreId=9055&isNewUIMkpMik=false&skuNumbers=D273517S,https://www.michaels.com/product/yasutomo-gel-xtreme-7-color-metallic-pen-set-D273517S
