SkuCode,Price,Quantity,UPC,Promo,Source
86661541,"FOR PRICE, ADD TO BAG",2,'194956862802,,https://www.kohls.com/product/prd-4961809/nike-air-max-sc-womens-shoes.jsp?skuid=86661541
86661543,"FOR PRICE, ADD TO BAG",2,'194956862826,,https://www.kohls.com/product/prd-4961809/nike-air-max-sc-womens-shoes.jsp?skuid=86661543
86661544,"FOR PRICE, ADD TO BAG",2,'194956862833,,https://www.kohls.com/product/prd-4961809/nike-air-max-sc-womens-shoes.jsp?skuid=86661544
86661549,"FOR PRICE, ADD TO BAG",7,'194956862888,,https://www.kohls.com/product/prd-4961809/nike-air-max-sc-womens-shoes.jsp?skuid=86661549
86661550,"FOR PRICE, ADD TO BAG",5,'194956862895,,https://www.kohls.com/product/prd-4961809/nike-air-max-sc-womens-shoes.jsp?skuid=86661550
86661551,"FOR PRICE, ADD TO BAG",3,'194956862901,,https://www.kohls.com/product/prd-4961809/nike-air-max-sc-womens-shoes.jsp?skuid=86661551
86661552,"FOR PRICE, ADD TO BAG",5,'194956862918,,https://www.kohls.com/product/prd-4961809/nike-air-max-sc-womens-shoes.jsp?skuid=86661552
86661554,"FOR PRICE, ADD TO BAG",1,'194956862932,,https://www.kohls.com/product/prd-4961809/nike-air-max-sc-womens-shoes.jsp?skuid=86661554
72511362,"FOR PRICE, ADD TO BAG",6,'195866288690,,https://www.kohls.com/product/prd-5171146/nike-waffle-debut-womens-shoes.jsp?skuid=72511362
72511369,"FOR PRICE, ADD TO BAG",9,'195866288706,,https://www.kohls.com/product/prd-5171146/nike-waffle-debut-womens-shoes.jsp?skuid=72511369
72511370,"FOR PRICE, ADD TO BAG",15,'195866288713,,https://www.kohls.com/product/prd-5171146/nike-waffle-debut-womens-shoes.jsp?skuid=72511370
72511371,"FOR PRICE, ADD TO BAG",28,'195866288720,,https://www.kohls.com/product/prd-5171146/nike-waffle-debut-womens-shoes.jsp?skuid=72511371
72511372,"FOR PRICE, ADD TO BAG",30,'195866288737,,https://www.kohls.com/product/prd-5171146/nike-waffle-debut-womens-shoes.jsp?skuid=72511372
72511379,"FOR PRICE, ADD TO BAG",37,'195866288744,,https://www.kohls.com/product/prd-5171146/nike-waffle-debut-womens-shoes.jsp?skuid=72511379
72511380,"FOR PRICE, ADD TO BAG",52,'195866288751,,https://www.kohls.com/product/prd-5171146/nike-waffle-debut-womens-shoes.jsp?skuid=72511380
72511381,"FOR PRICE, ADD TO BAG",28,'195866288768,,https://www.kohls.com/product/prd-5171146/nike-waffle-debut-womens-shoes.jsp?skuid=72511381
72511382,"FOR PRICE, ADD TO BAG",20,'195866288775,,https://www.kohls.com/product/prd-5171146/nike-waffle-debut-womens-shoes.jsp?skuid=72511382
72511389,"FOR PRICE, ADD TO BAG",26,'195866288782,,https://www.kohls.com/product/prd-5171146/nike-waffle-debut-womens-shoes.jsp?skuid=72511389
72511390,"FOR PRICE, ADD TO BAG",25,'195866288799,,https://www.kohls.com/product/prd-5171146/nike-waffle-debut-womens-shoes.jsp?skuid=72511390
72511391,"FOR PRICE, ADD TO BAG",9,'195866288805,,https://www.kohls.com/product/prd-5171146/nike-waffle-debut-womens-shoes.jsp?skuid=72511391
72511392,"FOR PRICE, ADD TO BAG",10,'195866288812,,https://www.kohls.com/product/prd-5171146/nike-waffle-debut-womens-shoes.jsp?skuid=72511392
72511400,"FOR PRICE, ADD TO BAG",1,'195866288836,,https://www.kohls.com/product/prd-5171146/nike-waffle-debut-womens-shoes.jsp?skuid=72511400
52837325,"FOR PRICE, ADD TO BAG",337,'191478073679,,https://www.kohls.com/product/prd-2958262/vans-ward-womens-canvas-skate-shoes.jsp?skuid=52837325
52837326,"FOR PRICE, ADD TO BAG",128,'191478073778,,https://www.kohls.com/product/prd-2958262/vans-ward-womens-canvas-skate-shoes.jsp?skuid=52837326
52837327,"FOR PRICE, ADD TO BAG",1870,'191478073877,,https://www.kohls.com/product/prd-2958262/vans-ward-womens-canvas-skate-shoes.jsp?skuid=52837327
52837333,"FOR PRICE, ADD TO BAG",1494,'191478073976,,https://www.kohls.com/product/prd-2958262/vans-ward-womens-canvas-skate-shoes.jsp?skuid=52837333
52837334,"FOR PRICE, ADD TO BAG",790,'191478074072,,https://www.kohls.com/product/prd-2958262/vans-ward-womens-canvas-skate-shoes.jsp?skuid=52837334
52837335,"FOR PRICE, ADD TO BAG",377,'191478074157,,https://www.kohls.com/product/prd-2958262/vans-ward-womens-canvas-skate-shoes.jsp?skuid=52837335
52837336,"FOR PRICE, ADD TO BAG",219,'191478074232,,https://www.kohls.com/product/prd-2958262/vans-ward-womens-canvas-skate-shoes.jsp?skuid=52837336
52837337,"FOR PRICE, ADD TO BAG",395,'191478074317,,https://www.kohls.com/product/prd-2958262/vans-ward-womens-canvas-skate-shoes.jsp?skuid=52837337
52837343,"FOR PRICE, ADD TO BAG",119,'191478074386,,https://www.kohls.com/product/prd-2958262/vans-ward-womens-canvas-skate-shoes.jsp?skuid=52837343
52837344,"FOR PRICE, ADD TO BAG",261,'191478074447,,https://www.kohls.com/product/prd-2958262/vans-ward-womens-canvas-skate-shoes.jsp?skuid=52837344
52837345,"FOR PRICE, ADD TO BAG",690,'191478074492,,https://www.kohls.com/product/prd-2958262/vans-ward-womens-canvas-skate-shoes.jsp?skuid=52837345
52837347,"FOR PRICE, ADD TO BAG",101,'191478073570,,https://www.kohls.com/product/prd-2958262/vans-ward-womens-canvas-skate-shoes.jsp?skuid=52837347
71551445,"FOR PRICE, ADD TO BAG",1,'194435357843,,https://www.kohls.com/product/prd-1529669/converse-chuck-taylor-shoreline-slip-on-shoes-for-women.jsp?skuid=71551445
71551453,"FOR PRICE, ADD TO BAG",9,'194435357874,,https://www.kohls.com/product/prd-1529669/converse-chuck-taylor-shoreline-slip-on-shoes-for-women.jsp?skuid=71551453
64706990,"FOR PRICE, ADD TO BAG",1067,'195438923134,,https://www.kohls.com/product/prd-7557216/jansport-cross-town-plus-backpack.jsp?skuid=64706990
19216268,"FOR PRICE, ADD TO BAG",59,'197863511733,,https://www.kohls.com/product/prd-4636089/nike-court-legacy-babytoddler-shoes.jsp?skuid=19216268
50217194,"FOR PRICE, ADD TO BAG",232,'197863487649,,https://www.kohls.com/product/prd-4636089/nike-court-legacy-babytoddler-shoes.jsp?skuid=50217194
66810462,"FOR PRICE, ADD TO BAG",18,'197859244805,,https://www.kohls.com/product/prd-4636089/nike-court-legacy-babytoddler-shoes.jsp?skuid=66810462
72538691,"FOR PRICE, ADD TO BAG",402,'194954532660,,https://www.kohls.com/product/prd-4636089/nike-court-legacy-babytoddler-shoes.jsp?skuid=72538691
72788743,"FOR PRICE, ADD TO BAG",26,'197597204567,,https://www.kohls.com/product/prd-4636089/nike-court-legacy-babytoddler-shoes.jsp?skuid=72788743
19216269,"FOR PRICE, ADD TO BAG",49,'197863539874,,https://www.kohls.com/product/prd-4636089/nike-court-legacy-babytoddler-shoes.jsp?skuid=19216269
50217195,"FOR PRICE, ADD TO BAG",243,'197863502298,,https://www.kohls.com/product/prd-4636089/nike-court-legacy-babytoddler-shoes.jsp?skuid=50217195
72538692,"FOR PRICE, ADD TO BAG",1713,'194954532677,,https://www.kohls.com/product/prd-4636089/nike-court-legacy-babytoddler-shoes.jsp?skuid=72538692
72788744,"FOR PRICE, ADD TO BAG",374,'197597211732,,https://www.kohls.com/product/prd-4636089/nike-court-legacy-babytoddler-shoes.jsp?skuid=72788744
19216270,"FOR PRICE, ADD TO BAG",77,'197863510071,,https://www.kohls.com/product/prd-4636089/nike-court-legacy-babytoddler-shoes.jsp?skuid=19216270
50217196,"FOR PRICE, ADD TO BAG",235,'197863556390,,https://www.kohls.com/product/prd-4636089/nike-court-legacy-babytoddler-shoes.jsp?skuid=50217196
72538699,"FOR PRICE, ADD TO BAG",1558,'194954532684,,https://www.kohls.com/product/prd-4636089/nike-court-legacy-babytoddler-shoes.jsp?skuid=72538699
72788745,"FOR PRICE, ADD TO BAG",236,'197597204369,,https://www.kohls.com/product/prd-4636089/nike-court-legacy-babytoddler-shoes.jsp?skuid=72788745
19216271,"FOR PRICE, ADD TO BAG",39,'197863525327,,https://www.kohls.com/product/prd-4636089/nike-court-legacy-babytoddler-shoes.jsp?skuid=19216271
50217197,"FOR PRICE, ADD TO BAG",421,'197863573410,,https://www.kohls.com/product/prd-4636089/nike-court-legacy-babytoddler-shoes.jsp?skuid=50217197
72538700,"FOR PRICE, ADD TO BAG",542,'194954532691,,https://www.kohls.com/product/prd-4636089/nike-court-legacy-babytoddler-shoes.jsp?skuid=72538700
72788746,"FOR PRICE, ADD TO BAG",171,'197597211985,,https://www.kohls.com/product/prd-4636089/nike-court-legacy-babytoddler-shoes.jsp?skuid=72788746
19216272,"FOR PRICE, ADD TO BAG",45,'197863498126,,https://www.kohls.com/product/prd-4636089/nike-court-legacy-babytoddler-shoes.jsp?skuid=19216272
72538701,"FOR PRICE, ADD TO BAG",4245,'194954532707,,https://www.kohls.com/product/prd-4636089/nike-court-legacy-babytoddler-shoes.jsp?skuid=72538701
46873926,"FOR PRICE, ADD TO BAG",34,'197863506463,,https://www.kohls.com/product/prd-4636089/nike-court-legacy-babytoddler-shoes.jsp?skuid=46873926
72788747,"FOR PRICE, ADD TO BAG",240,'197597206288,,https://www.kohls.com/product/prd-4636089/nike-court-legacy-babytoddler-shoes.jsp?skuid=72788747
50217203,"FOR PRICE, ADD TO BAG",334,'197863565804,,https://www.kohls.com/product/prd-4636089/nike-court-legacy-babytoddler-shoes.jsp?skuid=50217203
19216273,"FOR PRICE, ADD TO BAG",26,'197863574332,,https://www.kohls.com/product/prd-4636089/nike-court-legacy-babytoddler-shoes.jsp?skuid=19216273
72538702,"FOR PRICE, ADD TO BAG",2296,'194954532714,,https://www.kohls.com/product/prd-4636089/nike-court-legacy-babytoddler-shoes.jsp?skuid=72538702
46873927,"FOR PRICE, ADD TO BAG",63,'197863548708,,https://www.kohls.com/product/prd-4636089/nike-court-legacy-babytoddler-shoes.jsp?skuid=46873927
72788753,"FOR PRICE, ADD TO BAG",878,'197597206943,,https://www.kohls.com/product/prd-4636089/nike-court-legacy-babytoddler-shoes.jsp?skuid=72788753
50217204,"FOR PRICE, ADD TO BAG",303,'197863504506,,https://www.kohls.com/product/prd-4636089/nike-court-legacy-babytoddler-shoes.jsp?skuid=50217204
19216274,"FOR PRICE, ADD TO BAG",26,'197863539515,,https://www.kohls.com/product/prd-4636089/nike-court-legacy-babytoddler-shoes.jsp?skuid=19216274
72538709,"FOR PRICE, ADD TO BAG",3506,'194954532721,,https://www.kohls.com/product/prd-4636089/nike-court-legacy-babytoddler-shoes.jsp?skuid=72538709
46873928,"FOR PRICE, ADD TO BAG",106,'197863558943,,https://www.kohls.com/product/prd-4636089/nike-court-legacy-babytoddler-shoes.jsp?skuid=46873928
72788754,"FOR PRICE, ADD TO BAG",93,'197597221441,,https://www.kohls.com/product/prd-4636089/nike-court-legacy-babytoddler-shoes.jsp?skuid=72788754
50217205,"FOR PRICE, ADD TO BAG",336,'197863567761,,https://www.kohls.com/product/prd-4636089/nike-court-legacy-babytoddler-shoes.jsp?skuid=50217205
71738699,"FOR PRICE, ADD TO BAG",217,'197642447697,,https://www.kohls.com/product/prd-6841609/vans-seldan-kids-shoes.jsp?skuid=71738699
37502474,"FOR PRICE, ADD TO BAG",1036,'197642539392,,https://www.kohls.com/product/prd-6841609/vans-seldan-kids-shoes.jsp?skuid=37502474
71738700,"FOR PRICE, ADD TO BAG",186,'197642447956,,https://www.kohls.com/product/prd-6841609/vans-seldan-kids-shoes.jsp?skuid=71738700
37502475,"FOR PRICE, ADD TO BAG",976,'197642539644,,https://www.kohls.com/product/prd-6841609/vans-seldan-kids-shoes.jsp?skuid=37502475
71738701,"FOR PRICE, ADD TO BAG",145,'197642448175,,https://www.kohls.com/product/prd-6841609/vans-seldan-kids-shoes.jsp?skuid=71738701
37502476,"FOR PRICE, ADD TO BAG",14,'197642539873,,https://www.kohls.com/product/prd-6841609/vans-seldan-kids-shoes.jsp?skuid=37502476
71738702,"FOR PRICE, ADD TO BAG",135,'197642445358,,https://www.kohls.com/product/prd-6841609/vans-seldan-kids-shoes.jsp?skuid=71738702
37502455,"FOR PRICE, ADD TO BAG",781,'197642537176,,https://www.kohls.com/product/prd-6841609/vans-seldan-kids-shoes.jsp?skuid=37502455
71738709,"FOR PRICE, ADD TO BAG",167,'197642445822,,https://www.kohls.com/product/prd-6841609/vans-seldan-kids-shoes.jsp?skuid=71738709
37502456,"FOR PRICE, ADD TO BAG",888,'197642537565,,https://www.kohls.com/product/prd-6841609/vans-seldan-kids-shoes.jsp?skuid=37502456
71738710,"FOR PRICE, ADD TO BAG",214,'197642446171,,https://www.kohls.com/product/prd-6841609/vans-seldan-kids-shoes.jsp?skuid=71738710
37502457,"FOR PRICE, ADD TO BAG",189,'197642537831,,https://www.kohls.com/product/prd-6841609/vans-seldan-kids-shoes.jsp?skuid=37502457
71738711,"FOR PRICE, ADD TO BAG",143,'197642446638,,https://www.kohls.com/product/prd-6841609/vans-seldan-kids-shoes.jsp?skuid=71738711
37502464,"FOR PRICE, ADD TO BAG",866,'197642538241,,https://www.kohls.com/product/prd-6841609/vans-seldan-kids-shoes.jsp?skuid=37502464
71738712,"FOR PRICE, ADD TO BAG",139,'197642447079,,https://www.kohls.com/product/prd-6841609/vans-seldan-kids-shoes.jsp?skuid=71738712
37502465,"FOR PRICE, ADD TO BAG",731,'197642538494,,https://www.kohls.com/product/prd-6841609/vans-seldan-kids-shoes.jsp?skuid=37502465
71738719,"FOR PRICE, ADD TO BAG",148,'197642447413,,https://www.kohls.com/product/prd-6841609/vans-seldan-kids-shoes.jsp?skuid=71738719
37502466,"FOR PRICE, ADD TO BAG",743,'197642538777,,https://www.kohls.com/product/prd-6841609/vans-seldan-kids-shoes.jsp?skuid=37502466
18320606,"FOR PRICE, ADD TO BAG",611,'195438921970,,https://www.kohls.com/product/prd-7557233/jansport-big-break-lunch-bag.jsp?skuid=18320606
59039507,"FOR PRICE, ADD TO BAG",1876,'198265808339,,https://www.kohls.com/product/prd-7557233/jansport-big-break-lunch-bag.jsp?skuid=59039507
81976116,"FOR PRICE, ADD TO BAG",1179,'196009855410,,https://www.kohls.com/product/prd-5960409/jansport-cross-town-plus-backpack.jsp?skuid=81976116
33261989,"FOR PRICE, ADD TO BAG",834,'196009855403,,https://www.kohls.com/product/prd-5960409/jansport-cross-town-plus-backpack.jsp?skuid=33261989
66467957,"FOR PRICE, ADD TO BAG",537,'196009855779,,https://www.kohls.com/product/prd-5960409/jansport-cross-town-plus-backpack.jsp?skuid=66467957
49972428,"FOR PRICE, ADD TO BAG",1457,'198265694567,,https://www.kohls.com/product/prd-5960409/jansport-cross-town-plus-backpack.jsp?skuid=49972428
61285519,"FOR PRICE, ADD TO BAG",616,'198265389913,,https://www.kohls.com/product/prd-5960409/jansport-cross-town-plus-backpack.jsp?skuid=61285519
67233532,"FOR PRICE, ADD TO BAG",226,'195441954705,,https://www.kohls.com/product/prd-5960409/jansport-cross-town-plus-backpack.jsp?skuid=67233532
72474643,"FOR PRICE, ADD TO BAG",2097,'195438922960,,https://www.kohls.com/product/prd-5960409/jansport-cross-town-plus-backpack.jsp?skuid=72474643
84609261,"FOR PRICE, ADD TO BAG",936,'191932783380,,https://www.kohls.com/product/prd-4273480/jansport-big-break-lunch-bag.jsp?skuid=84609261
76192986,"FOR PRICE, ADD TO BAG",1213,'191930422564,,https://www.kohls.com/product/prd-4273480/jansport-big-break-lunch-bag.jsp?skuid=76192986
69040172,"FOR PRICE, ADD TO BAG",863,'198265389210,,https://www.kohls.com/product/prd-4273480/jansport-big-break-lunch-bag.jsp?skuid=69040172
49972429,"FOR PRICE, ADD TO BAG",23,'198265389180,,https://www.kohls.com/product/prd-4273480/jansport-big-break-lunch-bag.jsp?skuid=49972429
34075797,"FOR PRICE, ADD TO BAG",1001,'766182060583,,https://www.kohls.com/product/prd-4913773/vans-atwood-kids-shoes.jsp?skuid=34075797
59261472,"FOR PRICE, ADD TO BAG",450,'197643154037,,https://www.kohls.com/product/prd-4913773/vans-atwood-kids-shoes.jsp?skuid=59261472
80564681,"FOR PRICE, ADD TO BAG",15,'197643161059,,https://www.kohls.com/product/prd-4913773/vans-atwood-kids-shoes.jsp?skuid=80564681
34075798,"FOR PRICE, ADD TO BAG",969,'766182060354,,https://www.kohls.com/product/prd-4913773/vans-atwood-kids-shoes.jsp?skuid=34075798
59261473,"FOR PRICE, ADD TO BAG",407,'197643154457,,https://www.kohls.com/product/prd-4913773/vans-atwood-kids-shoes.jsp?skuid=59261473
80564682,"FOR PRICE, ADD TO BAG",760,'197643161332,,https://www.kohls.com/product/prd-4913773/vans-atwood-kids-shoes.jsp?skuid=80564682
34075799,"FOR PRICE, ADD TO BAG",1059,'766182060330,,https://www.kohls.com/product/prd-4913773/vans-atwood-kids-shoes.jsp?skuid=34075799
59261474,"FOR PRICE, ADD TO BAG",409,'197643154839,,https://www.kohls.com/product/prd-4913773/vans-atwood-kids-shoes.jsp?skuid=59261474
80564683,"FOR PRICE, ADD TO BAG",733,'197643161585,,https://www.kohls.com/product/prd-4913773/vans-atwood-kids-shoes.jsp?skuid=80564683
34075800,"FOR PRICE, ADD TO BAG",1073,'766182060569,,https://www.kohls.com/product/prd-4913773/vans-atwood-kids-shoes.jsp?skuid=34075800
59261475,"FOR PRICE, ADD TO BAG",383,'197643151784,,https://www.kohls.com/product/prd-4913773/vans-atwood-kids-shoes.jsp?skuid=59261475
80564684,"FOR PRICE, ADD TO BAG",742,'197643158646,,https://www.kohls.com/product/prd-4913773/vans-atwood-kids-shoes.jsp?skuid=80564684
34075801,"FOR PRICE, ADD TO BAG",1161,'766182060491,,https://www.kohls.com/product/prd-4913773/vans-atwood-kids-shoes.jsp?skuid=34075801
59261476,"FOR PRICE, ADD TO BAG",395,'197643152217,,https://www.kohls.com/product/prd-4913773/vans-atwood-kids-shoes.jsp?skuid=59261476
80564685,"FOR PRICE, ADD TO BAG",786,'197643158851,,https://www.kohls.com/product/prd-4913773/vans-atwood-kids-shoes.jsp?skuid=80564685
34075802,"FOR PRICE, ADD TO BAG",1178,'766182060477,,https://www.kohls.com/product/prd-4913773/vans-atwood-kids-shoes.jsp?skuid=34075802
59261477,"FOR PRICE, ADD TO BAG",389,'197643152446,,https://www.kohls.com/product/prd-4913773/vans-atwood-kids-shoes.jsp?skuid=59261477
80564686,"FOR PRICE, ADD TO BAG",756,'197643159117,,https://www.kohls.com/product/prd-4913773/vans-atwood-kids-shoes.jsp?skuid=80564686
34075803,"FOR PRICE, ADD TO BAG",1232,'766182060453,,https://www.kohls.com/product/prd-4913773/vans-atwood-kids-shoes.jsp?skuid=34075803
59261478,"FOR PRICE, ADD TO BAG",422,'197643152873,,https://www.kohls.com/product/prd-4913773/vans-atwood-kids-shoes.jsp?skuid=59261478
80564687,"FOR PRICE, ADD TO BAG",740,'197643159520,,https://www.kohls.com/product/prd-4913773/vans-atwood-kids-shoes.jsp?skuid=80564687
34075804,"FOR PRICE, ADD TO BAG",566,'766182061603,,https://www.kohls.com/product/prd-4913773/vans-atwood-kids-shoes.jsp?skuid=34075804
59261479,"FOR PRICE, ADD TO BAG",384,'197643153269,,https://www.kohls.com/product/prd-4913773/vans-atwood-kids-shoes.jsp?skuid=59261479
80564688,"FOR PRICE, ADD TO BAG",709,'197643159957,,https://www.kohls.com/product/prd-4913773/vans-atwood-kids-shoes.jsp?skuid=80564688
34075805,"FOR PRICE, ADD TO BAG",658,'766182061627,,https://www.kohls.com/product/prd-4913773/vans-atwood-kids-shoes.jsp?skuid=34075805
59261480,"FOR PRICE, ADD TO BAG",394,'197643153641,,https://www.kohls.com/product/prd-4913773/vans-atwood-kids-shoes.jsp?skuid=59261480
80564689,"FOR PRICE, ADD TO BAG",740,'197643160274,,https://www.kohls.com/product/prd-4913773/vans-atwood-kids-shoes.jsp?skuid=80564689
80564690,"FOR PRICE, ADD TO BAG",773,'197643160731,,https://www.kohls.com/product/prd-4913773/vans-atwood-kids-shoes.jsp?skuid=80564690
49620816,"FOR PRICE, ADD TO BAG",3232,'192363928906,,https://www.kohls.com/product/prd-4261591/jansport-cool-student-backpack.jsp?skuid=49620816
33682260,"FOR PRICE, ADD TO BAG",4097,'888656418352,,https://www.kohls.com/product/prd-4261591/jansport-cool-student-backpack.jsp?skuid=33682260
52887265,"FOR PRICE, ADD TO BAG",3322,'190849855029,,https://www.kohls.com/product/prd-4261591/jansport-cool-student-backpack.jsp?skuid=52887265
51076955,"FOR PRICE, ADD TO BAG",1998,'888656418321,,https://www.kohls.com/product/prd-4261591/jansport-cool-student-backpack.jsp?skuid=51076955
57922463,"FOR PRICE, ADD TO BAG",668,'195438922748,,https://www.kohls.com/product/prd-4261591/jansport-cool-student-backpack.jsp?skuid=57922463
46857175,"FOR PRICE, ADD TO BAG",736,'198265389753,,https://www.kohls.com/product/prd-4261591/jansport-cool-student-backpack.jsp?skuid=46857175
72544012,"FOR PRICE, ADD TO BAG",1900,'198265389692,,https://www.kohls.com/product/prd-4261591/jansport-cool-student-backpack.jsp?skuid=72544012
68912763,"FOR PRICE, ADD TO BAG",152,'196475202053,,https://www.kohls.com/product/prd-5533230/adidas-grand-court-20-cloudfoam-mens-shoes.jsp?skuid=68912763
68912764,"FOR PRICE, ADD TO BAG",156,'196475198349,,https://www.kohls.com/product/prd-5533230/adidas-grand-court-20-cloudfoam-mens-shoes.jsp?skuid=68912764
68912765,"FOR PRICE, ADD TO BAG",1629,'196475202046,,https://www.kohls.com/product/prd-5533230/adidas-grand-court-20-cloudfoam-mens-shoes.jsp?skuid=68912765
68912766,"FOR PRICE, ADD TO BAG",1465,'196475202084,,https://www.kohls.com/product/prd-5533230/adidas-grand-court-20-cloudfoam-mens-shoes.jsp?skuid=68912766
68912767,"FOR PRICE, ADD TO BAG",1640,'196475202022,,https://www.kohls.com/product/prd-5533230/adidas-grand-court-20-cloudfoam-mens-shoes.jsp?skuid=68912767
68912773,"FOR PRICE, ADD TO BAG",1713,'196475198325,,https://www.kohls.com/product/prd-5533230/adidas-grand-court-20-cloudfoam-mens-shoes.jsp?skuid=68912773
68912774,"FOR PRICE, ADD TO BAG",1670,'196475202008,,https://www.kohls.com/product/prd-5533230/adidas-grand-court-20-cloudfoam-mens-shoes.jsp?skuid=68912774
68912775,"FOR PRICE, ADD TO BAG",2592,'196475198363,,https://www.kohls.com/product/prd-5533230/adidas-grand-court-20-cloudfoam-mens-shoes.jsp?skuid=68912775
68912776,"FOR PRICE, ADD TO BAG",2852,'196475202060,,https://www.kohls.com/product/prd-5533230/adidas-grand-court-20-cloudfoam-mens-shoes.jsp?skuid=68912776
68912777,"FOR PRICE, ADD TO BAG",1691,'196475201995,,https://www.kohls.com/product/prd-5533230/adidas-grand-court-20-cloudfoam-mens-shoes.jsp?skuid=68912777
68912783,"FOR PRICE, ADD TO BAG",1924,'196475198356,,https://www.kohls.com/product/prd-5533230/adidas-grand-court-20-cloudfoam-mens-shoes.jsp?skuid=68912783
68912785,"FOR PRICE, ADD TO BAG",1585,'196475202015,,https://www.kohls.com/product/prd-5533230/adidas-grand-court-20-cloudfoam-mens-shoes.jsp?skuid=68912785
68912786,"FOR PRICE, ADD TO BAG",166,'196475198295,,https://www.kohls.com/product/prd-5533230/adidas-grand-court-20-cloudfoam-mens-shoes.jsp?skuid=68912786
46006729,"FOR PRICE, ADD TO BAG",10,'197643298441,,https://www.kohls.com/product/prd-3957603/vans-seldan-womens-skate-shoes.jsp?skuid=46006729
46006730,"FOR PRICE, ADD TO BAG",9,'197643298526,,https://www.kohls.com/product/prd-3957603/vans-seldan-womens-skate-shoes.jsp?skuid=46006730
46006731,"FOR PRICE, ADD TO BAG",285,'197643298595,,https://www.kohls.com/product/prd-3957603/vans-seldan-womens-skate-shoes.jsp?skuid=46006731
46006732,"FOR PRICE, ADD TO BAG",266,'197643298762,,https://www.kohls.com/product/prd-3957603/vans-seldan-womens-skate-shoes.jsp?skuid=46006732
46006733,"FOR PRICE, ADD TO BAG",313,'197643298847,,https://www.kohls.com/product/prd-3957603/vans-seldan-womens-skate-shoes.jsp?skuid=46006733
46006735,"FOR PRICE, ADD TO BAG",311,'197643299004,,https://www.kohls.com/product/prd-3957603/vans-seldan-womens-skate-shoes.jsp?skuid=46006735
46006736,"FOR PRICE, ADD TO BAG",319,'197643299059,,https://www.kohls.com/product/prd-3957603/vans-seldan-womens-skate-shoes.jsp?skuid=46006736
46006737,"FOR PRICE, ADD TO BAG",256,'197643299103,,https://www.kohls.com/product/prd-3957603/vans-seldan-womens-skate-shoes.jsp?skuid=46006737
46006738,"FOR PRICE, ADD TO BAG",256,'197643299158,,https://www.kohls.com/product/prd-3957603/vans-seldan-womens-skate-shoes.jsp?skuid=46006738
46006739,"FOR PRICE, ADD TO BAG",245,'197643299301,,https://www.kohls.com/product/prd-3957603/vans-seldan-womens-skate-shoes.jsp?skuid=46006739
46006740,"FOR PRICE, ADD TO BAG",228,'197643299356,,https://www.kohls.com/product/prd-3957603/vans-seldan-womens-skate-shoes.jsp?skuid=46006740
46006741,"FOR PRICE, ADD TO BAG",5,'197643299509,,https://www.kohls.com/product/prd-3957603/vans-seldan-womens-skate-shoes.jsp?skuid=46006741
46006742,"FOR PRICE, ADD TO BAG",5,'197643299547,,https://www.kohls.com/product/prd-3957603/vans-seldan-womens-skate-shoes.jsp?skuid=46006742
29227116,"FOR PRICE, ADD TO BAG",9,'679894858631,,https://www.kohls.com/product/prd-7180465/vans-filmore-decon-womens-sneakers.jsp?skuid=29227116
29227123,"FOR PRICE, ADD TO BAG",44,'679894858730,,https://www.kohls.com/product/prd-7180465/vans-filmore-decon-womens-sneakers.jsp?skuid=29227123
50957781,"FOR PRICE, ADD TO BAG",2,'197643161677,,https://www.kohls.com/product/prd-7180465/vans-filmore-decon-womens-sneakers.jsp?skuid=50957781
29227125,"FOR PRICE, ADD TO BAG",36,'679894859140,,https://www.kohls.com/product/prd-7180465/vans-filmore-decon-womens-sneakers.jsp?skuid=29227125
50957782,"FOR PRICE, ADD TO BAG",23,'197643161684,,https://www.kohls.com/product/prd-7180465/vans-filmore-decon-womens-sneakers.jsp?skuid=50957782
50957788,"FOR PRICE, ADD TO BAG",56,'197643161691,,https://www.kohls.com/product/prd-7180465/vans-filmore-decon-womens-sneakers.jsp?skuid=50957788
37793734,"FOR PRICE, ADD TO BAG",9,'197643162346,,https://www.kohls.com/product/prd-7180465/vans-filmore-decon-womens-sneakers.jsp?skuid=37793734
50957789,"FOR PRICE, ADD TO BAG",71,'197643162100,,https://www.kohls.com/product/prd-7180465/vans-filmore-decon-womens-sneakers.jsp?skuid=50957789
50957790,"FOR PRICE, ADD TO BAG",12,'197643162131,,https://www.kohls.com/product/prd-7180465/vans-filmore-decon-womens-sneakers.jsp?skuid=50957790
50957791,"FOR PRICE, ADD TO BAG",3,'197643162162,,https://www.kohls.com/product/prd-7180465/vans-filmore-decon-womens-sneakers.jsp?skuid=50957791
28868930,"FOR PRICE, ADD TO BAG",862,'198265389722,,https://www.kohls.com/product/prd-7368834/jansport-clear-pack-transparent-backpack.jsp?skuid=28868930
34001305,"FOR PRICE, ADD TO BAG",502,'766182062228,,https://www.kohls.com/product/prd-3485385/vans-atwood-mens-skate-shoes.jsp?skuid=34001305
34001306,"FOR PRICE, ADD TO BAG",132,'766182062211,,https://www.kohls.com/product/prd-3485385/vans-atwood-mens-skate-shoes.jsp?skuid=34001306
34001307,"FOR PRICE, ADD TO BAG",34,'766182062204,,https://www.kohls.com/product/prd-3485385/vans-atwood-mens-skate-shoes.jsp?skuid=34001307
34001308,"FOR PRICE, ADD TO BAG",21,'766182062198,,https://www.kohls.com/product/prd-3485385/vans-atwood-mens-skate-shoes.jsp?skuid=34001308
34001309,"FOR PRICE, ADD TO BAG",21,'766182062181,,https://www.kohls.com/product/prd-3485385/vans-atwood-mens-skate-shoes.jsp?skuid=34001309
34001310,"FOR PRICE, ADD TO BAG",11,'766182062174,,https://www.kohls.com/product/prd-3485385/vans-atwood-mens-skate-shoes.jsp?skuid=34001310
34001312,"FOR PRICE, ADD TO BAG",22,'766182062327,,https://www.kohls.com/product/prd-3485385/vans-atwood-mens-skate-shoes.jsp?skuid=34001312
34001313,"FOR PRICE, ADD TO BAG",10,'766182062334,,https://www.kohls.com/product/prd-3485385/vans-atwood-mens-skate-shoes.jsp?skuid=34001313
34001314,"FOR PRICE, ADD TO BAG",25,'766182062341,,https://www.kohls.com/product/prd-3485385/vans-atwood-mens-skate-shoes.jsp?skuid=34001314
73877692,"FOR PRICE, ADD TO BAG",2,'195739844862,,https://www.kohls.com/product/prd-5526631/adidas-grand-court-cloudfoam-womens-lifestyle-tennis-shoes.jsp?skuid=73877692
86403626,"FOR PRICE, ADD TO BAG",2,'195739844725,,https://www.kohls.com/product/prd-5526631/adidas-grand-court-cloudfoam-womens-lifestyle-tennis-shoes.jsp?skuid=86403626
86403636,"FOR PRICE, ADD TO BAG",1447,'195739844756,,https://www.kohls.com/product/prd-5526631/adidas-grand-court-cloudfoam-womens-lifestyle-tennis-shoes.jsp?skuid=86403636
73877699,"FOR PRICE, ADD TO BAG",1255,'195739844824,,https://www.kohls.com/product/prd-5526631/adidas-grand-court-cloudfoam-womens-lifestyle-tennis-shoes.jsp?skuid=73877699
86403646,"FOR PRICE, ADD TO BAG",1318,'195739840352,,https://www.kohls.com/product/prd-5526631/adidas-grand-court-cloudfoam-womens-lifestyle-tennis-shoes.jsp?skuid=86403646
73877700,"FOR PRICE, ADD TO BAG",1161,'195739844855,,https://www.kohls.com/product/prd-5526631/adidas-grand-court-cloudfoam-womens-lifestyle-tennis-shoes.jsp?skuid=73877700
86403656,"FOR PRICE, ADD TO BAG",1860,'195739844794,,https://www.kohls.com/product/prd-5526631/adidas-grand-court-cloudfoam-womens-lifestyle-tennis-shoes.jsp?skuid=86403656
73877701,"FOR PRICE, ADD TO BAG",1695,'195739844879,,https://www.kohls.com/product/prd-5526631/adidas-grand-court-cloudfoam-womens-lifestyle-tennis-shoes.jsp?skuid=73877701
86403666,"FOR PRICE, ADD TO BAG",1450,'195739844732,,https://www.kohls.com/product/prd-5526631/adidas-grand-court-cloudfoam-womens-lifestyle-tennis-shoes.jsp?skuid=86403666
73877702,"FOR PRICE, ADD TO BAG",1688,'195739844916,,https://www.kohls.com/product/prd-5526631/adidas-grand-court-cloudfoam-womens-lifestyle-tennis-shoes.jsp?skuid=73877702
86403676,"FOR PRICE, ADD TO BAG",1432,'195739844770,,https://www.kohls.com/product/prd-5526631/adidas-grand-court-cloudfoam-womens-lifestyle-tennis-shoes.jsp?skuid=86403676
73877709,"FOR PRICE, ADD TO BAG",2006,'195739844893,,https://www.kohls.com/product/prd-5526631/adidas-grand-court-cloudfoam-womens-lifestyle-tennis-shoes.jsp?skuid=73877709
86403686,"FOR PRICE, ADD TO BAG",1661,'195739844787,,https://www.kohls.com/product/prd-5526631/adidas-grand-court-cloudfoam-womens-lifestyle-tennis-shoes.jsp?skuid=86403686
73877710,"FOR PRICE, ADD TO BAG",1709,'195739844817,,https://www.kohls.com/product/prd-5526631/adidas-grand-court-cloudfoam-womens-lifestyle-tennis-shoes.jsp?skuid=73877710
86403696,"FOR PRICE, ADD TO BAG",1247,'195739844718,,https://www.kohls.com/product/prd-5526631/adidas-grand-court-cloudfoam-womens-lifestyle-tennis-shoes.jsp?skuid=86403696
73877711,"FOR PRICE, ADD TO BAG",1096,'195739844886,,https://www.kohls.com/product/prd-5526631/adidas-grand-court-cloudfoam-womens-lifestyle-tennis-shoes.jsp?skuid=73877711
86403706,"FOR PRICE, ADD TO BAG",1299,'195739840376,,https://www.kohls.com/product/prd-5526631/adidas-grand-court-cloudfoam-womens-lifestyle-tennis-shoes.jsp?skuid=86403706
73877712,"FOR PRICE, ADD TO BAG",1184,'195739844909,,https://www.kohls.com/product/prd-5526631/adidas-grand-court-cloudfoam-womens-lifestyle-tennis-shoes.jsp?skuid=73877712
73877719,"FOR PRICE, ADD TO BAG",1202,'195739844831,,https://www.kohls.com/product/prd-5526631/adidas-grand-court-cloudfoam-womens-lifestyle-tennis-shoes.jsp?skuid=73877719
86403716,"FOR PRICE, ADD TO BAG",1380,'195739844749,,https://www.kohls.com/product/prd-5526631/adidas-grand-court-cloudfoam-womens-lifestyle-tennis-shoes.jsp?skuid=86403716
73877720,"FOR PRICE, ADD TO BAG",3,'195739844923,,https://www.kohls.com/product/prd-5526631/adidas-grand-court-cloudfoam-womens-lifestyle-tennis-shoes.jsp?skuid=73877720
72443417,"FOR PRICE, ADD TO BAG",1,'197614930790,,https://www.kohls.com/product/prd-7096238/adidas-barreda-decode-womens-sportswear-shoes.jsp?skuid=72443417
65915674,"FOR PRICE, ADD TO BAG",769,'197614923303,,https://www.kohls.com/product/prd-7096238/adidas-barreda-decode-womens-sportswear-shoes.jsp?skuid=65915674
65915675,"FOR PRICE, ADD TO BAG",741,'197614926977,,https://www.kohls.com/product/prd-7096238/adidas-barreda-decode-womens-sportswear-shoes.jsp?skuid=65915675
65915676,"FOR PRICE, ADD TO BAG",631,'197614926946,,https://www.kohls.com/product/prd-7096238/adidas-barreda-decode-womens-sportswear-shoes.jsp?skuid=65915676
65915677,"FOR PRICE, ADD TO BAG",584,'197614926922,,https://www.kohls.com/product/prd-7096238/adidas-barreda-decode-womens-sportswear-shoes.jsp?skuid=65915677
72443425,"FOR PRICE, ADD TO BAG",1,'197614927134,,https://www.kohls.com/product/prd-7096238/adidas-barreda-decode-womens-sportswear-shoes.jsp?skuid=72443425
65915678,"FOR PRICE, ADD TO BAG",525,'197614926991,,https://www.kohls.com/product/prd-7096238/adidas-barreda-decode-womens-sportswear-shoes.jsp?skuid=65915678
65915679,"FOR PRICE, ADD TO BAG",540,'197614926939,,https://www.kohls.com/product/prd-7096238/adidas-barreda-decode-womens-sportswear-shoes.jsp?skuid=65915679
65915680,"FOR PRICE, ADD TO BAG",601,'197614923310,,https://www.kohls.com/product/prd-7096238/adidas-barreda-decode-womens-sportswear-shoes.jsp?skuid=65915680
65915681,"FOR PRICE, ADD TO BAG",716,'197614926960,,https://www.kohls.com/product/prd-7096238/adidas-barreda-decode-womens-sportswear-shoes.jsp?skuid=65915681
65915682,"FOR PRICE, ADD TO BAG",769,'197614926953,,https://www.kohls.com/product/prd-7096238/adidas-barreda-decode-womens-sportswear-shoes.jsp?skuid=65915682
65915684,"FOR PRICE, ADD TO BAG",807,'197614923273,,https://www.kohls.com/product/prd-7096238/adidas-barreda-decode-womens-sportswear-shoes.jsp?skuid=65915684
67496758,"FOR PRICE, ADD TO BAG",566,'198179382918,,https://www.kohls.com/product/prd-7196443/reebok-verse-mens-shoes.jsp?skuid=67496758
78423426,"FOR PRICE, ADD TO BAG",12,'198179641329,,https://www.kohls.com/product/prd-7196443/reebok-verse-mens-shoes.jsp?skuid=78423426
57902704,"FOR PRICE, ADD TO BAG",12,'198179641145,,https://www.kohls.com/product/prd-7196443/reebok-verse-mens-shoes.jsp?skuid=57902704
46709955,"FOR PRICE, ADD TO BAG",11,'198179641411,,https://www.kohls.com/product/prd-7196443/reebok-verse-mens-shoes.jsp?skuid=46709955
77442513,"FOR PRICE, ADD TO BAG",428,'198179382710,,https://www.kohls.com/product/prd-7196443/reebok-verse-mens-shoes.jsp?skuid=77442513
67496763,"FOR PRICE, ADD TO BAG",577,'198179382925,,https://www.kohls.com/product/prd-7196443/reebok-verse-mens-shoes.jsp?skuid=67496763
77442523,"FOR PRICE, ADD TO BAG",419,'198179382727,,https://www.kohls.com/product/prd-7196443/reebok-verse-mens-shoes.jsp?skuid=77442523
67496764,"FOR PRICE, ADD TO BAG",8,'198179382932,,https://www.kohls.com/product/prd-7196443/reebok-verse-mens-shoes.jsp?skuid=67496764
59246843,"FOR PRICE, ADD TO BAG",12,'198179609947,,https://www.kohls.com/product/prd-7196443/reebok-verse-mens-shoes.jsp?skuid=59246843
73562869,"FOR PRICE, ADD TO BAG",12,'198179609824,,https://www.kohls.com/product/prd-7196443/reebok-verse-mens-shoes.jsp?skuid=73562869
57902712,"FOR PRICE, ADD TO BAG",12,'198179641169,,https://www.kohls.com/product/prd-7196443/reebok-verse-mens-shoes.jsp?skuid=57902712
78423429,"FOR PRICE, ADD TO BAG",12,'198179641343,,https://www.kohls.com/product/prd-7196443/reebok-verse-mens-shoes.jsp?skuid=78423429
46709957,"FOR PRICE, ADD TO BAG",11,'198179641435,,https://www.kohls.com/product/prd-7196443/reebok-verse-mens-shoes.jsp?skuid=46709957
77442533,"FOR PRICE, ADD TO BAG",498,'198179382734,,https://www.kohls.com/product/prd-7196443/reebok-verse-mens-shoes.jsp?skuid=77442533
67496765,"FOR PRICE, ADD TO BAG",632,'198179382949,,https://www.kohls.com/product/prd-7196443/reebok-verse-mens-shoes.jsp?skuid=67496765
59246844,"FOR PRICE, ADD TO BAG",12,'198179609954,,https://www.kohls.com/product/prd-7196443/reebok-verse-mens-shoes.jsp?skuid=59246844
73562870,"FOR PRICE, ADD TO BAG",12,'198179609831,,https://www.kohls.com/product/prd-7196443/reebok-verse-mens-shoes.jsp?skuid=73562870
78423430,"FOR PRICE, ADD TO BAG",12,'198179641350,,https://www.kohls.com/product/prd-7196443/reebok-verse-mens-shoes.jsp?skuid=78423430
57902713,"FOR PRICE, ADD TO BAG",24,'198179641176,,https://www.kohls.com/product/prd-7196443/reebok-verse-mens-shoes.jsp?skuid=57902713
46709958,"FOR PRICE, ADD TO BAG",24,'198179641442,,https://www.kohls.com/product/prd-7196443/reebok-verse-mens-shoes.jsp?skuid=46709958
70923419,"FOR PRICE, ADD TO BAG",2,'198179382864,,https://www.kohls.com/product/prd-7196443/reebok-verse-mens-shoes.jsp?skuid=70923419
77442543,"FOR PRICE, ADD TO BAG",1377,'198179382741,,https://www.kohls.com/product/prd-7196443/reebok-verse-mens-shoes.jsp?skuid=77442543
67496766,"FOR PRICE, ADD TO BAG",1465,'198179382956,,https://www.kohls.com/product/prd-7196443/reebok-verse-mens-shoes.jsp?skuid=67496766
59246845,"FOR PRICE, ADD TO BAG",24,'198179609961,,https://www.kohls.com/product/prd-7196443/reebok-verse-mens-shoes.jsp?skuid=59246845
78423431,"FOR PRICE, ADD TO BAG",12,'198179641367,,https://www.kohls.com/product/prd-7196443/reebok-verse-mens-shoes.jsp?skuid=78423431
57902714,"FOR PRICE, ADD TO BAG",24,'198179641183,,https://www.kohls.com/product/prd-7196443/reebok-verse-mens-shoes.jsp?skuid=57902714
46709959,"FOR PRICE, ADD TO BAG",23,'198179641459,,https://www.kohls.com/product/prd-7196443/reebok-verse-mens-shoes.jsp?skuid=46709959
77442553,"FOR PRICE, ADD TO BAG",1302,'198179382758,,https://www.kohls.com/product/prd-7196443/reebok-verse-mens-shoes.jsp?skuid=77442553
67496767,"FOR PRICE, ADD TO BAG",1388,'198179382963,,https://www.kohls.com/product/prd-7196443/reebok-verse-mens-shoes.jsp?skuid=67496767
67496768,"FOR PRICE, ADD TO BAG",1428,'198179382970,,https://www.kohls.com/product/prd-7196443/reebok-verse-mens-shoes.jsp?skuid=67496768
77442563,"FOR PRICE, ADD TO BAG",1423,'198179382765,,https://www.kohls.com/product/prd-7196443/reebok-verse-mens-shoes.jsp?skuid=77442563
67496773,"FOR PRICE, ADD TO BAG",569,'198179382987,,https://www.kohls.com/product/prd-7196443/reebok-verse-mens-shoes.jsp?skuid=67496773
77442573,"FOR PRICE, ADD TO BAG",547,'198179382772,,https://www.kohls.com/product/prd-7196443/reebok-verse-mens-shoes.jsp?skuid=77442573
73562880,"FOR PRICE, ADD TO BAG",12,'198179609886,,https://www.kohls.com/product/prd-7196443/reebok-verse-mens-shoes.jsp?skuid=73562880
59246848,"FOR PRICE, ADD TO BAG",12,'198179610004,,https://www.kohls.com/product/prd-7196443/reebok-verse-mens-shoes.jsp?skuid=59246848
46709962,"FOR PRICE, ADD TO BAG",12,'198179641480,,https://www.kohls.com/product/prd-7196443/reebok-verse-mens-shoes.jsp?skuid=46709962
57902723,"FOR PRICE, ADD TO BAG",11,'198179641213,,https://www.kohls.com/product/prd-7196443/reebok-verse-mens-shoes.jsp?skuid=57902723
78423434,"FOR PRICE, ADD TO BAG",10,'198179641398,,https://www.kohls.com/product/prd-7196443/reebok-verse-mens-shoes.jsp?skuid=78423434
67496774,"FOR PRICE, ADD TO BAG",792,'198179382994,,https://www.kohls.com/product/prd-7196443/reebok-verse-mens-shoes.jsp?skuid=67496774
77442583,"FOR PRICE, ADD TO BAG",703,'198179382789,,https://www.kohls.com/product/prd-7196443/reebok-verse-mens-shoes.jsp?skuid=77442583
78290794,"FOR PRICE, ADD TO BAG",16,'195440384022,,https://www.kohls.com/product/prd-4899750/vans-filmore-womens-high-top-sneakers.jsp?skuid=78290794
78290795,"FOR PRICE, ADD TO BAG",50,'195440383841,,https://www.kohls.com/product/prd-4899750/vans-filmore-womens-high-top-sneakers.jsp?skuid=78290795
78290796,"FOR PRICE, ADD TO BAG",192,'195440384206,,https://www.kohls.com/product/prd-4899750/vans-filmore-womens-high-top-sneakers.jsp?skuid=78290796
78290798,"FOR PRICE, ADD TO BAG",173,'195440384381,,https://www.kohls.com/product/prd-4899750/vans-filmore-womens-high-top-sneakers.jsp?skuid=78290798
71890589,"FOR PRICE, ADD TO BAG",5,'197643575757,,https://www.kohls.com/product/prd-4899750/vans-filmore-womens-high-top-sneakers.jsp?skuid=71890589
78290803,"FOR PRICE, ADD TO BAG",166,'195440384534,,https://www.kohls.com/product/prd-4899750/vans-filmore-womens-high-top-sneakers.jsp?skuid=78290803
71890590,"FOR PRICE, ADD TO BAG",19,'197643575948,,https://www.kohls.com/product/prd-4899750/vans-filmore-womens-high-top-sneakers.jsp?skuid=71890590
78290804,"FOR PRICE, ADD TO BAG",218,'195440384862,,https://www.kohls.com/product/prd-4899750/vans-filmore-womens-high-top-sneakers.jsp?skuid=78290804
71890591,"FOR PRICE, ADD TO BAG",33,'197643576129,,https://www.kohls.com/product/prd-4899750/vans-filmore-womens-high-top-sneakers.jsp?skuid=71890591
78290805,"FOR PRICE, ADD TO BAG",206,'195440384992,,https://www.kohls.com/product/prd-4899750/vans-filmore-womens-high-top-sneakers.jsp?skuid=78290805
71890599,"FOR PRICE, ADD TO BAG",42,'197643576310,,https://www.kohls.com/product/prd-4899750/vans-filmore-womens-high-top-sneakers.jsp?skuid=71890599
78290806,"FOR PRICE, ADD TO BAG",185,'195440385098,,https://www.kohls.com/product/prd-4899750/vans-filmore-womens-high-top-sneakers.jsp?skuid=78290806
71890600,"FOR PRICE, ADD TO BAG",11,'197643576396,,https://www.kohls.com/product/prd-4899750/vans-filmore-womens-high-top-sneakers.jsp?skuid=71890600
78290808,"FOR PRICE, ADD TO BAG",212,'195440385197,,https://www.kohls.com/product/prd-4899750/vans-filmore-womens-high-top-sneakers.jsp?skuid=78290808
71890601,"FOR PRICE, ADD TO BAG",7,'197643576594,,https://www.kohls.com/product/prd-4899750/vans-filmore-womens-high-top-sneakers.jsp?skuid=71890601
78290813,"FOR PRICE, ADD TO BAG",629,'195440385296,,https://www.kohls.com/product/prd-4899750/vans-filmore-womens-high-top-sneakers.jsp?skuid=78290813
71890609,"FOR PRICE, ADD TO BAG",7,'197643576792,,https://www.kohls.com/product/prd-4899750/vans-filmore-womens-high-top-sneakers.jsp?skuid=71890609
78290814,"FOR PRICE, ADD TO BAG",1213,'195440385395,,https://www.kohls.com/product/prd-4899750/vans-filmore-womens-high-top-sneakers.jsp?skuid=78290814
78290816,"FOR PRICE, ADD TO BAG",127,'195440385593,,https://www.kohls.com/product/prd-4899750/vans-filmore-womens-high-top-sneakers.jsp?skuid=78290816
71736695,"FOR PRICE, ADD TO BAG",12,'197643294184,,https://www.kohls.com/product/prd-7187727/vans-ryland-kids-sneakers.jsp?skuid=71736695
71736704,"FOR PRICE, ADD TO BAG",6,'197643292838,,https://www.kohls.com/product/prd-7187727/vans-ryland-kids-sneakers.jsp?skuid=71736704
71736705,"FOR PRICE, ADD TO BAG",9,'197643292890,,https://www.kohls.com/product/prd-7187727/vans-ryland-kids-sneakers.jsp?skuid=71736705
71736707,"FOR PRICE, ADD TO BAG",13,'197643293422,,https://www.kohls.com/product/prd-7187727/vans-ryland-kids-sneakers.jsp?skuid=71736707
71736713,"FOR PRICE, ADD TO BAG",17,'197643293484,,https://www.kohls.com/product/prd-7187727/vans-ryland-kids-sneakers.jsp?skuid=71736713
71736714,"FOR PRICE, ADD TO BAG",7,'197643293873,,https://www.kohls.com/product/prd-7187727/vans-ryland-kids-sneakers.jsp?skuid=71736714
51784514,"FOR PRICE, ADD TO BAG",11,'197643294917,,https://www.kohls.com/product/prd-7187727/vans-ryland-kids-sneakers.jsp?skuid=51784514
80564693,"FOR PRICE, ADD TO BAG",21,'197643294405,,https://www.kohls.com/product/prd-7187727/vans-ryland-kids-sneakers.jsp?skuid=80564693
51784518,"FOR PRICE, ADD TO BAG",12,'197643295129,,https://www.kohls.com/product/prd-7187727/vans-ryland-kids-sneakers.jsp?skuid=51784518
80564694,"FOR PRICE, ADD TO BAG",20,'197643294498,,https://www.kohls.com/product/prd-7187727/vans-ryland-kids-sneakers.jsp?skuid=80564694
51784519,"FOR PRICE, ADD TO BAG",20,'197643295242,,https://www.kohls.com/product/prd-7187727/vans-ryland-kids-sneakers.jsp?skuid=51784519
80564695,"FOR PRICE, ADD TO BAG",19,'197643294870,,https://www.kohls.com/product/prd-7187727/vans-ryland-kids-sneakers.jsp?skuid=80564695
51784521,"FOR PRICE, ADD TO BAG",22,'197643293361,,https://www.kohls.com/product/prd-7187727/vans-ryland-kids-sneakers.jsp?skuid=51784521
80564696,"FOR PRICE, ADD TO BAG",19,'197643292685,,https://www.kohls.com/product/prd-7187727/vans-ryland-kids-sneakers.jsp?skuid=80564696
51784522,"FOR PRICE, ADD TO BAG",38,'197643293620,,https://www.kohls.com/product/prd-7187727/vans-ryland-kids-sneakers.jsp?skuid=51784522
80564697,"FOR PRICE, ADD TO BAG",25,'197643292852,,https://www.kohls.com/product/prd-7187727/vans-ryland-kids-sneakers.jsp?skuid=80564697
55311570,"FOR PRICE, ADD TO BAG",15,'197643293392,,https://www.kohls.com/product/prd-7187727/vans-ryland-kids-sneakers.jsp?skuid=55311570
51784523,"FOR PRICE, ADD TO BAG",19,'197643293927,,https://www.kohls.com/product/prd-7187727/vans-ryland-kids-sneakers.jsp?skuid=51784523
80564698,"FOR PRICE, ADD TO BAG",22,'197643293019,,https://www.kohls.com/product/prd-7187727/vans-ryland-kids-sneakers.jsp?skuid=80564698
55311572,"FOR PRICE, ADD TO BAG",11,'197643293682,,https://www.kohls.com/product/prd-7187727/vans-ryland-kids-sneakers.jsp?skuid=55311572
80564699,"FOR PRICE, ADD TO BAG",15,'197643293071,,https://www.kohls.com/product/prd-7187727/vans-ryland-kids-sneakers.jsp?skuid=80564699
55311573,"FOR PRICE, ADD TO BAG",16,'197643293965,,https://www.kohls.com/product/prd-7187727/vans-ryland-kids-sneakers.jsp?skuid=55311573
51784524,"FOR PRICE, ADD TO BAG",35,'197643294092,,https://www.kohls.com/product/prd-7187727/vans-ryland-kids-sneakers.jsp?skuid=51784524
51784528,"FOR PRICE, ADD TO BAG",26,'197643294368,,https://www.kohls.com/product/prd-7187727/vans-ryland-kids-sneakers.jsp?skuid=51784528
80564700,"FOR PRICE, ADD TO BAG",14,'197643293446,,https://www.kohls.com/product/prd-7187727/vans-ryland-kids-sneakers.jsp?skuid=80564700
51784529,"FOR PRICE, ADD TO BAG",25,'197643294658,,https://www.kohls.com/product/prd-7187727/vans-ryland-kids-sneakers.jsp?skuid=51784529
80564701,"FOR PRICE, ADD TO BAG",25,'197643293804,,https://www.kohls.com/product/prd-7187727/vans-ryland-kids-sneakers.jsp?skuid=80564701
80564702,"FOR PRICE, ADD TO BAG",16,'197643293897,,https://www.kohls.com/product/prd-7187727/vans-ryland-kids-sneakers.jsp?skuid=80564702
28064508,"FOR PRICE, ADD TO BAG",1,'197643275411,,https://www.kohls.com/product/prd-7180097/vans-ryland-ls-womens-sneakers.jsp?skuid=28064508
28064509,"FOR PRICE, ADD TO BAG",32,'197643275480,,https://www.kohls.com/product/prd-7180097/vans-ryland-ls-womens-sneakers.jsp?skuid=28064509
28064510,"FOR PRICE, ADD TO BAG",62,'197643275664,,https://www.kohls.com/product/prd-7180097/vans-ryland-ls-womens-sneakers.jsp?skuid=28064510
28064511,"FOR PRICE, ADD TO BAG",75,'197643275855,,https://www.kohls.com/product/prd-7180097/vans-ryland-ls-womens-sneakers.jsp?skuid=28064511
28064512,"FOR PRICE, ADD TO BAG",15,'197643276043,,https://www.kohls.com/product/prd-7180097/vans-ryland-ls-womens-sneakers.jsp?skuid=28064512
55165337,"FOR PRICE, ADD TO BAG",2,'197614963583,,https://www.kohls.com/product/prd-7428343/adidas-ultradream-bold-womens-running-shoes.jsp?skuid=55165337
55165338,"FOR PRICE, ADD TO BAG",3,'197614963576,,https://www.kohls.com/product/prd-7428343/adidas-ultradream-bold-womens-running-shoes.jsp?skuid=55165338
55165339,"FOR PRICE, ADD TO BAG",2,'197614963460,,https://www.kohls.com/product/prd-7428343/adidas-ultradream-bold-womens-running-shoes.jsp?skuid=55165339
55165347,"FOR PRICE, ADD TO BAG",4,'197614963552,,https://www.kohls.com/product/prd-7428343/adidas-ultradream-bold-womens-running-shoes.jsp?skuid=55165347
55165350,"FOR PRICE, ADD TO BAG",4,'197614963477,,https://www.kohls.com/product/prd-7428343/adidas-ultradream-bold-womens-running-shoes.jsp?skuid=55165350
29077902,"FOR PRICE, ADD TO BAG",59,'194435079349,,https://www.kohls.com/product/prd-6804984/converse-sport-casual-mens-shoes.jsp?skuid=29077902
29077903,"FOR PRICE, ADD TO BAG",25,'194435079356,,https://www.kohls.com/product/prd-6804984/converse-sport-casual-mens-shoes.jsp?skuid=29077903
29077904,"FOR PRICE, ADD TO BAG",870,'194435079363,,https://www.kohls.com/product/prd-6804984/converse-sport-casual-mens-shoes.jsp?skuid=29077904
29077905,"FOR PRICE, ADD TO BAG",673,'194435079370,,https://www.kohls.com/product/prd-6804984/converse-sport-casual-mens-shoes.jsp?skuid=29077905
29077906,"FOR PRICE, ADD TO BAG",686,'194435079387,,https://www.kohls.com/product/prd-6804984/converse-sport-casual-mens-shoes.jsp?skuid=29077906
29077907,"FOR PRICE, ADD TO BAG",585,'194435079394,,https://www.kohls.com/product/prd-6804984/converse-sport-casual-mens-shoes.jsp?skuid=29077907
29077908,"FOR PRICE, ADD TO BAG",632,'194435079202,,https://www.kohls.com/product/prd-6804984/converse-sport-casual-mens-shoes.jsp?skuid=29077908
29077909,"FOR PRICE, ADD TO BAG",964,'194435079219,,https://www.kohls.com/product/prd-6804984/converse-sport-casual-mens-shoes.jsp?skuid=29077909
29077910,"FOR PRICE, ADD TO BAG",1084,'194435079226,,https://www.kohls.com/product/prd-6804984/converse-sport-casual-mens-shoes.jsp?skuid=29077910
29077911,"FOR PRICE, ADD TO BAG",656,'194435079233,,https://www.kohls.com/product/prd-6804984/converse-sport-casual-mens-shoes.jsp?skuid=29077911
29077912,"FOR PRICE, ADD TO BAG",722,'194435079240,,https://www.kohls.com/product/prd-6804984/converse-sport-casual-mens-shoes.jsp?skuid=29077912
29077913,"FOR PRICE, ADD TO BAG",568,'194435079257,,https://www.kohls.com/product/prd-6804984/converse-sport-casual-mens-shoes.jsp?skuid=29077913
76748078,"FOR PRICE, ADD TO BAG",140,'071160151833,,https://www.kohls.com/product/prd-5889335/corelle-vivid-white-16-pc-dinnerware-set.jsp?skuid=76748078
31005841,"FOR PRICE, ADD TO BAG",45,'197643577959,,https://www.kohls.com/product/prd-7021839/vans-seldan-kids-shoes.jsp?skuid=31005841
31005849,"FOR PRICE, ADD TO BAG",37,'197643575641,,https://www.kohls.com/product/prd-7021839/vans-seldan-kids-shoes.jsp?skuid=31005849
