UPC,Price,Variant,Source Link
843049155658,52.49,Realtree Edge / S,https://habitoutdoors.com/collections/discontinued-colors/products/youth-cedar-branch-insulated-waterproof-bib-realtree?variant=39478392750131
843049155665,52.49,Realtree Edge / M,https://habitoutdoors.com/collections/discontinued-colors/products/youth-cedar-branch-insulated-waterproof-bib-realtree?variant=39478392782899
843049155672,52.49,Realtree Edge / L,https://habitoutdoors.com/collections/discontinued-colors/products/youth-cedar-branch-insulated-waterproof-bib-realtree?variant=39478392815667
843049155689,52.49,Realtree Edge / XL,https://habitoutdoors.com/collections/discontinued-colors/products/youth-cedar-branch-insulated-waterproof-bib-realtree?variant=39478392848435
843049196477,75.00,Realtree Edge / S,https://habitoutdoors.com/collections/discontinued-colors/products/mens-country-trek-stretch-waterproof-insulated-jacket?variant=45909630877978
843049196484,75.00,Realtree Edge / M,https://habitoutdoors.com/collections/discontinued-colors/products/mens-country-trek-stretch-waterproof-insulated-jacket?variant=45909630910746
843049196491,75.00,Realtree Edge / L,https://habitoutdoors.com/collections/discontinued-colors/products/mens-country-trek-stretch-waterproof-insulated-jacket?variant=45909630976282
843049196507,75.00,Realtree Edge / XL,https://habitoutdoors.com/collections/discontinued-colors/products/mens-country-trek-stretch-waterproof-insulated-jacket?variant=45909631041818
843049196514,75.00,Realtree Edge / 2XL,https://habitoutdoors.com/collections/discontinued-colors/products/mens-country-trek-stretch-waterproof-insulated-jacket?variant=45909631107354
843049196521,75.00,Realtree Edge / 3XL,https://habitoutdoors.com/collections/discontinued-colors/products/mens-country-trek-stretch-waterproof-insulated-jacket?variant=45909631172890
843049149992,67.49,Realtree Edge / M,https://habitoutdoors.com/collections/discontinued-colors/products/mens-cedar-branch-insulated-waterproof-parka-realtree?variant=32754297176115
843049150004,67.49,Realtree Edge / L,https://habitoutdoors.com/collections/discontinued-colors/products/mens-cedar-branch-insulated-waterproof-parka-realtree?variant=32754297208883
843049150011,67.49,Realtree Edge / XL,https://habitoutdoors.com/collections/discontinued-colors/products/mens-cedar-branch-insulated-waterproof-parka-realtree?variant=32754297241651
843049150028,67.49,Realtree Edge / 2XL,https://habitoutdoors.com/collections/discontinued-colors/products/mens-cedar-branch-insulated-waterproof-parka-realtree?variant=32754297274419
843049150035,67.49,Realtree Edge / 3XL,https://habitoutdoors.com/collections/discontinued-colors/products/mens-cedar-branch-insulated-waterproof-parka-realtree?variant=32754297307187
843049154309,67.49,Realtree Edge / 4XL,https://habitoutdoors.com/collections/discontinued-colors/products/mens-cedar-branch-insulated-waterproof-parka-realtree?variant=32754297339955
843049196651,40.00,Realtree Edge / XS,https://habitoutdoors.com/collections/discontinued-colors/products/youth-country-trek-stretch-waterproof-insulated-jacket?variant=45924261036314
843049196668,40.00,Realtree Edge / S,https://habitoutdoors.com/collections/discontinued-colors/products/youth-country-trek-stretch-waterproof-insulated-jacket?variant=45924261560602
843049196675,40.00,Realtree Edge / M,https://habitoutdoors.com/collections/discontinued-colors/products/youth-country-trek-stretch-waterproof-insulated-jacket?variant=45924261593370
843049196682,40.00,Realtree Edge / L,https://habitoutdoors.com/collections/discontinued-colors/products/youth-country-trek-stretch-waterproof-insulated-jacket?variant=45924261626138
843049196699,40.00,Realtree Edge / XL,https://habitoutdoors.com/collections/discontinued-colors/products/youth-country-trek-stretch-waterproof-insulated-jacket?variant=45924261658906
843049196705,40.00,Realtree Edge / 2XL,https://habitoutdoors.com/collections/discontinued-colors/products/youth-country-trek-stretch-waterproof-insulated-jacket?variant=45924261691674
843049191182,59.99,Realtree Edge / M,https://habitoutdoors.com/collections/discontinued-colors/products/mens-townsend-ridge-techshell-jacket?variant=45907706478874
843049191199,59.99,Realtree Edge / L,https://habitoutdoors.com/collections/discontinued-colors/products/mens-townsend-ridge-techshell-jacket?variant=45907706511642
843049191205,59.99,Realtree Edge / XL,https://habitoutdoors.com/collections/discontinued-colors/products/mens-townsend-ridge-techshell-jacket?variant=45907706544410
843049191212,59.99,Realtree Edge / 2XL,https://habitoutdoors.com/collections/discontinued-colors/products/mens-townsend-ridge-techshell-jacket?variant=45907706577178
843049191229,59.99,Realtree Edge / 3XL,https://habitoutdoors.com/collections/discontinued-colors/products/mens-townsend-ridge-techshell-jacket?variant=45907706609946
843049191236,59.99,Realtree Edge / 4XL,https://habitoutdoors.com/collections/discontinued-colors/products/mens-townsend-ridge-techshell-jacket?variant=45907706642714
843049191304,59.99,Veil Camo Wideland Wolf / M,https://habitoutdoors.com/collections/discontinued-colors/products/mens-townsend-ridge-techshell-jacket?variant=45907706675482
843049191311,59.99,Veil Camo Wideland Wolf / L,https://habitoutdoors.com/collections/discontinued-colors/products/mens-townsend-ridge-techshell-jacket?variant=45907706708250
843049191328,59.99,Veil Camo Wideland Wolf / XL,https://habitoutdoors.com/collections/discontinued-colors/products/mens-townsend-ridge-techshell-jacket?variant=45907706741018
843049191335,59.99,Veil Camo Wideland Wolf / 2XL,https://habitoutdoors.com/collections/discontinued-colors/products/mens-townsend-ridge-techshell-jacket?variant=45907706773786
843049191342,59.99,Veil Camo Wideland Wolf / 3XL,https://habitoutdoors.com/collections/discontinued-colors/products/mens-townsend-ridge-techshell-jacket?variant=45907706806554
843049191359,59.99,Veil Camo Wideland Wolf / 4XL,https://habitoutdoors.com/collections/discontinued-colors/products/mens-townsend-ridge-techshell-jacket?variant=45907706839322
843049196590,40.00,Realtree Edge / XS,https://habitoutdoors.com/collections/discontinued-colors/products/youth-country-trek-stretch-waterproof-insulated-bib?variant=45924099686682
843049196606,40.00,Realtree Edge / S,https://habitoutdoors.com/collections/discontinued-colors/products/youth-country-trek-stretch-waterproof-insulated-bib?variant=45924100276506
843049196613,40.00,Realtree Edge / M,https://habitoutdoors.com/collections/discontinued-colors/products/youth-country-trek-stretch-waterproof-insulated-bib?variant=45924100309274
843049196620,40.00,Realtree Edge / L,https://habitoutdoors.com/collections/discontinued-colors/products/youth-country-trek-stretch-waterproof-insulated-bib?variant=45924100342042
843049196637,40.00,Realtree Edge / XL,https://habitoutdoors.com/collections/discontinued-colors/products/youth-country-trek-stretch-waterproof-insulated-bib?variant=45924100374810
843049196644,40.00,Realtree Edge / 2XL,https://habitoutdoors.com/collections/discontinued-colors/products/youth-country-trek-stretch-waterproof-insulated-bib?variant=45924100407578
843049158086,20.00,Raider Broadsword / M,https://habitoutdoors.com/collections/discontinued-colors/products/habit-mens-turkey-ridge-all-season-pant-raider-1?variant=32337665884211
843049158093,20.00,Raider Broadsword / L,https://habitoutdoors.com/collections/discontinued-colors/products/habit-mens-turkey-ridge-all-season-pant-raider-1?variant=32337665916979
843049158109,20.00,Raider Broadsword / XL,https://habitoutdoors.com/collections/discontinued-colors/products/habit-mens-turkey-ridge-all-season-pant-raider-1?variant=32337665949747
843049158116,20.00,Raider Broadsword / 2XL,https://habitoutdoors.com/collections/discontinued-colors/products/habit-mens-turkey-ridge-all-season-pant-raider-1?variant=32337665982515
843049158123,20.00,Raider Broadsword / 3XL,https://habitoutdoors.com/collections/discontinued-colors/products/habit-mens-turkey-ridge-all-season-pant-raider-1?variant=32337666015283
843049158031,20.00,Raider Gladius / M,https://habitoutdoors.com/collections/discontinued-colors/products/habit-mens-turkey-ridge-all-season-pant-raider-1?variant=39474537103411
843049158048,20.00,Raider Gladius / L,https://habitoutdoors.com/collections/discontinued-colors/products/habit-mens-turkey-ridge-all-season-pant-raider-1?variant=39474537791539
843049158055,20.00,Raider Gladius / XL,https://habitoutdoors.com/collections/discontinued-colors/products/habit-mens-turkey-ridge-all-season-pant-raider-1?variant=39474537824307
843049158062,20.00,Raider Gladius / 2XL,https://habitoutdoors.com/collections/discontinued-colors/products/habit-mens-turkey-ridge-all-season-pant-raider-1?variant=39474537857075
843049158079,20.00,Raider Gladius / 3XL,https://habitoutdoors.com/collections/discontinued-colors/products/habit-mens-turkey-ridge-all-season-pant-raider-1?variant=39474537922611
843049185594,18.00,Black / S,https://habitoutdoors.com/collections/discontinued-colors/products/mens-hooded-1-4-zip-performance-layer?variant=44392081654042
843049185600,18.00,Black / M,https://habitoutdoors.com/collections/discontinued-colors/products/mens-hooded-1-4-zip-performance-layer?variant=44392081686810
843049185617,18.00,Black / L,https://habitoutdoors.com/collections/discontinued-colors/products/mens-hooded-1-4-zip-performance-layer?variant=44392081719578
843049185624,18.00,Black / XL,https://habitoutdoors.com/collections/discontinued-colors/products/mens-hooded-1-4-zip-performance-layer?variant=44392081752346
843049185631,18.00,Black / 2XL,https://habitoutdoors.com/collections/discontinued-colors/products/mens-hooded-1-4-zip-performance-layer?variant=44392081785114
843049185549,18.00,Moonlight Blue / S,https://habitoutdoors.com/collections/discontinued-colors/products/mens-hooded-1-4-zip-performance-layer?variant=44392081817882
843049185556,18.00,Moonlight Blue / M,https://habitoutdoors.com/collections/discontinued-colors/products/mens-hooded-1-4-zip-performance-layer?variant=44392081850650
843049185563,18.00,Moonlight Blue / L,https://habitoutdoors.com/collections/discontinued-colors/products/mens-hooded-1-4-zip-performance-layer?variant=44392081883418
843049185570,18.00,Moonlight Blue / XL,https://habitoutdoors.com/collections/discontinued-colors/products/mens-hooded-1-4-zip-performance-layer?variant=44392081916186
843049185587,18.00,Moonlight Blue / 2XL,https://habitoutdoors.com/collections/discontinued-colors/products/mens-hooded-1-4-zip-performance-layer?variant=44392081948954
843049185648,18.00,Quarry / S,https://habitoutdoors.com/collections/discontinued-colors/products/mens-hooded-1-4-zip-performance-layer?variant=44392081981722
843049185655,18.00,Quarry / M,https://habitoutdoors.com/collections/discontinued-colors/products/mens-hooded-1-4-zip-performance-layer?variant=44392082014490
843049185662,18.00,Quarry / L,https://habitoutdoors.com/collections/discontinued-colors/products/mens-hooded-1-4-zip-performance-layer?variant=44392082047258
843049185679,18.00,Quarry / XL,https://habitoutdoors.com/collections/discontinued-colors/products/mens-hooded-1-4-zip-performance-layer?variant=44392082080026
843049185686,18.00,Quarry / 2XL,https://habitoutdoors.com/collections/discontinued-colors/products/mens-hooded-1-4-zip-performance-layer?variant=44392082112794
843049164995,18.00,Realtree Fishing Dusk / S,https://habitoutdoors.com/collections/discontinued-colors/products/mens-hooded-1-4-zip-performance-layer?variant=39623229145139
843049165008,18.00,Realtree Fishing Dusk / M,https://habitoutdoors.com/collections/discontinued-colors/products/mens-hooded-1-4-zip-performance-layer?variant=39623229374515
843049165015,18.00,Realtree Fishing Dusk / L,https://habitoutdoors.com/collections/discontinued-colors/products/mens-hooded-1-4-zip-performance-layer?variant=39623230521395
843049165022,18.00,Realtree Fishing Dusk / XL,https://habitoutdoors.com/collections/discontinued-colors/products/mens-hooded-1-4-zip-performance-layer?variant=39623230849075
843049165039,18.00,Realtree Fishing Dusk / 2XL,https://habitoutdoors.com/collections/discontinued-colors/products/mens-hooded-1-4-zip-performance-layer?variant=39623230881843
843049164940,18.00,Mossy Oak Elements Agua Manta / S,https://habitoutdoors.com/collections/discontinued-colors/products/mens-hooded-1-4-zip-performance-layer?variant=39623231635507
843049164957,18.00,Mossy Oak Elements Agua Manta / M,https://habitoutdoors.com/collections/discontinued-colors/products/mens-hooded-1-4-zip-performance-layer?variant=39623231799347
843049164964,18.00,Mossy Oak Elements Agua Manta / L,https://habitoutdoors.com/collections/discontinued-colors/products/mens-hooded-1-4-zip-performance-layer?variant=39623231864883
843049164971,18.00,Mossy Oak Elements Agua Manta / XL,https://habitoutdoors.com/collections/discontinued-colors/products/mens-hooded-1-4-zip-performance-layer?variant=39623235338291
843049164988,18.00,Mossy Oak Elements Agua Manta / 2XL,https://habitoutdoors.com/collections/discontinued-colors/products/mens-hooded-1-4-zip-performance-layer?variant=39623257751603
843049165091,18.00,Marlin Blue / S,https://habitoutdoors.com/collections/discontinued-colors/products/mens-hooded-1-4-zip-performance-layer?variant=39623244349491
843049165107,18.00,Marlin Blue / M,https://habitoutdoors.com/collections/discontinued-colors/products/mens-hooded-1-4-zip-performance-layer?variant=39623247888435
843049165114,18.00,Marlin Blue / L,https://habitoutdoors.com/collections/discontinued-colors/products/mens-hooded-1-4-zip-performance-layer?variant=39623247921203
843049165121,18.00,Marlin Blue / XL,https://habitoutdoors.com/collections/discontinued-colors/products/mens-hooded-1-4-zip-performance-layer?variant=39623248052275
843049165138,18.00,Marlin Blue / 2XL,https://habitoutdoors.com/collections/discontinued-colors/products/mens-hooded-1-4-zip-performance-layer?variant=39623248117811
843049165145,18.00,Mykonos Blue / S,https://habitoutdoors.com/collections/discontinued-colors/products/mens-hooded-1-4-zip-performance-layer?variant=39623248412723
843049165152,18.00,Mykonos Blue / M,https://habitoutdoors.com/collections/discontinued-colors/products/mens-hooded-1-4-zip-performance-layer?variant=39623249526835
843049165169,18.00,Mykonos Blue / L,https://habitoutdoors.com/collections/discontinued-colors/products/mens-hooded-1-4-zip-performance-layer?variant=39623250018355
843049165176,18.00,Mykonos Blue / XL,https://habitoutdoors.com/collections/discontinued-colors/products/mens-hooded-1-4-zip-performance-layer?variant=39623253327923
843049165183,18.00,Mykonos Blue / 2XL,https://habitoutdoors.com/collections/discontinued-colors/products/mens-hooded-1-4-zip-performance-layer?variant=39623253655603
843049170545,45.00,Mossy Oak Terra Coyote / M,https://habitoutdoors.com/collections/discontinued-colors/products/mens-ripley-trail-stretch-waterproof-jacket-mossy-oak?variant=39471476539443
843049170552,45.00,Mossy Oak Terra Coyote / L,https://habitoutdoors.com/collections/discontinued-colors/products/mens-ripley-trail-stretch-waterproof-jacket-mossy-oak?variant=39471476572211
843049170569,45.00,Mossy Oak Terra Coyote / XL,https://habitoutdoors.com/collections/discontinued-colors/products/mens-ripley-trail-stretch-waterproof-jacket-mossy-oak?variant=39471476604979
843049142030,18.00,Sea Foam / XL,https://habitoutdoors.com/collections/discontinued-colors/products/mens-hooded-1-4-zip-performance-layer?variant=39623253884979
843049142047,18.00,Sea Foam / 2XL,https://habitoutdoors.com/collections/discontinued-colors/products/mens-hooded-1-4-zip-performance-layer?variant=39623254376499
843049170576,45.00,Mossy Oak Terra Coyote / 2XL,https://habitoutdoors.com/collections/discontinued-colors/products/mens-ripley-trail-stretch-waterproof-jacket-mossy-oak?variant=39471476637747
843049170583,45.00,Mossy Oak Terra Coyote / 3XL,https://habitoutdoors.com/collections/discontinued-colors/products/mens-ripley-trail-stretch-waterproof-jacket-mossy-oak?variant=39471476670515
843049170590,45.00,Mossy Oak Terra Coyote / 4XL,https://habitoutdoors.com/collections/discontinued-colors/products/mens-ripley-trail-stretch-waterproof-jacket-mossy-oak?variant=39471476703283
843049104410,45.00,Mossy Oak Country DNA / M,https://habitoutdoors.com/collections/discontinued-colors/products/mens-ripley-trail-stretch-waterproof-jacket-mossy-oak?variant=40935690436659
843049104427,45.00,Mossy Oak Country DNA / L,https://habitoutdoors.com/collections/discontinued-colors/products/mens-ripley-trail-stretch-waterproof-jacket-mossy-oak?variant=40935690469427
843049104434,45.00,Mossy Oak Country DNA / XL,https://habitoutdoors.com/collections/discontinued-colors/products/mens-ripley-trail-stretch-waterproof-jacket-mossy-oak?variant=40935690502195
843049104441,45.00,Mossy Oak Country DNA / 2XL,https://habitoutdoors.com/collections/discontinued-colors/products/mens-ripley-trail-stretch-waterproof-jacket-mossy-oak?variant=40935690534963
843049104458,45.00,Mossy Oak Country DNA / 3XL,https://habitoutdoors.com/collections/discontinued-colors/products/mens-ripley-trail-stretch-waterproof-jacket-mossy-oak?variant=40935690567731
,45.00,Mossy Oak Country DNA / 4XL,https://habitoutdoors.com/collections/discontinued-colors/products/mens-ripley-trail-stretch-waterproof-jacket-mossy-oak?variant=40935690600499
843049112422,48.74,RT Edge/Cub / S,https://habitoutdoors.com/collections/discontinued-colors/products/youth-cedar-branch-insulated-waterproof-bomber-realtree?variant=39472108011571
843049112392,48.74,RT Edge/Cub / M,https://habitoutdoors.com/collections/discontinued-colors/products/youth-cedar-branch-insulated-waterproof-bomber-realtree?variant=39472108044339
843049103192,52.49,Realtree Edge / M,https://habitoutdoors.com/collections/discontinued-colors/products/mens-early-dawn-sherpa-shell-pant-realtree?variant=40797877862451
843049112408,48.74,RT Edge/Cub / L,https://habitoutdoors.com/collections/discontinued-colors/products/youth-cedar-branch-insulated-waterproof-bomber-realtree?variant=39472108077107
843049112415,48.74,RT Edge/Cub / XL,https://habitoutdoors.com/collections/discontinued-colors/products/youth-cedar-branch-insulated-waterproof-bomber-realtree?variant=39472108109875
843049103208,52.49,Realtree Edge / L,https://habitoutdoors.com/collections/discontinued-colors/products/mens-early-dawn-sherpa-shell-pant-realtree?variant=40797877895219
843049103215,52.49,Realtree Edge / XL,https://habitoutdoors.com/collections/discontinued-colors/products/mens-early-dawn-sherpa-shell-pant-realtree?variant=40797877927987
843049103222,52.49,Realtree Edge / 2XL,https://habitoutdoors.com/collections/discontinued-colors/products/mens-early-dawn-sherpa-shell-pant-realtree?variant=40797877960755
843049104618,52.49,Realtree Edge / 3XL,https://habitoutdoors.com/collections/discontinued-colors/products/mens-early-dawn-sherpa-shell-pant-realtree?variant=40797877993523
843049104625,52.49,Realtree Edge / 4XL,https://habitoutdoors.com/collections/discontinued-colors/products/mens-early-dawn-sherpa-shell-pant-realtree?variant=40797878026291
843049111791,59.99,Realtree Edge / M,https://habitoutdoors.com/collections/discontinued-colors/products/mens-townsend-ridge-techshell-pants-realtree?variant=39472041984051
843049111807,59.99,Realtree Edge / L,https://habitoutdoors.com/collections/discontinued-colors/products/mens-townsend-ridge-techshell-pants-realtree?variant=39472042016819
843049111814,59.99,Realtree Edge / XL,https://habitoutdoors.com/collections/discontinued-colors/products/mens-townsend-ridge-techshell-pants-realtree?variant=39472042049587
843049111821,59.99,Realtree Edge / 2XL,https://habitoutdoors.com/collections/discontinued-colors/products/mens-townsend-ridge-techshell-pants-realtree?variant=39472042082355
843049136824,59.99,Realtree Edge / 3XL,https://habitoutdoors.com/collections/discontinued-colors/products/mens-townsend-ridge-techshell-pants-realtree?variant=39472042115123
843049136831,59.99,Realtree Edge / 4XL,https://habitoutdoors.com/collections/discontinued-colors/products/mens-townsend-ridge-techshell-pants-realtree?variant=39472042147891
843049152398,15.00,Harbor Mist / M,https://habitoutdoors.com/collections/discontinued-colors/products/mlf-1-4-zip-performance-layer?variant=44440389189914
843049152404,15.00,Harbor Mist / L,https://habitoutdoors.com/collections/discontinued-colors/products/mlf-1-4-zip-performance-layer?variant=44440389222682
843049152411,15.00,Harbor Mist / XL,https://habitoutdoors.com/collections/discontinued-colors/products/mlf-1-4-zip-performance-layer?variant=44440389255450
843049152428,15.00,Harbor Mist / 2XL,https://habitoutdoors.com/collections/discontinued-colors/products/mlf-1-4-zip-performance-layer?variant=44440389288218
843049152350,15.00,Black / M,https://habitoutdoors.com/collections/discontinued-colors/products/mlf-1-4-zip-performance-layer?variant=44440389353754
843049152367,15.00,Black / L,https://habitoutdoors.com/collections/discontinued-colors/products/mlf-1-4-zip-performance-layer?variant=44440389386522
843049152374,15.00,Black / XL,https://habitoutdoors.com/collections/discontinued-colors/products/mlf-1-4-zip-performance-layer?variant=44440389419290
843049152381,15.00,Black / 2XL,https://habitoutdoors.com/collections/discontinued-colors/products/mlf-1-4-zip-performance-layer?variant=44440389452058
843049152312,15.00,Ensign Blue / M,https://habitoutdoors.com/collections/discontinued-colors/products/mlf-1-4-zip-performance-layer?variant=44387438657818
843049152329,15.00,Ensign Blue / L,https://habitoutdoors.com/collections/discontinued-colors/products/mlf-1-4-zip-performance-layer?variant=44387438723354
843049152336,15.00,Ensign Blue / XL,https://habitoutdoors.com/collections/discontinued-colors/products/mlf-1-4-zip-performance-layer?variant=44387438788890
843049152343,15.00,Ensign Blue / 2XL,https://habitoutdoors.com/collections/discontinued-colors/products/mlf-1-4-zip-performance-layer?variant=44387438854426
843049152275,15.00,Mossy Oak Elements Agua Steelhead / M,https://habitoutdoors.com/collections/discontinued-colors/products/mlf-1-4-zip-performance-layer?variant=47952622027034
843049152282,15.00,Mossy Oak Elements Agua Steelhead / L,https://habitoutdoors.com/collections/discontinued-colors/products/mlf-1-4-zip-performance-layer?variant=47952622059802
843049152299,15.00,Mossy Oak Elements Agua Steelhead / XL,https://habitoutdoors.com/collections/discontinued-colors/products/mlf-1-4-zip-performance-layer?variant=47952622092570
843049152305,15.00,Mossy Oak Elements Agua Steelhead / 2XL,https://habitoutdoors.com/collections/discontinued-colors/products/mlf-1-4-zip-performance-layer?variant=47952622125338
843049164643,18.00,Realtree Wav3 White / S,https://habitoutdoors.com/collections/discontinued-colors/products/black-fork-mountain-trail-1-4-zip-performance-layer?variant=39623193559091
843049164650,18.00,Realtree Wav3 White / M,https://habitoutdoors.com/collections/discontinued-colors/products/black-fork-mountain-trail-1-4-zip-performance-layer?variant=39623193591859
843049164667,18.00,Realtree Wav3 White / L,https://habitoutdoors.com/collections/discontinued-colors/products/black-fork-mountain-trail-1-4-zip-performance-layer?variant=39623193624627
843049164674,18.00,Realtree Wav3 White / XL,https://habitoutdoors.com/collections/discontinued-colors/products/black-fork-mountain-trail-1-4-zip-performance-layer?variant=39623193657395
843049164681,18.00,Realtree Wav3 White / 2XL,https://habitoutdoors.com/collections/discontinued-colors/products/black-fork-mountain-trail-1-4-zip-performance-layer?variant=39623193690163
843049164599,18.00,River Blue Waves / S,https://habitoutdoors.com/collections/discontinued-colors/products/black-fork-mountain-trail-1-4-zip-performance-layer?variant=39623193722931
843049164605,18.00,River Blue Waves / M,https://habitoutdoors.com/collections/discontinued-colors/products/black-fork-mountain-trail-1-4-zip-performance-layer?variant=39623193755699
843049164612,18.00,River Blue Waves / L,https://habitoutdoors.com/collections/discontinued-colors/products/black-fork-mountain-trail-1-4-zip-performance-layer?variant=39623193788467
843049168368,45.00,Realtree Excape / M,https://habitoutdoors.com/collections/discontinued-colors/products/mens-early-dawn-sherpa-shell-jacket-excape?variant=40826099925043
843049168375,45.00,Realtree Excape / L,https://habitoutdoors.com/collections/discontinued-colors/products/mens-early-dawn-sherpa-shell-jacket-excape?variant=40826099957811
843049168382,45.00,Realtree Excape / XL,https://habitoutdoors.com/collections/discontinued-colors/products/mens-early-dawn-sherpa-shell-jacket-excape?variant=40826099990579
843049164629,18.00,River Blue Waves / XL,https://habitoutdoors.com/collections/discontinued-colors/products/black-fork-mountain-trail-1-4-zip-performance-layer?variant=39623193821235
843049164636,18.00,River Blue Waves / 2XL,https://habitoutdoors.com/collections/discontinued-colors/products/black-fork-mountain-trail-1-4-zip-performance-layer?variant=39623193854003
843049164698,18.00,Realtree Wav3 Standard Blue / S,https://habitoutdoors.com/collections/discontinued-colors/products/black-fork-mountain-trail-1-4-zip-performance-layer?variant=39623193886771
843049164704,18.00,Realtree Wav3 Standard Blue / M,https://habitoutdoors.com/collections/discontinued-colors/products/black-fork-mountain-trail-1-4-zip-performance-layer?variant=39623193919539
843049164711,18.00,Realtree Wav3 Standard Blue / L,https://habitoutdoors.com/collections/discontinued-colors/products/black-fork-mountain-trail-1-4-zip-performance-layer?variant=39623193952307
843049164728,18.00,Realtree Wav3 Standard Blue / XL,https://habitoutdoors.com/collections/discontinued-colors/products/black-fork-mountain-trail-1-4-zip-performance-layer?variant=39623193985075
843049164735,18.00,Realtree Wav3 Standard Blue / 2XL,https://habitoutdoors.com/collections/discontinued-colors/products/black-fork-mountain-trail-1-4-zip-performance-layer?variant=39623194017843
843049164742,18.00,Black / S,https://habitoutdoors.com/collections/discontinued-colors/products/black-fork-mountain-trail-1-4-zip-performance-layer?variant=39623198965811
843049164759,18.00,Black / M,https://habitoutdoors.com/collections/discontinued-colors/products/black-fork-mountain-trail-1-4-zip-performance-layer?variant=39623199522867
843049164766,18.00,Black / L,https://habitoutdoors.com/collections/discontinued-colors/products/black-fork-mountain-trail-1-4-zip-performance-layer?variant=39623199555635
843049164773,18.00,Black / XL,https://habitoutdoors.com/collections/discontinued-colors/products/black-fork-mountain-trail-1-4-zip-performance-layer?variant=39623199588403
843049164780,18.00,Black / 2XL,https://habitoutdoors.com/collections/discontinued-colors/products/black-fork-mountain-trail-1-4-zip-performance-layer?variant=39623199817779
843049164797,18.00,Norse Blue / S,https://habitoutdoors.com/collections/discontinued-colors/products/black-fork-mountain-trail-1-4-zip-performance-layer?variant=39623204438067
843049164803,18.00,Norse Blue / M,https://habitoutdoors.com/collections/discontinued-colors/products/black-fork-mountain-trail-1-4-zip-performance-layer?variant=39623204667443
843049164810,18.00,Norse Blue / L,https://habitoutdoors.com/collections/discontinued-colors/products/black-fork-mountain-trail-1-4-zip-performance-layer?variant=39623204765747
843049164827,18.00,Norse Blue / XL,https://habitoutdoors.com/collections/discontinued-colors/products/black-fork-mountain-trail-1-4-zip-performance-layer?variant=39623204831283
843049164834,18.00,Norse Blue / 2XL,https://habitoutdoors.com/collections/discontinued-colors/products/black-fork-mountain-trail-1-4-zip-performance-layer?variant=39623204962355
843049164841,18.00,Granite Gray / S,https://habitoutdoors.com/collections/discontinued-colors/products/black-fork-mountain-trail-1-4-zip-performance-layer?variant=39623206076467
843049164858,18.00,Granite Gray / M,https://habitoutdoors.com/collections/discontinued-colors/products/black-fork-mountain-trail-1-4-zip-performance-layer?variant=39623206699059
843049164865,18.00,Granite Gray / L,https://habitoutdoors.com/collections/discontinued-colors/products/black-fork-mountain-trail-1-4-zip-performance-layer?variant=39623206895667
843049164872,18.00,Granite Gray / XL,https://habitoutdoors.com/collections/discontinued-colors/products/black-fork-mountain-trail-1-4-zip-performance-layer?variant=39623206961203
843049164889,18.00,Granite Gray / 2XL,https://habitoutdoors.com/collections/discontinued-colors/products/black-fork-mountain-trail-1-4-zip-performance-layer?variant=39623207157811
843049169457,67.49,Realtree Edge / S,https://habitoutdoors.com/collections/discontinued-colors/products/womens-cedar-branch-insulated-waterproof-parka?variant=40736312786995
843049169464,67.49,Realtree Edge / M,https://habitoutdoors.com/collections/discontinued-colors/products/womens-cedar-branch-insulated-waterproof-parka?variant=40736312819763
843049169471,67.49,Realtree Edge / L,https://habitoutdoors.com/collections/discontinued-colors/products/womens-cedar-branch-insulated-waterproof-parka?variant=40736312852531
843049169488,67.49,Realtree Edge / XL,https://habitoutdoors.com/collections/discontinued-colors/products/womens-cedar-branch-insulated-waterproof-parka?variant=40736312885299
843049170392,67.49,Realtree Edge / 2XL,https://habitoutdoors.com/collections/discontinued-colors/products/womens-cedar-branch-insulated-waterproof-parka?variant=40736312918067
843049163684,18.00,Realtree Wav3 Standard Blue / S,https://habitoutdoors.com/collections/discontinued-colors/products/men-s-coppermine-cove-hooded-performance-layer-with-gaiter?variant=32724730904627
843049163691,18.00,Realtree Wav3 Standard Blue / M,https://habitoutdoors.com/collections/discontinued-colors/products/men-s-coppermine-cove-hooded-performance-layer-with-gaiter?variant=32724730937395
843049163707,18.00,Realtree Wav3 Standard Blue / L,https://habitoutdoors.com/collections/discontinued-colors/products/men-s-coppermine-cove-hooded-performance-layer-with-gaiter?variant=32724730970163
843049163714,18.00,Realtree Wav3 Standard Blue / XL,https://habitoutdoors.com/collections/discontinued-colors/products/men-s-coppermine-cove-hooded-performance-layer-with-gaiter?variant=32724731002931
843049163721,18.00,Realtree Wav3 Standard Blue / 2XL,https://habitoutdoors.com/collections/discontinued-colors/products/men-s-coppermine-cove-hooded-performance-layer-with-gaiter?variant=32724731035699
843049163738,18.00,Realtree Wav3 Standard Blue / 3XL,https://habitoutdoors.com/collections/discontinued-colors/products/men-s-coppermine-cove-hooded-performance-layer-with-gaiter?variant=32724731068467
843049163745,18.00,Realtree Wav3 Standard Blue / 4XL,https://habitoutdoors.com/collections/discontinued-colors/products/men-s-coppermine-cove-hooded-performance-layer-with-gaiter?variant=32724731101235
843049171047,45.00,Mossy Oak Country DNA / M,https://habitoutdoors.com/collections/discontinued-colors/products/mens-buck-hollow-waterproof-pants-mossy-oak?variant=39471466020915
843049171054,45.00,Mossy Oak Country DNA / L,https://habitoutdoors.com/collections/discontinued-colors/products/mens-buck-hollow-waterproof-pants-mossy-oak?variant=39471466053683
843049171061,45.00,Mossy Oak Country DNA / XL,https://habitoutdoors.com/collections/discontinued-colors/products/mens-buck-hollow-waterproof-pants-mossy-oak?variant=39471466086451
843049103154,41.24,Realtree Edge / M,https://habitoutdoors.com/collections/discontinued-colors/products/mens-early-dawn-sherpa-shell-vest-realtree?variant=40797886480435
843049103161,41.24,Realtree Edge / L,https://habitoutdoors.com/collections/discontinued-colors/products/mens-early-dawn-sherpa-shell-vest-realtree?variant=40797886513203
843049103178,41.24,Realtree Edge / XL,https://habitoutdoors.com/collections/discontinued-colors/products/mens-early-dawn-sherpa-shell-vest-realtree?variant=40797886545971
843049171078,45.00,Mossy Oak Country DNA / 2XL,https://habitoutdoors.com/collections/discontinued-colors/products/mens-buck-hollow-waterproof-pants-mossy-oak?variant=39471466119219
843049171085,45.00,Mossy Oak Country DNA / 3XL,https://habitoutdoors.com/collections/discontinued-colors/products/mens-buck-hollow-waterproof-pants-mossy-oak?variant=39471466151987
843049171092,45.00,Mossy Oak Country DNA / 4XL,https://habitoutdoors.com/collections/discontinued-colors/products/mens-buck-hollow-waterproof-pants-mossy-oak?variant=39471466184755
843049103185,41.24,Realtree Edge / 2XL,https://habitoutdoors.com/collections/discontinued-colors/products/mens-early-dawn-sherpa-shell-vest-realtree?variant=40797886578739
843049104649,41.24,Realtree Edge / 3XL,https://habitoutdoors.com/collections/discontinued-colors/products/mens-early-dawn-sherpa-shell-vest-realtree?variant=40797886611507
843049104656,41.24,Realtree Edge / 4XL,https://habitoutdoors.com/collections/discontinued-colors/products/mens-early-dawn-sherpa-shell-vest-realtree?variant=40797886644275
843049169051,54.99,Ivy Green / M,https://habitoutdoors.com/collections/discontinued-colors/products/mens-early-dawn-sherpa-shell-vest-realtree?variant=40797886873651
843049169068,54.99,Ivy Green / L,https://habitoutdoors.com/collections/discontinued-colors/products/mens-early-dawn-sherpa-shell-vest-realtree?variant=40797886906419
843049169075,54.99,Ivy Green / XL,https://habitoutdoors.com/collections/discontinued-colors/products/mens-early-dawn-sherpa-shell-vest-realtree?variant=40797886939187
843049169082,54.99,Ivy Green / 2XL,https://habitoutdoors.com/collections/discontinued-colors/products/mens-early-dawn-sherpa-shell-vest-realtree?variant=40797886971955
843049169099,54.99,Ivy Green / 3XL,https://habitoutdoors.com/collections/discontinued-colors/products/mens-early-dawn-sherpa-shell-vest-realtree?variant=40797887004723
843049169105,54.99,Ivy Green / 4XL,https://habitoutdoors.com/collections/discontinued-colors/products/mens-early-dawn-sherpa-shell-vest-realtree?variant=40797887037491
843049169419,52.49,Realtree Edge / M,https://habitoutdoors.com/collections/discontinued-colors/products/mens-early-dawn-sherpa-shell-jacket-realtree?variant=40797861969971
843049169426,52.49,Realtree Edge / L,https://habitoutdoors.com/collections/discontinued-colors/products/mens-early-dawn-sherpa-shell-jacket-realtree?variant=40797862002739
843049169433,52.49,Realtree Edge / XL,https://habitoutdoors.com/collections/discontinued-colors/products/mens-early-dawn-sherpa-shell-jacket-realtree?variant=40797862035507
843049169440,52.49,Realtree Edge / 2XL,https://habitoutdoors.com/collections/discontinued-colors/products/mens-early-dawn-sherpa-shell-jacket-realtree?variant=40797862068275
843049171771,52.49,Realtree Edge / 3XL,https://habitoutdoors.com/collections/discontinued-colors/products/mens-early-dawn-sherpa-shell-jacket-realtree?variant=40797862101043
843049104267,52.49,Realtree Edge / 4XL,https://habitoutdoors.com/collections/discontinued-colors/products/mens-early-dawn-sherpa-shell-jacket-realtree?variant=40797862133811
843049111753,40.00,Realtree Edge / M,https://habitoutdoors.com/collections/discontinued-colors/products/habit-mens-townsend-ridge-techshell-jacket?variant=15973522440243
843049111760,40.00,Realtree Edge / L,https://habitoutdoors.com/collections/discontinued-colors/products/habit-mens-townsend-ridge-techshell-jacket?variant=15973522473011
843049111777,40.00,Realtree Edge / XL,https://habitoutdoors.com/collections/discontinued-colors/products/habit-mens-townsend-ridge-techshell-jacket?variant=15973522505779
843049111784,40.00,Realtree Edge / 2XL,https://habitoutdoors.com/collections/discontinued-colors/products/habit-mens-townsend-ridge-techshell-jacket?variant=15973522538547
843049136787,40.00,Realtree Edge / 3XL,https://habitoutdoors.com/collections/discontinued-colors/products/habit-mens-townsend-ridge-techshell-jacket?variant=18165141667891
843049136794,40.00,Realtree Edge / 4XL,https://habitoutdoors.com/collections/discontinued-colors/products/habit-mens-townsend-ridge-techshell-jacket?variant=18165143633971
843049168771,40.00,Mossy Oak Terra Coyote / M,https://habitoutdoors.com/collections/discontinued-colors/products/habit-mens-townsend-ridge-techshell-jacket?variant=39433505177651
843049168788,40.00,Mossy Oak Terra Coyote / L,https://habitoutdoors.com/collections/discontinued-colors/products/habit-mens-townsend-ridge-techshell-jacket?variant=39433511403571
843049168795,40.00,Mossy Oak Terra Coyote / XL,https://habitoutdoors.com/collections/discontinued-colors/products/habit-mens-townsend-ridge-techshell-jacket?variant=39433511436339
843049168801,40.00,Mossy Oak Terra Coyote / 2XL,https://habitoutdoors.com/collections/discontinued-colors/products/habit-mens-townsend-ridge-techshell-jacket?variant=39433511698483
843049168818,40.00,Mossy Oak Terra Coyote / 3XL,https://habitoutdoors.com/collections/discontinued-colors/products/habit-mens-townsend-ridge-techshell-jacket?variant=39433511731251
843049168825,40.00,Mossy Oak Terra Coyote / 4XL,https://habitoutdoors.com/collections/discontinued-colors/products/habit-mens-townsend-ridge-techshell-jacket?variant=39433511829555
843049167545,40.00,Mossy Oak Country DNA / M,https://habitoutdoors.com/collections/discontinued-colors/products/habit-mens-townsend-ridge-techshell-jacket?variant=39433514647603
843049167552,40.00,Mossy Oak Country DNA / L,https://habitoutdoors.com/collections/discontinued-colors/products/habit-mens-townsend-ridge-techshell-jacket?variant=39433514975283
843049167569,40.00,Mossy Oak Country DNA / XL,https://habitoutdoors.com/collections/discontinued-colors/products/habit-mens-townsend-ridge-techshell-jacket?variant=39433515106355
843049167576,40.00,Mossy Oak Country DNA / 2XL,https://habitoutdoors.com/collections/discontinued-colors/products/habit-mens-townsend-ridge-techshell-jacket?variant=39433515270195
843049168832,40.00,Mossy Oak Country DNA / 3XL,https://habitoutdoors.com/collections/discontinued-colors/products/habit-mens-townsend-ridge-techshell-jacket?variant=39433515434035
843049168849,40.00,Mossy Oak Country DNA / 4XL,https://habitoutdoors.com/collections/discontinued-colors/products/habit-mens-townsend-ridge-techshell-jacket?variant=39433515466803
843049183972,20.00,Mossy Oak Elements Terra Gila / M,https://habitoutdoors.com/collections/discontinued-colors/products/mens-lewis-lodge-1-3-zip-performance-layer?variant=41092933124147
843049183989,20.00,Mossy Oak Elements Terra Gila / L,https://habitoutdoors.com/collections/discontinued-colors/products/mens-lewis-lodge-1-3-zip-performance-layer?variant=41092933156915
843049183996,20.00,Mossy Oak Elements Terra Gila / XL,https://habitoutdoors.com/collections/discontinued-colors/products/mens-lewis-lodge-1-3-zip-performance-layer?variant=41092933189683
843049184009,20.00,Mossy Oak Elements Terra Gila / 2XL,https://habitoutdoors.com/collections/discontinued-colors/products/mens-lewis-lodge-1-3-zip-performance-layer?variant=41092933222451
843049184016,20.00,Mossy Oak Country DNA / M,https://habitoutdoors.com/collections/discontinued-colors/products/mens-lewis-lodge-1-3-zip-performance-layer?variant=41092933255219
843049184023,20.00,Mossy Oak Country DNA / L,https://habitoutdoors.com/collections/discontinued-colors/products/mens-lewis-lodge-1-3-zip-performance-layer?variant=41092933287987
843049184030,20.00,Mossy Oak Country DNA / XL,https://habitoutdoors.com/collections/discontinued-colors/products/mens-lewis-lodge-1-3-zip-performance-layer?variant=41092933320755
843049184047,20.00,Mossy Oak Country DNA / 2XL,https://habitoutdoors.com/collections/discontinued-colors/products/mens-lewis-lodge-1-3-zip-performance-layer?variant=41092933353523
843049183934,20.00,Realtree Timber / M,https://habitoutdoors.com/collections/discontinued-colors/products/mens-lewis-lodge-1-3-zip-performance-layer?variant=41092933386291
843049183941,20.00,Realtree Timber / L,https://habitoutdoors.com/collections/discontinued-colors/products/mens-lewis-lodge-1-3-zip-performance-layer?variant=41092933419059
843049183958,20.00,Realtree Timber / XL,https://habitoutdoors.com/collections/discontinued-colors/products/mens-lewis-lodge-1-3-zip-performance-layer?variant=41092933451827
843049183965,20.00,Realtree Timber / 2XL,https://habitoutdoors.com/collections/discontinued-colors/products/mens-lewis-lodge-1-3-zip-performance-layer?variant=41092933484595
847381016134,52.49,Realtree Edge / S,https://habitoutdoors.com/collections/discontinued-colors/products/womens-early-dawn-sherpa-shell-pant?variant=49451879956762
847381016141,52.49,Realtree Edge / M,https://habitoutdoors.com/collections/discontinued-colors/products/womens-early-dawn-sherpa-shell-pant?variant=49451879989530
847381016158,52.49,Realtree Edge / L,https://habitoutdoors.com/collections/discontinued-colors/products/womens-early-dawn-sherpa-shell-pant?variant=49451880022298
847381016165,52.49,Realtree Edge / XL,https://habitoutdoors.com/collections/discontinued-colors/products/womens-early-dawn-sherpa-shell-pant?variant=49451880055066
843049169174,27.00,Realtree Edge / M,https://habitoutdoors.com/collections/discontinued-colors/products/mens-red-cedar-lake-hybrid-puffer-vest?variant=39479018225715
843049169181,27.00,Realtree Edge / L,https://habitoutdoors.com/collections/discontinued-colors/products/mens-red-cedar-lake-hybrid-puffer-vest?variant=39479018258483
843049169198,27.00,Realtree Edge / XL,https://habitoutdoors.com/collections/discontinued-colors/products/mens-red-cedar-lake-hybrid-puffer-vest?variant=39479018291251
843049169204,27.00,Realtree Edge / 2XL,https://habitoutdoors.com/collections/discontinued-colors/products/mens-red-cedar-lake-hybrid-puffer-vest?variant=39479018324019
843049169211,27.00,Realtree Edge / 3XL,https://habitoutdoors.com/collections/discontinued-colors/products/mens-red-cedar-lake-hybrid-puffer-vest?variant=39479018356787
843049169228,27.00,Realtree Edge / 4XL,https://habitoutdoors.com/collections/discontinued-colors/products/mens-red-cedar-lake-hybrid-puffer-vest?variant=39479018389555
843049169112,27.00,Mossy Oak Terra Coyote / M,https://habitoutdoors.com/collections/discontinued-colors/products/mens-red-cedar-lake-hybrid-puffer-vest?variant=39479018029107
843049169129,27.00,Mossy Oak Terra Coyote / L,https://habitoutdoors.com/collections/discontinued-colors/products/mens-red-cedar-lake-hybrid-puffer-vest?variant=39479018061875
843049169136,27.00,Mossy Oak Terra Coyote / XL,https://habitoutdoors.com/collections/discontinued-colors/products/mens-red-cedar-lake-hybrid-puffer-vest?variant=39479018094643
843049169143,27.00,Mossy Oak Terra Coyote / 2XL,https://habitoutdoors.com/collections/discontinued-colors/products/mens-red-cedar-lake-hybrid-puffer-vest?variant=39479018127411
843049169150,27.00,Mossy Oak Terra Coyote / 3XL,https://habitoutdoors.com/collections/discontinued-colors/products/mens-red-cedar-lake-hybrid-puffer-vest?variant=39479018160179
843049169167,27.00,Mossy Oak Terra Coyote / 4XL,https://habitoutdoors.com/collections/discontinued-colors/products/mens-red-cedar-lake-hybrid-puffer-vest?variant=39479018192947
843049169235,27.00,Black / M,https://habitoutdoors.com/collections/discontinued-colors/products/mens-red-cedar-lake-hybrid-puffer-vest?variant=39479018422323
843049169242,27.00,Black / L,https://habitoutdoors.com/collections/discontinued-colors/products/mens-red-cedar-lake-hybrid-puffer-vest?variant=39479018455091
843049169259,27.00,Black / XL,https://habitoutdoors.com/collections/discontinued-colors/products/mens-red-cedar-lake-hybrid-puffer-vest?variant=39479018487859
843049169266,27.00,Black / 2XL,https://habitoutdoors.com/collections/discontinued-colors/products/mens-red-cedar-lake-hybrid-puffer-vest?variant=39479018520627
843049169273,27.00,Black / 3XL,https://habitoutdoors.com/collections/discontinued-colors/products/mens-red-cedar-lake-hybrid-puffer-vest?variant=39479018553395
843049169280,27.00,Black / 4XL,https://habitoutdoors.com/collections/discontinued-colors/products/mens-red-cedar-lake-hybrid-puffer-vest?variant=39479018586163
843049170842,45.00,Mossy Oak Terra Coyote / M,https://habitoutdoors.com/collections/discontinued-colors/products/mens-ripley-trail-stretch-waterproof-pant-mossy-oak?variant=39471483781171
843049170859,45.00,Mossy Oak Terra Coyote / L,https://habitoutdoors.com/collections/discontinued-colors/products/mens-ripley-trail-stretch-waterproof-pant-mossy-oak?variant=39471483813939
843049170866,45.00,Mossy Oak Terra Coyote / XL,https://habitoutdoors.com/collections/discontinued-colors/products/mens-ripley-trail-stretch-waterproof-pant-mossy-oak?variant=39471483846707
843049170873,45.00,Mossy Oak Terra Coyote / 2XL,https://habitoutdoors.com/collections/discontinued-colors/products/mens-ripley-trail-stretch-waterproof-pant-mossy-oak?variant=39471483879475
843049170880,45.00,Mossy Oak Terra Coyote / 3XL,https://habitoutdoors.com/collections/discontinued-colors/products/mens-ripley-trail-stretch-waterproof-pant-mossy-oak?variant=39471483912243
843049170897,45.00,Mossy Oak Terra Coyote / 4XL,https://habitoutdoors.com/collections/discontinued-colors/products/mens-ripley-trail-stretch-waterproof-pant-mossy-oak?variant=39471483945011
843049104526,45.00,Mossy Oak Country DNA / M,https://habitoutdoors.com/collections/discontinued-colors/products/mens-ripley-trail-stretch-waterproof-pant-mossy-oak?variant=40667013611571
843049104533,45.00,Mossy Oak Country DNA / L,https://habitoutdoors.com/collections/discontinued-colors/products/mens-ripley-trail-stretch-waterproof-pant-mossy-oak?variant=40667013644339
843049104540,45.00,Mossy Oak Country DNA / XL,https://habitoutdoors.com/collections/discontinued-colors/products/mens-ripley-trail-stretch-waterproof-pant-mossy-oak?variant=40667013677107
843049104557,45.00,Mossy Oak Country DNA / 2XL,https://habitoutdoors.com/collections/discontinued-colors/products/mens-ripley-trail-stretch-waterproof-pant-mossy-oak?variant=40667013709875
843049104564,45.00,Mossy Oak Country DNA / 3XL,https://habitoutdoors.com/collections/discontinued-colors/products/mens-ripley-trail-stretch-waterproof-pant-mossy-oak?variant=40667013742643
,45.00,Mossy Oak Country DNA / 4XL,https://habitoutdoors.com/collections/discontinued-colors/products/mens-ripley-trail-stretch-waterproof-pant-mossy-oak?variant=40667013775411
843049154194,67.49,Realtree Edge / S,https://habitoutdoors.com/collections/discontinued-colors/products/habit-womens-cedar-branch-insulated-parka?variant=32389720014899
843049154200,67.49,Realtree Edge / M,https://habitoutdoors.com/collections/discontinued-colors/products/habit-womens-cedar-branch-insulated-parka?variant=32389720047667
843049154217,67.49,Realtree Edge / L,https://habitoutdoors.com/collections/discontinued-colors/products/habit-womens-cedar-branch-insulated-parka?variant=32389720080435
843049154224,67.49,Realtree Edge / XL,https://habitoutdoors.com/collections/discontinued-colors/products/habit-womens-cedar-branch-insulated-parka?variant=32389720113203
843049170408,67.49,Realtree Edge / 2XL,https://habitoutdoors.com/collections/discontinued-colors/products/habit-womens-cedar-branch-insulated-parka?variant=40625270063155
843049181107,29.99,Dusk / S,https://habitoutdoors.com/collections/discontinued-colors/products/men-s-long-sleeve-river-guide-fishing-shirt?variant=40631758913587
843049181114,29.99,Dusk / M,https://habitoutdoors.com/collections/discontinued-colors/products/men-s-long-sleeve-river-guide-fishing-shirt?variant=40631758946355
843049181121,29.99,Dusk / L,https://habitoutdoors.com/collections/discontinued-colors/products/men-s-long-sleeve-river-guide-fishing-shirt?variant=40631758979123
843049181138,29.99,Dusk / XL,https://habitoutdoors.com/collections/discontinued-colors/products/men-s-long-sleeve-river-guide-fishing-shirt?variant=40631759011891
843049181145,29.99,Dusk / 2XL,https://habitoutdoors.com/collections/discontinued-colors/products/men-s-long-sleeve-river-guide-fishing-shirt?variant=40631759044659
843049181152,29.99,Dusk / 3XL,https://habitoutdoors.com/collections/discontinued-colors/products/men-s-long-sleeve-river-guide-fishing-shirt?variant=40631759077427
843049181169,29.99,Dusk / 4XL,https://habitoutdoors.com/collections/discontinued-colors/products/men-s-long-sleeve-river-guide-fishing-shirt?variant=40631759110195
843049181039,29.99,Brick Red / S,https://habitoutdoors.com/collections/discontinued-colors/products/men-s-long-sleeve-river-guide-fishing-shirt?variant=40631759142963
843049181046,29.99,Brick Red / M,https://habitoutdoors.com/collections/discontinued-colors/products/men-s-long-sleeve-river-guide-fishing-shirt?variant=40631759175731
843049181053,29.99,Brick Red / L,https://habitoutdoors.com/collections/discontinued-colors/products/men-s-long-sleeve-river-guide-fishing-shirt?variant=40631759208499
843049181060,29.99,Brick Red / XL,https://habitoutdoors.com/collections/discontinued-colors/products/men-s-long-sleeve-river-guide-fishing-shirt?variant=40631759241267
843049181077,29.99,Brick Red / 2XL,https://habitoutdoors.com/collections/discontinued-colors/products/men-s-long-sleeve-river-guide-fishing-shirt?variant=40631759274035
843049181084,29.99,Brick Red / 3XL,https://habitoutdoors.com/collections/discontinued-colors/products/men-s-long-sleeve-river-guide-fishing-shirt?variant=40631759306803
843049181091,29.99,Brick Red / 4XL,https://habitoutdoors.com/collections/discontinued-colors/products/men-s-long-sleeve-river-guide-fishing-shirt?variant=40631759339571
843049102263,18.74,Realtree Edge / M,https://habitoutdoors.com/collections/discontinued-colors/products/men-s-buck-hill-base-layer-pant-copy?variant=49958582812954
843049102270,18.74,Realtree Edge / L,https://habitoutdoors.com/collections/discontinued-colors/products/men-s-buck-hill-base-layer-pant-copy?variant=49958582845722
843049102287,18.74,Realtree Edge / XL,https://habitoutdoors.com/collections/discontinued-colors/products/men-s-buck-hill-base-layer-pant-copy?variant=49958582878490
843049102294,18.74,Realtree Edge / 2XL,https://habitoutdoors.com/collections/discontinued-colors/products/men-s-buck-hill-base-layer-pant-copy?variant=49958582911258
843049102348,18.74,Realtree Edge / 3XL,https://habitoutdoors.com/collections/discontinued-colors/products/men-s-buck-hill-base-layer-pant-copy?variant=49958582944026
843049170422,54.99,Realtree Excape / M,https://habitoutdoors.com/collections/discontinued-colors/products/mens-crater-valley-sweater-fleece-zip-jacket-realtree?variant=39531132846131
843049170439,54.99,Realtree Excape / L,https://habitoutdoors.com/collections/discontinued-colors/products/mens-crater-valley-sweater-fleece-zip-jacket-realtree?variant=39531132878899
843049170446,54.99,Realtree Excape / XL,https://habitoutdoors.com/collections/discontinued-colors/products/mens-crater-valley-sweater-fleece-zip-jacket-realtree?variant=39531132911667
843049170453,54.99,Realtree Excape / 2XL,https://habitoutdoors.com/collections/discontinued-colors/products/mens-crater-valley-sweater-fleece-zip-jacket-realtree?variant=39531132944435
843049170460,54.99,Realtree Excape / 3XL,https://habitoutdoors.com/collections/discontinued-colors/products/mens-crater-valley-sweater-fleece-zip-jacket-realtree?variant=39531132977203
843049174802,54.99,Realtree Excape / 4XL,https://habitoutdoors.com/collections/discontinued-colors/products/mens-crater-valley-sweater-fleece-zip-jacket-realtree?variant=39531133009971
843049192899,41.24,Realtree Edge / M,https://habitoutdoors.com/collections/discontinued-colors/products/mens-crater-valley-sweater-fleece-zip-jacket-realtree?variant=40796075524147
843049192905,41.24,Realtree Edge / L,https://habitoutdoors.com/collections/discontinued-colors/products/mens-crater-valley-sweater-fleece-zip-jacket-realtree?variant=40796075556915
843049192912,41.24,Realtree Edge / XL,https://habitoutdoors.com/collections/discontinued-colors/products/mens-crater-valley-sweater-fleece-zip-jacket-realtree?variant=40796075589683
843049192929,41.24,Realtree Edge / 2XL,https://habitoutdoors.com/collections/discontinued-colors/products/mens-crater-valley-sweater-fleece-zip-jacket-realtree?variant=40796075622451
843049151308,41.24,Realtree Edge / 3XL,https://habitoutdoors.com/collections/discontinued-colors/products/mens-crater-valley-sweater-fleece-zip-jacket-realtree?variant=40796075655219
843049193988,41.24,Realtree Edge / 4XL,https://habitoutdoors.com/collections/discontinued-colors/products/mens-crater-valley-sweater-fleece-zip-jacket-realtree?variant=46075645591834
847381016097,52.49,Realtree Edge / S,https://habitoutdoors.com/collections/discontinued-colors/products/womens-early-dawn-sherpa-shell-jacket?variant=49451857412378
847381016103,52.49,Realtree Edge / M,https://habitoutdoors.com/collections/discontinued-colors/products/womens-early-dawn-sherpa-shell-jacket?variant=49451857445146
847381016110,52.49,Realtree Edge / L,https://habitoutdoors.com/collections/discontinued-colors/products/womens-early-dawn-sherpa-shell-jacket?variant=49451857477914
847381016127,52.49,Realtree Edge / XL,https://habitoutdoors.com/collections/discontinued-colors/products/womens-early-dawn-sherpa-shell-jacket?variant=49451857510682
843049144638,18.00,Granite Gray / S,https://habitoutdoors.com/collections/discontinued-colors/products/mens-hooded-1-4-zip-performance-layer-1?variant=39623394918451
843049144645,18.00,Granite Gray / M,https://habitoutdoors.com/collections/discontinued-colors/products/mens-hooded-1-4-zip-performance-layer-1?variant=39623394951219
843049144652,18.00,Granite Gray / L,https://habitoutdoors.com/collections/discontinued-colors/products/mens-hooded-1-4-zip-performance-layer-1?variant=39623395016755
843049144669,18.00,Granite Gray / XL,https://habitoutdoors.com/collections/discontinued-colors/products/mens-hooded-1-4-zip-performance-layer-1?variant=39623395049523
843049144676,18.00,Granite Gray / 2XL,https://habitoutdoors.com/collections/discontinued-colors/products/mens-hooded-1-4-zip-performance-layer-1?variant=39623395082291
843049144584,18.00,Harbor Mist / S,https://habitoutdoors.com/collections/discontinued-colors/products/mens-hooded-1-4-zip-performance-layer-1?variant=39623395147827
843049144591,18.00,Harbor Mist / M,https://habitoutdoors.com/collections/discontinued-colors/products/mens-hooded-1-4-zip-performance-layer-1?variant=39623395180595
843049144607,18.00,Harbor Mist / L,https://habitoutdoors.com/collections/discontinued-colors/products/mens-hooded-1-4-zip-performance-layer-1?variant=39623395213363
843049144683,18.00,Air Blue / S,https://habitoutdoors.com/collections/discontinued-colors/products/mens-hooded-1-4-zip-performance-layer-1?variant=39623396524083
843049144690,18.00,Air Blue / M,https://habitoutdoors.com/collections/discontinued-colors/products/mens-hooded-1-4-zip-performance-layer-1?variant=39623396687923
843049144706,18.00,Air Blue / L,https://habitoutdoors.com/collections/discontinued-colors/products/mens-hooded-1-4-zip-performance-layer-1?variant=39623396753459
843049144713,18.00,Air Blue / XL,https://habitoutdoors.com/collections/discontinued-colors/products/mens-hooded-1-4-zip-performance-layer-1?variant=39623396851763
843049144720,18.00,Air Blue / 2XL,https://habitoutdoors.com/collections/discontinued-colors/products/mens-hooded-1-4-zip-performance-layer-1?variant=39623397376051
843049144485,18.00,Gray Waves / S,https://habitoutdoors.com/collections/discontinued-colors/products/mens-hooded-1-4-zip-performance-layer-1?variant=39623399309363
843049144492,18.00,Gray Waves / M,https://habitoutdoors.com/collections/discontinued-colors/products/mens-hooded-1-4-zip-performance-layer-1?variant=39623399571507
843049144508,18.00,Gray Waves / L,https://habitoutdoors.com/collections/discontinued-colors/products/mens-hooded-1-4-zip-performance-layer-1?variant=39623399669811
843049144515,18.00,Gray Waves / XL,https://habitoutdoors.com/collections/discontinued-colors/products/mens-hooded-1-4-zip-performance-layer-1?variant=39623399833651
843049144522,18.00,Gray Waves / 2XL,https://habitoutdoors.com/collections/discontinued-colors/products/mens-hooded-1-4-zip-performance-layer-1?variant=39623399997491
843049144430,18.00,Realtree Fishing Poseidon / S,https://habitoutdoors.com/collections/discontinued-colors/products/mens-hooded-1-4-zip-performance-layer-1?variant=39623400063027
843049144447,18.00,Realtree Fishing Poseidon / M,https://habitoutdoors.com/collections/discontinued-colors/products/mens-hooded-1-4-zip-performance-layer-1?variant=39623400095795
843049144454,18.00,Realtree Fishing Poseidon / L,https://habitoutdoors.com/collections/discontinued-colors/products/mens-hooded-1-4-zip-performance-layer-1?variant=39623400161331
843049144461,18.00,Realtree Fishing Poseidon / XL,https://habitoutdoors.com/collections/discontinued-colors/products/mens-hooded-1-4-zip-performance-layer-1?variant=39623400194099
843049144478,18.00,Realtree Fishing Poseidon / 2XL,https://habitoutdoors.com/collections/discontinued-colors/products/mens-hooded-1-4-zip-performance-layer-1?variant=39623400325171
843049144539,18.00,Marlin Blue / S,https://habitoutdoors.com/collections/discontinued-colors/products/mens-hooded-1-4-zip-performance-layer-1?variant=39623394164787
843049144546,18.00,Marlin Blue / M,https://habitoutdoors.com/collections/discontinued-colors/products/mens-hooded-1-4-zip-performance-layer-1?variant=39623394459699
843049144577,18.00,Marlin Blue / 2XL,https://habitoutdoors.com/collections/discontinued-colors/products/mens-hooded-1-4-zip-performance-layer-1?variant=39623394525235
843049196538,75.00,Realtree Edge / S,https://habitoutdoors.com/collections/discontinued-colors/products/mens-country-trek-stretch-waterproof-insulated-bib?variant=45909304312090
843049196545,75.00,Realtree Edge / M,https://habitoutdoors.com/collections/discontinued-colors/products/mens-country-trek-stretch-waterproof-insulated-bib?variant=45909304344858
843049196552,75.00,Realtree Edge / L,https://habitoutdoors.com/collections/discontinued-colors/products/mens-country-trek-stretch-waterproof-insulated-bib?variant=45909304377626
843049196569,75.00,Realtree Edge / XL,https://habitoutdoors.com/collections/discontinued-colors/products/mens-country-trek-stretch-waterproof-insulated-bib?variant=45909304410394
843049196576,75.00,Realtree Edge / 2XL,https://habitoutdoors.com/collections/discontinued-colors/products/mens-country-trek-stretch-waterproof-insulated-bib?variant=45909304443162
843049196583,75.00,Realtree Edge / 3XL,https://habitoutdoors.com/collections/discontinued-colors/products/mens-country-trek-stretch-waterproof-insulated-bib?variant=45909304475930
843049110749,67.49,Realtree Edge / M,https://habitoutdoors.com/collections/discontinued-colors/products/mens-cedar-branch-insulated-waterproof-bibs-realtree?variant=32754292850739
843049110756,67.49,Realtree Edge / L,https://habitoutdoors.com/collections/discontinued-colors/products/mens-cedar-branch-insulated-waterproof-bibs-realtree?variant=32754292883507
843049110763,67.49,Realtree Edge / XL,https://habitoutdoors.com/collections/discontinued-colors/products/mens-cedar-branch-insulated-waterproof-bibs-realtree?variant=32754292916275
843049110770,67.49,Realtree Edge / 2XL,https://habitoutdoors.com/collections/discontinued-colors/products/mens-cedar-branch-insulated-waterproof-bibs-realtree?variant=32754292949043
843049135858,67.49,Realtree Edge / 3XL,https://habitoutdoors.com/collections/discontinued-colors/products/mens-cedar-branch-insulated-waterproof-bibs-realtree?variant=32754292981811
843049135865,67.49,Realtree Edge / 4XL,https://habitoutdoors.com/collections/discontinued-colors/products/mens-cedar-branch-insulated-waterproof-bibs-realtree?variant=32754293014579
843049166302,33.74,Realtree Edge / S,https://habitoutdoors.com/collections/discontinued-colors/products/mens-turkey-ridge-all-season-pant-realtree?variant=39399675363379
847381016219,33.74,Realtree Edge / M,https://habitoutdoors.com/collections/discontinued-colors/products/mens-turkey-ridge-all-season-pant-realtree?variant=32754341511219
847381016226,33.74,Realtree Edge / L,https://habitoutdoors.com/collections/discontinued-colors/products/mens-turkey-ridge-all-season-pant-realtree?variant=32754341543987
843049144768,33.74,Realtree Edge / XL,https://habitoutdoors.com/collections/discontinued-colors/products/mens-turkey-ridge-all-season-pant-realtree?variant=32754341576755
843049155177,67.49,Realtree Xtra Snow / M,https://habitoutdoors.com/collections/discontinued-colors/products/mens-cedar-branch-insulated-waterproof-bibs-realtree?variant=40675567042611
843049155184,67.49,Realtree Xtra Snow / L,https://habitoutdoors.com/collections/discontinued-colors/products/mens-cedar-branch-insulated-waterproof-bibs-realtree?variant=40675567075379
843049155191,67.49,Realtree Xtra Snow / XL,https://habitoutdoors.com/collections/discontinued-colors/products/mens-cedar-branch-insulated-waterproof-bibs-realtree?variant=40675567108147
843049155207,67.49,Realtree Xtra Snow / 2XL,https://habitoutdoors.com/collections/discontinued-colors/products/mens-cedar-branch-insulated-waterproof-bibs-realtree?variant=40675567140915
,67.49,Realtree Xtra Snow / 3XL,https://habitoutdoors.com/collections/discontinued-colors/products/mens-cedar-branch-insulated-waterproof-bibs-realtree?variant=40675567173683
843049144775,33.74,Realtree Edge / 2XL,https://habitoutdoors.com/collections/discontinued-colors/products/mens-turkey-ridge-all-season-pant-realtree?variant=32754341609523
843049145505,33.74,Realtree Edge / 3XL,https://habitoutdoors.com/collections/discontinued-colors/products/mens-turkey-ridge-all-season-pant-realtree?variant=32754341642291
843049145512,33.74,Realtree Edge / 4XL,https://habitoutdoors.com/collections/discontinued-colors/products/mens-turkey-ridge-all-season-pant-realtree?variant=32754341675059
843049166319,33.74,Realtree Timber / S,https://habitoutdoors.com/collections/discontinued-colors/products/mens-turkey-ridge-all-season-pant-realtree?variant=39472057024563
,67.49,Realtree Xtra Snow / 4XL,https://habitoutdoors.com/collections/discontinued-colors/products/mens-cedar-branch-insulated-waterproof-bibs-realtree?variant=40675567206451
843049155221,67.49,Realtree Xtra Blaze / M,https://habitoutdoors.com/collections/discontinued-colors/products/mens-cedar-branch-insulated-waterproof-bibs-realtree?variant=40675567239219
843049155238,67.49,Realtree Xtra Blaze / L,https://habitoutdoors.com/collections/discontinued-colors/products/mens-cedar-branch-insulated-waterproof-bibs-realtree?variant=40675567271987
843049155245,67.49,Realtree Xtra Blaze / XL,https://habitoutdoors.com/collections/discontinued-colors/products/mens-cedar-branch-insulated-waterproof-bibs-realtree?variant=40675567304755
843049155252,67.49,Realtree Xtra Blaze / 2XL,https://habitoutdoors.com/collections/discontinued-colors/products/mens-cedar-branch-insulated-waterproof-bibs-realtree?variant=40675567337523
,67.49,Realtree Xtra Blaze / 3XL,https://habitoutdoors.com/collections/discontinued-colors/products/mens-cedar-branch-insulated-waterproof-bibs-realtree?variant=40675567370291
,67.49,Realtree Xtra Blaze / 4XL,https://habitoutdoors.com/collections/discontinued-colors/products/mens-cedar-branch-insulated-waterproof-bibs-realtree?variant=40675567403059
843049166210,33.74,Realtree Timber / M,https://habitoutdoors.com/collections/discontinued-colors/products/mens-turkey-ridge-all-season-pant-realtree?variant=39472063283251
843049166227,33.74,Realtree Timber / L,https://habitoutdoors.com/collections/discontinued-colors/products/mens-turkey-ridge-all-season-pant-realtree?variant=39472091004979
843049166234,33.74,Realtree Timber / XL,https://habitoutdoors.com/collections/discontinued-colors/products/mens-turkey-ridge-all-season-pant-realtree?variant=39472091103283
843049166241,33.74,Realtree Timber / 2XL,https://habitoutdoors.com/collections/discontinued-colors/products/mens-turkey-ridge-all-season-pant-realtree?variant=39472091136051
843049166258,33.74,Realtree Timber / 3XL,https://habitoutdoors.com/collections/discontinued-colors/products/mens-turkey-ridge-all-season-pant-realtree?variant=39472091365427
843049166326,33.74,Realtree Timber / 4XL,https://habitoutdoors.com/collections/discontinued-colors/products/mens-turkey-ridge-all-season-pant-realtree?variant=39472091398195
,33.74,Realtree Excape / S,https://habitoutdoors.com/collections/discontinued-colors/products/mens-turkey-ridge-all-season-pant-realtree?variant=40935672676403
843049175656,33.74,Realtree Excape / M,https://habitoutdoors.com/collections/discontinued-colors/products/mens-turkey-ridge-all-season-pant-realtree?variant=40935672709171
843049175663,33.74,Realtree Excape / L,https://habitoutdoors.com/collections/discontinued-colors/products/mens-turkey-ridge-all-season-pant-realtree?variant=40935672741939
843049175670,33.74,Realtree Excape / XL,https://habitoutdoors.com/collections/discontinued-colors/products/mens-turkey-ridge-all-season-pant-realtree?variant=40935672774707
843049175687,33.74,Realtree Excape / 2XL,https://habitoutdoors.com/collections/discontinued-colors/products/mens-turkey-ridge-all-season-pant-realtree?variant=40935672807475
843049175694,33.74,Realtree Excape / 3XL,https://habitoutdoors.com/collections/discontinued-colors/products/mens-turkey-ridge-all-season-pant-realtree?variant=40935672840243
,33.74,Realtree Excape / 4XL,https://habitoutdoors.com/collections/discontinued-colors/products/mens-turkey-ridge-all-season-pant-realtree?variant=40935672873011
843049163493,30.00,Mossy Oak Elements Agua Manta / S,https://habitoutdoors.com/collections/discontinued-colors/products/men-s-haw-creek-falls-performance-fleece-hoodie?variant=32724726579251
843049163509,30.00,Mossy Oak Elements Agua Manta / M,https://habitoutdoors.com/collections/discontinued-colors/products/men-s-haw-creek-falls-performance-fleece-hoodie?variant=32724726612019
843049163516,30.00,Mossy Oak Elements Agua Manta / L,https://habitoutdoors.com/collections/discontinued-colors/products/men-s-haw-creek-falls-performance-fleece-hoodie?variant=32724726644787
843049163523,30.00,Mossy Oak Elements Agua Manta / XL,https://habitoutdoors.com/collections/discontinued-colors/products/men-s-haw-creek-falls-performance-fleece-hoodie?variant=32724726677555
843049163530,30.00,Mossy Oak Elements Agua Manta / 2XL,https://habitoutdoors.com/collections/discontinued-colors/products/men-s-haw-creek-falls-performance-fleece-hoodie?variant=32724726710323
843049163547,30.00,Mossy Oak Elements Agua Manta / 3XL,https://habitoutdoors.com/collections/discontinued-colors/products/men-s-haw-creek-falls-performance-fleece-hoodie?variant=32724726743091
843049163554,30.00,Mossy Oak Elements Agua Manta / 4XL,https://habitoutdoors.com/collections/discontinued-colors/products/men-s-haw-creek-falls-performance-fleece-hoodie?variant=32724726775859
843049156310,29.99,Realtree Edge / M,https://habitoutdoors.com/collections/discontinued-colors/products/mens-summit-park-performance-hoodie-realtree?variant=39472093593651
843049156327,29.99,Realtree Edge / L,https://habitoutdoors.com/collections/discontinued-colors/products/mens-summit-park-performance-hoodie-realtree?variant=39472093626419
843049156334,29.99,Realtree Edge / XL,https://habitoutdoors.com/collections/discontinued-colors/products/mens-summit-park-performance-hoodie-realtree?variant=39472093659187
843049156341,29.99,Realtree Edge / 2XL,https://habitoutdoors.com/collections/discontinued-colors/products/mens-summit-park-performance-hoodie-realtree?variant=39472093691955
843049156358,29.99,Realtree Edge / 3XL,https://habitoutdoors.com/collections/discontinued-colors/products/mens-summit-park-performance-hoodie-realtree?variant=39472093724723
843049156365,29.99,Realtree Edge / 4XL,https://habitoutdoors.com/collections/discontinued-colors/products/mens-summit-park-performance-hoodie-realtree?variant=39472093757491
843049175830,29.99,Realtree Excape / M,https://habitoutdoors.com/collections/discontinued-colors/products/mens-summit-park-performance-hoodie-realtree?variant=40935682539571
843049175847,29.99,Realtree Excape / L,https://habitoutdoors.com/collections/discontinued-colors/products/mens-summit-park-performance-hoodie-realtree?variant=40935682572339
843049175854,29.99,Realtree Excape / XL,https://habitoutdoors.com/collections/discontinued-colors/products/mens-summit-park-performance-hoodie-realtree?variant=40935682605107
843049175861,29.99,Realtree Excape / 2XL,https://habitoutdoors.com/collections/discontinued-colors/products/mens-summit-park-performance-hoodie-realtree?variant=40935682637875
843049175878,29.99,Realtree Excape / 3XL,https://habitoutdoors.com/collections/discontinued-colors/products/mens-summit-park-performance-hoodie-realtree?variant=40935682670643
,29.99,Realtree Excape / 4XL,https://habitoutdoors.com/collections/discontinued-colors/products/mens-summit-park-performance-hoodie-realtree?variant=40935682703411
843049150226,17.00,Realtree Edge / S,https://habitoutdoors.com/collections/discontinued-colors/products/habit-youth-summit-park-performance-hoodie?variant=32315557937203
843049150233,17.00,Realtree Edge / M,https://habitoutdoors.com/collections/discontinued-colors/products/habit-youth-summit-park-performance-hoodie?variant=32315557969971
843049150240,17.00,Realtree Edge / L,https://habitoutdoors.com/collections/discontinued-colors/products/habit-youth-summit-park-performance-hoodie?variant=32315558002739
843049150257,17.00,Realtree Edge / XL,https://habitoutdoors.com/collections/discontinued-colors/products/habit-youth-summit-park-performance-hoodie?variant=32315558035507
843049171702,17.00,Mossy Oak Country DNA / S,https://habitoutdoors.com/collections/discontinued-colors/products/habit-youth-summit-park-performance-hoodie?variant=40597234450483
843049171719,17.00,Mossy Oak Country DNA / M,https://habitoutdoors.com/collections/discontinued-colors/products/habit-youth-summit-park-performance-hoodie?variant=40597234483251
843049171726,17.00,Mossy Oak Country DNA / L,https://habitoutdoors.com/collections/discontinued-colors/products/habit-youth-summit-park-performance-hoodie?variant=40597234516019
843049171733,17.00,Mossy Oak Country DNA / XL,https://habitoutdoors.com/collections/discontinued-colors/products/habit-youth-summit-park-performance-hoodie?variant=40597234548787
843049168856,40.00,Mossy Oak Terra Coyote / M,https://habitoutdoors.com/collections/discontinued-colors/products/mens-townsend-ridge-techshell-pants-mossy-oak?variant=39471271182387
843049168863,40.00,Mossy Oak Terra Coyote / L,https://habitoutdoors.com/collections/discontinued-colors/products/mens-townsend-ridge-techshell-pants-mossy-oak?variant=39471271215155
843049168870,40.00,Mossy Oak Terra Coyote / XL,https://habitoutdoors.com/collections/discontinued-colors/products/mens-townsend-ridge-techshell-pants-mossy-oak?variant=39471271247923
843049168887,40.00,Mossy Oak Terra Coyote / 2XL,https://habitoutdoors.com/collections/discontinued-colors/products/mens-townsend-ridge-techshell-pants-mossy-oak?variant=39471271280691
843049168894,40.00,Mossy Oak Terra Coyote / 3XL,https://habitoutdoors.com/collections/discontinued-colors/products/mens-townsend-ridge-techshell-pants-mossy-oak?variant=39471271313459
843049168900,40.00,Mossy Oak Terra Coyote / 4XL,https://habitoutdoors.com/collections/discontinued-colors/products/mens-townsend-ridge-techshell-pants-mossy-oak?variant=39471271346227
843049167583,40.00,Mossy Oak Country DNA / M,https://habitoutdoors.com/collections/discontinued-colors/products/mens-townsend-ridge-techshell-pants-mossy-oak?variant=39471271378995
843049167590,40.00,Mossy Oak Country DNA / L,https://habitoutdoors.com/collections/discontinued-colors/products/mens-townsend-ridge-techshell-pants-mossy-oak?variant=39471271411763
843049167606,40.00,Mossy Oak Country DNA / XL,https://habitoutdoors.com/collections/discontinued-colors/products/mens-townsend-ridge-techshell-pants-mossy-oak?variant=39471271444531
843049167613,40.00,Mossy Oak Country DNA / 2XL,https://habitoutdoors.com/collections/discontinued-colors/products/mens-townsend-ridge-techshell-pants-mossy-oak?variant=39471271477299
843049168917,40.00,Mossy Oak Country DNA / 3XL,https://habitoutdoors.com/collections/discontinued-colors/products/mens-townsend-ridge-techshell-pants-mossy-oak?variant=39471271510067
843049168924,40.00,Mossy Oak Country DNA / 4XL,https://habitoutdoors.com/collections/discontinued-colors/products/mens-townsend-ridge-techshell-pants-mossy-oak?variant=39471271542835
843049170705,40.00,Mossy Oak Country DNA / M,https://habitoutdoors.com/collections/discontinued-colors/products/mens-buck-hollow-waterproof-jacket-mossy-oak?variant=39471462088755
843049170712,40.00,Mossy Oak Country DNA / L,https://habitoutdoors.com/collections/discontinued-colors/products/mens-buck-hollow-waterproof-jacket-mossy-oak?variant=39471462121523
843049170729,40.00,Mossy Oak Country DNA / XL,https://habitoutdoors.com/collections/discontinued-colors/products/mens-buck-hollow-waterproof-jacket-mossy-oak?variant=39471462154291
843049170736,40.00,Mossy Oak Country DNA / 2XL,https://habitoutdoors.com/collections/discontinued-colors/products/mens-buck-hollow-waterproof-jacket-mossy-oak?variant=39471462187059
843049170743,40.00,Mossy Oak Country DNA / 3XL,https://habitoutdoors.com/collections/discontinued-colors/products/mens-buck-hollow-waterproof-jacket-mossy-oak?variant=39471462219827
843049170750,40.00,Mossy Oak Country DNA / 4XL,https://habitoutdoors.com/collections/discontinued-colors/products/mens-buck-hollow-waterproof-jacket-mossy-oak?variant=39471462252595
817817023968,40.00,Blaze / M,https://habitoutdoors.com/collections/discontinued-colors/products/mens-buck-hollow-waterproof-jacket-mossy-oak?variant=47284483621146
817817023975,40.00,Blaze / L,https://habitoutdoors.com/collections/discontinued-colors/products/mens-buck-hollow-waterproof-jacket-mossy-oak?variant=47284483653914
817817023982,40.00,Blaze / XL,https://habitoutdoors.com/collections/discontinued-colors/products/mens-buck-hollow-waterproof-jacket-mossy-oak?variant=47284483686682
817817023999,40.00,Blaze / 2XL,https://habitoutdoors.com/collections/discontinued-colors/products/mens-buck-hollow-waterproof-jacket-mossy-oak?variant=47284483719450
,40.00,Blaze / 3XL,https://habitoutdoors.com/collections/discontinued-colors/products/mens-buck-hollow-waterproof-jacket-mossy-oak?variant=47284483752218
,40.00,Blaze / 4XL,https://habitoutdoors.com/collections/discontinued-colors/products/mens-buck-hollow-waterproof-jacket-mossy-oak?variant=47284483784986
