UPC,Price,Variant,Promo,Source
768990016189,40.509,Algae Omega,NORDIC10,https://www.nhc.com/algae-omega-by-nordic-naturals?custcol_nhc_size=2556
768990016066,23.679,Algae Omega,NORDIC10,https://www.nhc.com/algae-omega-by-nordic-naturals?custcol_nhc_size=2764
768990018602,24.444,Cholesterol Support Omega Blend,NORDIC10,https://www.nhc.com/cholesterol-support-by-nordic-naturals
768990018787,44.333999999999996,Memory Support,NORDIC10,https://www.nhc.com/memory-support-by-nordic-naturals
768990018404,39.744,Vision Support Omega Blend,NORDIC10,https://www.nhc.com/vision-support-omega-blend-by-nordic-naturals
768990018701,22.149,Blood Sugar Support Omega Blend,NORDIC10,https://www.nhc.com/blood-sugar-support-by-nordic-naturals
768990017391,29.799,Menopause Support,NORDIC10,https://www.nhc.com/menopause-support-by-nordic-naturals
768990027789,29.034,Complete Omega-D3 120 Softgels,NORDIC10,https://www.nhc.com/complete-omega-d3-by-nordic-naturals?custcol_nhc_size=2556
768990017780,16.029,Complete Omega-D3 60 Softgels,NORDIC10,https://www.nhc.com/complete-omega-d3-by-nordic-naturals?custcol_nhc_size=2764
768990578854,36.684,Arctic Cod Liver Oil Softgels 180 Softgels,NORDIC10,https://www.nhc.com/arctic-cod-liver-oil-softgels-by-nordic-naturals?custcol_nhc_size=2520
768990577857,19.089000000000002,Arctic Cod Liver Oil Softgels 90 Softgels,NORDIC10,https://www.nhc.com/arctic-cod-liver-oil-softgels-by-nordic-naturals?custcol_nhc_size=2619
768990587832,24.444,Arctic-D Cod Liver Oil Lemon,NORDIC10,https://www.nhc.com/arctic-d-cod-liver-oil-by-nordic-naturals
768990018732,39.744,Omega Focus,NORDIC10,https://www.nhc.com/omega-focus-by-nordic-naturals
768990018015,25.974,Complete Omega Xtra,NORDIC10,https://www.nhc.com/complete-omega-xtra-by-nordic-naturals
768990587856,24.444,Arctic Cod Liver Oil Lemon 8 Oz,NORDIC10,https://www.nhc.com/arctic-cod-liver-oil-by-nordic-naturals?custcol_nhc_flavor=491&custcol_nhc_size=157
768990547874,42.039,Arctic Cod Liver Oil Orange 16 Oz,NORDIC10,https://www.nhc.com/arctic-cod-liver-oil-by-nordic-naturals?custcol_nhc_flavor=521&custcol_nhc_size=41
768990547850,24.444,Arctic Cod Liver Oil Orange 8 Oz,NORDIC10,https://www.nhc.com/arctic-cod-liver-oil-by-nordic-naturals?custcol_nhc_flavor=521&custcol_nhc_size=157
768990537851,24.444,Arctic Cod Liver Oil Plain 8 Oz,NORDIC10,https://www.nhc.com/arctic-cod-liver-oil-by-nordic-naturals?custcol_nhc_flavor=248&custcol_nhc_size=157
768990567834,24.444,Arctic Cod Liver Oil Strawberry 8 Oz,NORDIC10,https://www.nhc.com/arctic-cod-liver-oil-by-nordic-naturals?custcol_nhc_flavor=553&custcol_nhc_size=157
768990027703,27.503999999999998,Complete Omega 120 Softgels,NORDIC10,https://www.nhc.com/complete-omega-by-nordic-naturals?custcol_nhc_size=2556
768990037702,39.744,Complete Omega 180 Softgels,NORDIC10,https://www.nhc.com/complete-omega-by-nordic-naturals?custcol_nhc_size=2520
768990017704,15.264000000000001,Complete Omega 60 Softgels,NORDIC10,https://www.nhc.com/complete-omega-by-nordic-naturals?custcol_nhc_size=2764
030985070781,10.754999999999999,Jasmine & Vanilla Hydrating Shea Body Lotion,DERMAE,https://www.nhc.com/jasmine-vanilla-shea-body-lotion-by-derma-e
030985003581,16.875,Vitamin C No Dark Circles Perfecting Eye Cream,DERMAE,https://www.nhc.com/vitamin-c-no-dark-circles-eye-cream-by-derma-e
030985003659,17.964000000000002,Vitamin C Concentrated Serum,DERMAE,https://www.nhc.com/vitamin-c-concentrated-serum-by-derma-e
030985095005,15.254999999999999,Itch Relief Lotion,DERMAE,https://www.nhc.com/itch-relief-lotion-by-derma-e
030985007008,25.884,Advanced Peptides & Flora-Collagen Moisturizer,DERMAE,https://www.nhc.com/advanced-peptides-flora-collagen-moisturizer-by-derma-e
030985091250,15.75,Tea Tree & Vitamin E Relief Cream,DERMAE,https://www.nhc.com/tea-tree-vitamin-e-relief-cream-by-derma-e
030985037005,15.254999999999999,Acne Deep Pore Cleansing Wash,DERMAE,https://www.nhc.com/acne-deep-pore-cleansing-wash-by-derma-e
030985003703,17.964000000000002,Vitamin C Intense Night Cream,DERMAE,https://www.nhc.com/vitamin-c-intense-night-cream-by-derma-e
030985005202,13.455,Vitamin E Skin Oil 14000 IU,DERMAE,https://www.nhc.com/vitamin-e-skin-oil-14000-iu-by-derma-e
030985006032,15.254999999999999,Vitamin C Daily Brightening Cleanser,DERMAE,https://www.nhc.com/vitamin-c-daily-brightening-cleanser-by-derma-e
030985004816,14.85,Anti-Wrinkle Cleanser Vitamin A Glycolic Acid,DERMAE,https://www.nhc.com/anti-wrinkle-cleanser-by-derma-e
030985006902,23.400000000000002,Microdermabrasion Scrub,DERMAE,https://www.nhc.com/microdermabrasion-scrub-by-derma-e
030985070705,10.754999999999999,Vitamin E Therapeutic Shea Body Lotion Fragrance Free 8 Oz,DERMAE,https://www.nhc.com/vitamin-e-shea-body-lotion-by-derma-e?custcol_nhc_fragrance=71&custcol_nhc_size=157
030985070712,10.754999999999999,Vitamin E Therapeutic Shea Body Lotion Lavender & Neroli 8 Oz,DERMAE,https://www.nhc.com/vitamin-e-shea-body-lotion-by-derma-e?custcol_nhc_fragrance=710&custcol_nhc_size=157
030985039009,16.884,Acne Rebalancing Cream Anti-Blemish Complex,DERMAE,https://www.nhc.com/acne-rebalancing-cream-anti-blemish-complex-by-derma-e
030985070736,7.65,Vitamin E Lavender & Neroli Shea Hand Repair Cream,DERMAE,https://www.nhc.com/vitamin-e-lavender-neroli-shea-hand-cream-by-derma-e
030985019759,16.875,Hydrating Eye Cream Hyaluronic Acid,DERMAE,https://www.nhc.com/hydrating-eye-cream-hyaluronic-acid-by-derma-e
030985004793,17.055,Retinol Concentrated Serum,DERMAE,https://www.nhc.com/retinol-concentrated-serum-by-derma-e
030985041200,17.019000000000002,Ultra Lift DMAE Concentrate Serum,DERMAE,https://www.nhc.com/ultra-lift-dmae-concentrated-serum-by-derma-e
030985003628,18.684,Vitamin C Bright Eyes Hydro Gel Patches,DERMAE,https://www.nhc.com/vitamin-c-bright-eyes-hydro-gel-patches-by-derma-e
030985070743,7.65,Vitamin E Fragrance Free Hand Repair Cream,DERMAE,https://www.nhc.com/vitamin-e-fragrance-free-hand-repair-cream-by-derma-e
030985041217,17.082,Crepey Skin Repair Treatment,DERMAE,https://www.nhc.com/crepey-skin-repair-treatment-by-derma-e
030985007251,27.0,Advanced Peptides & Flora-Collagen Serum,DERMAE,https://www.nhc.com/advanced-peptides-floracollagen-serum-by-derma-e
030985014907,16.884,Overnight Peel with Alpha Hydroxy Acids,DERMAE,https://www.nhc.com/overnight-peel-aha-by-derma-e
030985004618,14.85,Hydrating Cleanser Hyaluronic Acid,DERMAE,https://www.nhc.com/hydrating-cleanser-hyaluronic-acid-by-derma-e
030985003666,16.884,Vitamin C Glow Face Oil,DERMAE,https://www.nhc.com/vitamin-c-glow-face-oil-by-derma-e
030985041002,17.964000000000002,Ultra Lift Firming DMAE Moisturizer,DERMAE,https://www.nhc.com/ultra-lift-firming-dmae-moisturizer-by-derma-e
030985003604,17.964000000000002,Vitamin C Renewing Moisturizer,DERMAE,https://www.nhc.com/vitamin-c-renewing-moisturizer-by-derma-e
030985087604,11.655,Thickening Conditioner for Thinning Hair,DERMAE,https://www.nhc.com/thickening-conditioner-for-thinning-hair-by-derma-e
030985063257,10.35,Recover & Repair Deep Conditioning Treatment Hair Mask,DERMAE,https://www.nhc.com/recover-repair-deep-conditioning-treatment-mask-by-derma-e
030985006421,14.85,Skin Firming Antioxidant Cleanser,DERMAE,https://www.nhc.com/skin-firming-antioxidant-cleanser-by-derma-e
030985087512,13.950000000000001,Keratin Thickening Spray,DERMAE,https://www.nhc.com/keratin-thickening-spray-by-derma-e
030985007503,17.019000000000002,Advanced Peptides & Flora-Collagen Cryo-Gel Mask,DERMAE,https://www.nhc.com/advanced-peptides-flora-collagen-cryo-gel-mask-by-derma-e
030985004182,16.875,Sun Defense Clear Zinc Sunscreen SPF 30 Body,DERMAE,https://www.nhc.com/sun-defense-clear-zinc-sunscreen-spf-30-body-by-derma-e
030985004991,17.055,Pure Biome Balancing Eye Cream,DERMAE,https://www.nhc.com/pure-biome-balancing-eye-cream-by-derma-e
030985081008,17.604,Scar Gel,DERMAE,https://www.nhc.com/scar-gel-by-derma-e
030985005004,14.85,Pure Biome Balancing Cleanser,DERMAE,https://www.nhc.com/pure-biome-balancing-cleanser-by-derma-e
030985003598,17.964000000000002,Vitamin C Weightless Moisturizer SPF 45,DERMAE,https://www.nhc.com/vitamin-c-weightless-moisturizer-spf-45-by-derma-e
030985087420,9.9,Scalp Relief Rinse,DERMAE,https://www.nhc.com/scalp-relief-rinse-by-derma-e
030985004427,17.055,Kids Active Sheer Mineral Sunscreen Spray SPF 50,DERMAE,https://www.nhc.com/kids-active-sheer-mineral-sunscreen-spray-spf-50-by-derma-e
030985007152,25.884,Advanced Peptides & Flora Collagen Night Moisturizer,DERMAE,https://www.nhc.com/advanced-peptides-flora-collagen-night-moisturizer-by-derma-e
030985087413,14.355,Scalp Relief Treatment,DERMAE,https://www.nhc.com/scalp-relief-treatment-by-derma-e
030985004809,17.009999999999998,Anti-Wrinkle Renewal Cream,DERMAE,https://www.nhc.com/anti-wrinkle-renewal-cream-by-derma-e
030985004458,16.155,Vitamin E 12000 IU Cream,DERMAE,https://www.nhc.com/vitamin-e-cream-12000-iu-by-derma-e
030985037074,14.355,Sulfur Spot Treatment,DERMAE,https://www.nhc.com/sulfur-spot-treatment-by-derma-e
030985004342,17.055,All Sport Performance Sheer Mineral Sunscreen Spray SPF 50,DERMAE,https://www.nhc.com/all-sport-performance-sheer-mineral-sunscreen-spray-spf-50-by-derma-e
030985041750,17.964000000000002,Stem Cell Eye Lifting Treatment,DERMAE,https://www.nhc.com/stem-cell-eye-lifting-treatment-by-derma-e
030985004663,22.68,Hydrating Night Cream Hyaluronic Acid,DERMAE,https://www.nhc.com/hydrating-night-cream-hyaluronic-acid-by-derma-e
030985005011,21.564,Pure Biome Balancing Cream,DERMAE,https://www.nhc.com/pure-biome-balancing-cream-by-derma-e
030985087406,11.655,Scalp Relief Conditioner,DERMAE,https://www.nhc.com/scalp-relief-conditioner-by-derma-e
030985004670,22.68,Ultra Hydrating Dewy Skin Serum Hyaluronic Acid,DERMAE,https://www.nhc.com/ultra-hydrating-serum-hyaluronic-acid-by-derma-e
030985087505,11.655,Thickening Shampoo for Thinning Hair,DERMAE,https://www.nhc.com/thickening-shampoo-for-thinning-hair-by-derma-e
030985004755,20.844,Skin Brighten,DERMAE,https://www.nhc.com/skin-brighten-by-derma-e
030985021004,22.68,Anti-Aging Regenerative Night Cream,DERMAE,https://www.nhc.com/anti-aging-regenerative-night-cream-by-derma-e
030985007756,22.284000000000002,Advanced Peptides & Flora-Collagen Eye Cream,DERMAE,https://www.nhc.com/advanced-peptides-flora-collagen-eye-cream-by-derma-e
030985087307,11.655,Scalp Relief Shampoo,DERMAE,https://www.nhc.com/scalp-relief-shampoo-by-derma-e
030985004977,17.055,Pure Biome Balancing Serum,DERMAE,https://www.nhc.com/pure-biome-balancing-serum-by-derma-e
030985012309,16.155,Purifying Daily Detox Scrub,DERMAE,https://www.nhc.com/purifying-daily-detox-scrub-by-derma-e
030985004175,17.055,Ultra Sheer Mineral Body Sunscreen Mist SPF 30,DERMAE,https://www.nhc.com/ultra-sheer-mineral-body-sunscreen-mist-spf-30-by-derma-e
670480290118,23.616,Digest Basic 180 Capsules,ENZYMES,https://www.nhc.com/digest-basic-by-enzymedica?custcol_nhc_size=2788
670480290101,14.841,Digest Basic 90 Capsules,ENZYMES,https://www.nhc.com/digest-basic-by-enzymedica?custcol_nhc_size=2733
670480241103,24.965999999999998,MucoStop 48 Capsules,ENZYMES,https://www.nhc.com/mucostop-by-enzymedica?custcol_nhc_size=2766
670480981108,40.158,"Digest Complete, 180 Capsules",ENZYMES,https://www.nhc.com/digest-by-enzymedica?custcol_nhc_size=2788
670480100134,42.858,"Aqua Biome Fish Oil Maximum Strength, 120 Softgels",ENZYMES,https://www.nhc.com/aqua-biome-fish-oil-maximum-by-enzymedica?custcol_nhc_size=2556
670480981139,9.783,"Digest Complete, 30 Capsules",ENZYMES,https://www.nhc.com/digest-by-enzymedica?custcol_nhc_size=2524
670480100127,24.633000000000003,"Aqua Biome Fish Oil Maximum Strength, 60 Softgels",ENZYMES,https://www.nhc.com/aqua-biome-fish-oil-maximum-by-enzymedica?custcol_nhc_size=2764
670480290910,71.88300000000001,Digest Gold + Probiotics 180 Capsules,ENZYMES,https://www.nhc.com/digest-gold-probiotics-by-enzymedica?custcol_nhc_size=2788
670480981115,25.308,"Digest Complete, 90 Capsules",ENZYMES,https://www.nhc.com/digest-by-enzymedica?custcol_nhc_size=2733
670480100653,10.116,Purify Activated Coconut Charcoal Plus,ENZYMES,https://www.nhc.com/purify-activated-coconut-charcoal-by-enzymedica
670480291108,24.965999999999998,Digest Gold + Probiotics 45 Capsules,ENZYMES,https://www.nhc.com/digest-gold-probiotics-by-enzymedica?custcol_nhc_size=2717
670480201275,16.191,DGL Stomach Soothe Gummies,ENZYMES,https://www.nhc.com/dgl-stomach-soothe-gummies-by-enzymedica
670480290903,42.516000000000005,Digest Gold + Probiotics 90 Capsules,ENZYMES,https://www.nhc.com/digest-gold-probiotics-by-enzymedica?custcol_nhc_size=2733
670480981207,19.566,Acid Soothe,ENZYMES,https://www.nhc.com/acid-soothe-by-enzymedica?custcol_nhc_size=2733
670480140505,10.116,Dairy Assist 30 Capsules,ENZYMES,https://www.nhc.com/dairy-assist-by-enzymedica?custcol_nhc_size=2524
670480290804,52.308,Immune Defense Extra Strength 90 Capsules,ENZYMES,https://www.nhc.com/enzyme-defense-extra-strength-by-enzymedica?custcol_nhc_size=2733
670480101292,17.901,D3 + Vitamin K2,ENZYMES,https://www.nhc.com/d3-plus-vitamin-k2-by-enzymedica
670480263013,38.808,Serra Gold 120 Capsules,ENZYMES,https://www.nhc.com/serra-gold-by-enzymedica?custcol_nhc_size=2663
670480263006,22.266,Serra Gold 60 Capsules,ENZYMES,https://www.nhc.com/serra-gold-by-enzymedica?custcol_nhc_size=2716
670480100301,13.833,Heartburn Soothe 42 Chews,ENZYMES,https://www.nhc.com/heartburn-soothe-by-enzymedica?custcol_nhc_size=3576
670480100318,22.266,Heartburn Soothe 90 Chews,ENZYMES,https://www.nhc.com/heartburn-soothe-by-enzymedica?custcol_nhc_size=3578
670480280508,31.041000000000004,Stem Xcell 60 Capsules,ENZYMES,https://www.nhc.com/stem-xcell-by-enzymedica?custcol_nhc_size=2716
670480241202,16.866,Lacto  30 Capsules,ENZYMES,https://www.nhc.com/lacto-by-enzymedica?custcol_nhc_size=2524
670480241219,37.791000000000004,Lacto  90 Capsules,ENZYMES,https://www.nhc.com/lacto-by-enzymedica?custcol_nhc_size=2733
670480290309,50.616,"Repair Gold, 120 Capsules",ENZYMES,https://www.nhc.com/repair-gold-by-enzymedica?custcol_nhc_size=2663
670480270400,29.691000000000003,"Repair Gold, 60 Capsules",ENZYMES,https://www.nhc.com/repair-gold-by-enzymedica?custcol_nhc_size=2716
670480262016,40.491,GlutenEase,ENZYMES,https://www.nhc.com/glutenease-by-enzymedica?custcol_nhc_size=2663
670480262009,23.616,GlutenEase,ENZYMES,https://www.nhc.com/glutenease-by-enzymedica?custcol_nhc_size=2716
670480101414,24.128999999999998,Fasting Today,ENZYMES,https://www.nhc.com/fasting-today-by-enzymedica
670480130407,11.808,Digest Complete + Probiotics 30 Capsules,ENZYMES,https://www.nhc.com/digest-probiotics-by-enzymedica?custcol_nhc_size=2524
670480130414,29.691000000000003,Digest Complete + Probiotics 90 Capsules,ENZYMES,https://www.nhc.com/digest-probiotics-by-enzymedica?custcol_nhc_size=2733
670480140567,17.901,Gut Motility,ENZYMES,https://www.nhc.com/gut-motility-by-enzymedica
670480231128,11.133,pH-Strips,ENZYMES,https://www.nhc.com/ph-strips-by-enzymedica
670480270066,15.515999999999998,Acid Soothe Chewable Berry Flavor,ENZYMES,https://www.nhc.com/acid-soothe-chewable-berry-by-enzymedica?custcol_nhc_size=2725
670480100851,33.408,"Berberine from Barberry, 120 Capsules",ENZYMES,https://www.nhc.com/berberine-barberry-by-enzymedica?custcol_nhc_size=2663
670480100837,19.233,"Berberine from Barberry, 60 Capsules",ENZYMES,https://www.nhc.com/berberine-barberry-by-enzymedica?custcol_nhc_size=2716
670480201299,18.215999999999998,Ginger & Vitamin B6 Gummies,ENZYMES,https://www.nhc.com/ginger-vitamin-b6-gummies-by-enzymedica
670480101261,31.041000000000004,"Magnesium Motion, 120 Capsules",ENZYMES,https://www.nhc.com/magnesium-motion-by-enzymedica?custcol_nhc_size=2663
670480101254,17.901,"Magnesium Motion, 60 Capsules",ENZYMES,https://www.nhc.com/magnesium-motion-by-enzymedica?custcol_nhc_size=2716
670480202128,47.241,Digest Gold with ATPro 120 Capsules,ENZYMES,https://www.nhc.com/digest-gold-atpro-by-enzymedica?custcol_nhc_size=2663
670480202142,65.466,Digest Gold with ATPro 180 Capsules,ENZYMES,https://www.nhc.com/digest-gold-atpro-by-enzymedica?custcol_nhc_size=2788
670480272107,78.291,Digest Gold with ATPro 240 Capsules,ENZYMES,https://www.nhc.com/digest-gold-atpro-by-enzymedica?custcol_nhc_size=2642
670480202111,22.266,Digest Gold with ATPro 45 Capsules,ENZYMES,https://www.nhc.com/digest-gold-atpro-by-enzymedica?custcol_nhc_size=2717
670480202104,36.108,Digest Gold with ATPro 90 Capsules,ENZYMES,https://www.nhc.com/digest-gold-atpro-by-enzymedica?custcol_nhc_size=2733
670480981313,33.741,Lypo Gold 120 Capsules,ENZYMES,https://www.nhc.com/lypo-gold-by-enzymedica?custcol_nhc_size=2663
670480981306,20.241,Lypo Gold 60 Capsules,ENZYMES,https://www.nhc.com/lypo-gold-by-enzymedica?custcol_nhc_size=2716
670480101230,40.491,"Magnesium Mind, 120 Capsules",ENZYMES,https://www.nhc.com/magnesium-mind-by-enzymedica?custcol_nhc_size=2663
670480101193,23.616,"Magnesium Mind, 60 Capsules",ENZYMES,https://www.nhc.com/magnesium-mind-by-enzymedica?custcol_nhc_size=2716
670480220900,42.516000000000005,Natto-K 90 Capsules,ENZYMES,https://www.nhc.com/natto-k-by-enzymedica?custcol_nhc_size=2733
670480201114,30.366000000000003,VeggieGest 90 Capsules,ENZYMES,https://www.nhc.com/veggiegest-by-enzymedica?custcol_nhc_size=2733
670480291726,39.816,"Digest Spectrum, 120 Capsules",ENZYMES,https://www.nhc.com/digest-spectrum-by-enzymedica?custcol_nhc_size=2663
670480291733,71.88300000000001,"Digest Spectrum, 240 Capsules",ENZYMES,https://www.nhc.com/digest-spectrum-by-enzymedica?custcol_nhc_size=2642
670480291702,12.482999999999999,Digest Spectrum. 30 Capsules,ENZYMES,https://www.nhc.com/digest-spectrum-by-enzymedica?custcol_nhc_size=2524
670480291719,31.716,"Digest Spectrum, 90 Capsules",ENZYMES,https://www.nhc.com/digest-spectrum-by-enzymedica?custcol_nhc_size=2733
670480241400,19.566,Allerase 60 Capsules,ENZYMES,https://www.nhc.com/allerase-by-enzymedica?custcol_nhc_size=2716
670480251126,41.841,Pro-Bio 90 Capsules,ENZYMES,https://www.nhc.com/pro-bio-by-enzymedica?custcol_nhc_size=2733
670480101308,16.704,Berberine Phytosome,ENZYMES,https://www.nhc.com/berberine-phytosome-by-enzymedica
670480130100,30.366000000000003,Candidase Extra Strength 42 Capsules,ENZYMES,https://www.nhc.com/candidase-extra-strength-by-enzymedica?custcol_nhc_size=2470
670480130308,8.091000000000001,Bean Assist 30 Capsules,ENZYMES,https://www.nhc.com/bean-assist-by-enzymedica?custcol_nhc_size=2524
670480100813,15.515999999999998,Betaine HCl Fast-Acting 120 Capsules,ENZYMES,https://www.nhc.com/betaine-hcl-fast-acting-by-enzymedica?custcol_nhc_size=2663
670480100783,10.458,"Betaine HCl Fast-Acting, 60 Capsules",ENZYMES,https://www.nhc.com/betaine-hcl-fast-acting-by-enzymedica?custcol_nhc_size=2716
670480110119,17.568,Chewable Kids Digest Fruit Punch Flavor,ENZYMES,https://www.nhc.com/chewable-kids-digest-fruit-punch-by-enzymedica?custcol_nhc_size=2730
670480120101,17.901,GlutenEase Extra Strength 30 Capsules,ENZYMES,https://www.nhc.com/glutenease-extra-strength-by-enzymedica?custcol_nhc_size=2524
670480120118,33.066,GlutenEase Extra Strength 60 Capsules,ENZYMES,https://www.nhc.com/glutenease-extra-strength-by-enzymedica?custcol_nhc_size=2716
670480101803,12.141,"D3 + Vitamin K2, 30 Veg Capsules",ENZYMES,https://www.nhc.com/d3-vitamink2-capsules-by-enzymedica?custcol_nhc_size=2484
670480101223,30.366000000000003,"Papaya Gold, 120 Tablets",ENZYMES,https://www.nhc.com/papaya-gold-by-enzymedica?custcol_nhc_size=2584
670480100998,37.791000000000004,Apple Cider Vinegar 120 Capsules,ENZYMES,https://www.nhc.com/apple-cider-vinegar-by-enzymedica?custcol_nhc_size=2663
670480100820,20.241,Apple Cider Vinegar 60 Capsules,ENZYMES,https://www.nhc.com/apple-cider-vinegar-by-enzymedica?custcol_nhc_size=2716
670480981405,40.158,Immune Defense 120 Capsules,ENZYMES,https://www.nhc.com/enzyme-defense-by-enzymedica?custcol_nhc_size=2663
670480981412,23.616,Immune Defense 60 Capsules,ENZYMES,https://www.nhc.com/enzyme-defense-by-enzymedica?custcol_nhc_size=2716
670480101179,24.291,"Papaya Complete, 240 Tablets",ENZYMES,https://www.nhc.com/papaya-complete-by-enzymedica?custcol_nhc_size=2462
670480130438,17.568,Chewable Digest Complete Orange Flavor 60 Chewable Tablets,ENZYMES,https://www.nhc.com/chewable-digest-orange-by-enzymedica?custcol_nhc_size=2725
670480201428,52.983,"Candidase, 120 Capsules",ENZYMES,https://www.nhc.com/candidase-by-enzymedica?custcol_nhc_size=2663
670480201404,21.933,Candidase 42 Capsules,ENZYMES,https://www.nhc.com/candidase-by-enzymedica?custcol_nhc_size=2470
670480201411,39.141000000000005,Candidase 84 Capsules,ENZYMES,https://www.nhc.com/candidase-by-enzymedica?custcol_nhc_size=2620
670480101377,16.866,Fiber+ Gummies,ENZYMES,https://www.nhc.com/fiber-plus-gummies-by-enzymedica
670480150108,29.691000000000003,Telomere Plus,ENZYMES,https://www.nhc.com/telomere-plus-by-enzymedica
670480130513,18.215999999999998,Digest Basic + Probiotics 90 Capsules,ENZYMES,https://www.nhc.com/digest-basic-probiotics-by-enzymedica?custcol_nhc_size=2733
670480101001,16.191,Apple Cider Vinegar Gummies,ENZYMES,https://www.nhc.com/apple-cider-vinegar-gummies-by-enzymedica
670480231104,29.016000000000002,pH-Basic 120 Capsules,ENZYMES,https://www.nhc.com/ph-basic-by-enzymedica?custcol_nhc_size=2663
670480291009,23.616,pH-Basic 90 Capsules,ENZYMES,https://www.nhc.com/ph-basic-by-enzymedica?custcol_nhc_size=2733
670480110157,15.858,Kiwi Regularity,ENZYMES,https://www.nhc.com/kiwi-regularity-by-enzymedica
633422704746,19.168000000000003,MycoBotanicals Blood Sugar,HD20,https://www.nhc.com/mycobotanicals-blood-sugar-by-host-defense
633422872810,19.168000000000003,MyCommunity Mushroom Mycelium Powder,HD20,https://www.nhc.com/mycommunity-mushroom-mycelium-powder-by-host-defense
633422306964,19.168000000000003,Lion's Mane Mushroom Mycelium Powder,HD20,https://www.nhc.com/lions-mane-mushroom-mycelium-powder-by-host-defense
633422051529,23.368000000000002,Maitake Extract,HD20,https://www.nhc.com/maitake-extract-by-host-defense?custcol_nhc_size=61
633422281230,22.168000000000003,MycoBotanicals Energy,HD20,https://www.nhc.com/mycobotanicals-energy-by-host-defense
633422955193,19.168000000000003,MycoBotanicals Brain & Body Powder,HD20,https://www.nhc.com/mycobotanicals-brain-body-powder-by-host-defense
633422694849,19.168000000000003,Cordychi Mushroom Mycelium Powder,HD20,https://www.nhc.com/cordychi-mushroom-mycelium-powder-by-host-defense
633422696058,19.168000000000003,Chaga Mushroom Mycelium Powder,HD20,https://www.nhc.com/chaga-mushroom-mycelium-powder-by-host-defense
633422031828,20.368000000000002,Chaga Antioxidant Support,HD20,https://www.nhc.com/chaga-antioxidant-by-host-defense
633422037424,20.368000000000002,CordyChi Stress Support,HD20,https://www.nhc.com/cordychi-stress-by-host-defense
633422030333,37.768,Reishi Longevity Support,HD20,https://www.nhc.com/reishi-heart-by-host-defense?custcol_nhc_size=2575
633422030326,20.368000000000002,Reishi Longevity Support,HD20,https://www.nhc.com/reishi-heart-by-host-defense?custcol_nhc_size=2479
633422051024,23.368000000000002,Cordyceps Extract Energy Support,HD20,https://www.nhc.com/cordyceps-extract-energy-by-host-defense
633422037035,37.768,Stamets 7 Daily Immune Support,HD20,https://www.nhc.com/stamets-7-daily-immune-by-host-defense?custcol_nhc_size=2575
633422037028,23.968000000000004,Stamets 7 Daily Immune Support,HD20,https://www.nhc.com/stamets-7-daily-immune-by-host-defense?custcol_nhc_size=2479
633422125237,19.168000000000003,MycoBotanicals Microbiome Powder,HD20,https://www.nhc.com/mycobotanicals-microbiome-powder-by-host-defense
633422710662,19.168000000000003,MycoBotanicals Stress Decompress,HD20,https://www.nhc.com/mycobotanicals-stress-by-host-defense
633422051628,23.368000000000002,Lion's Mane Extract Memory & Nerve Support,HD20,https://www.nhc.com/lions-mane-extract-memory-by-host-defense
633422354521,19.168000000000003,Stamets 7 Mushroom Mycelium Powder,HD20,https://www.nhc.com/stamets-7-mushroom-mycelium-powder-by-host-defense
633422038131,43.168000000000006,MyCommunity Immune Support 120 Veg Capsules,HD20,https://www.nhc.com/mycommunity-immune-support-by-host-defense?custcol_nhc_size=2575
633422038124,24.568,MyCommunity Immune Support 60 Veg Capsules,HD20,https://www.nhc.com/mycommunity-immune-support-by-host-defense?custcol_nhc_size=2479
633422038827,19.168000000000003,MycoBotanicals Liver,HD20,https://www.nhc.com/mycobotanicals-liver-by-host-defense
633422031033,37.768,Cordyceps Energy Support,HD20,https://www.nhc.com/cordyceps-energy-by-host-defense
633422558271,14.368000000000002,Elderberry Plus Syrup,HD20,https://www.nhc.com/elderberry-plus-syrup-by-host-defense
633422027333,37.768,Turkey Tail Immune Support 120 Veg Capsules,HD20,https://www.nhc.com/turkey-tail-immune-by-host-defense?custcol_nhc_size=2575
633422027326,20.368000000000002,Turkey Tail Immune Support 60 Veg Capsules,HD20,https://www.nhc.com/turkey-tail-immune-by-host-defense?custcol_nhc_size=2479
633422038520,20.368000000000002,Breathe Respiratory Support,HD20,https://www.nhc.com/breathe-respiratory-support-by-host-defense?custcol_nhc_size=2479
633422031538,37.768,Maitake Blood Sugar Support,HD20,https://www.nhc.com/maitake-blood-sugar-by-host-defense?custcol_nhc_size=2575
633422031521,20.368000000000002,Maitake Blood Sugar Support,HD20,https://www.nhc.com/maitake-blood-sugar-by-host-defense?custcol_nhc_size=2479
633422050317,12.568000000000001,Reishi Extract Longevity Support,HD20,https://www.nhc.com/reishi-extract-heart-support-by-host-defense?custcol_nhc_size=2
633422050324,23.368000000000002,Reishi Extract Longevity Support,HD20,https://www.nhc.com/reishi-extract-heart-support-by-host-defense?custcol_nhc_size=61
633422052724,23.368000000000002,Turkey Tail Extract Immune Support,HD20,https://www.nhc.com/turkey-tail-extract-immune-by-host-defense
633422477718,19.168000000000003,Turkey Tail Mushroom Mycelium Powder,HD20,https://www.nhc.com/turkey-tail-mushroom-mycelium-powder-by-host-defense
633422756592,11.968000000000002,MycoBrew Lion's Mane Drink Mix Cocoa,HD20,https://www.nhc.com/mycobrew-lions-mane-drink-by-host-defense?custcol_nhc_flavor=296
633422720821,11.968000000000002,MycoBrew Lion's Mane Drink Mix Coffee,HD20,https://www.nhc.com/mycobrew-lions-mane-drink-by-host-defense?custcol_nhc_flavor=238
633422217536,11.968000000000002,MycoBrew Lion's Mane Drink Mix Matcha,HD20,https://www.nhc.com/mycobrew-lions-mane-drink-by-host-defense?custcol_nhc_flavor=227
633422125459,11.968000000000002,MycoBrew Lion's Mane Drink Mix Mocha,HD20,https://www.nhc.com/mycobrew-lions-mane-drink-by-host-defense?custcol_nhc_flavor=57
633422058528,23.968000000000004,Breathe Extract Respiratory Support,HD20,https://www.nhc.com/breathe-extract-respiratory-by-host-defense
633422295015,19.168000000000003,Breathe Mushroom Mycelium Powder,HD20,https://www.nhc.com/breathe-mushroom-mycelium-powder-by-host-defense
633422038629,19.168000000000003,MycoBotanicals Brain,HD20,https://www.nhc.com/mycobotanicals-brain-by-host-defense
633422300153,19.168000000000003,Cordyceps Mushroom Mycelium Powder,HD20,https://www.nhc.com/cordyceps-mushroom-mycelium-powder-by-host-defense
633422051826,23.368000000000002,Chaga Extract Antioxidant Support 2 Oz,HD20,https://www.nhc.com/chaga-extract-antioxidant-by-host-defense?custcol_nhc_size=61
633422031224,22.168000000000003,Agarikon Balanced Immune Response,HD20,https://www.nhc.com/agarikon-full-spectrum-by-host-defense
633422031637,37.768,Lion's Mane Memory & Nerve Support 120 Veg Capsules,HD20,https://www.nhc.com/lions-mane-memory-by-host-defense?custcol_nhc_size=2575
633422031620,20.368000000000002,Lion's Mane Memory & Nerve Support 60 Veg Capsules,HD20,https://www.nhc.com/lions-mane-memory-by-host-defense?custcol_nhc_size=2479
633422822723,19.168000000000003,Reishi Mushroom Mycelium Powder,HD20,https://www.nhc.com/reishi-mushroom-mycelium-powder-by-host-defense
633422323237,19.168000000000003,MycoBotanicals Immune,HD20,https://www.nhc.com/mycobotanicals-immune-powder-by-host-defense
633422057026,23.968000000000004,Stamets 7 Extract Daily Immune Support,HD20,https://www.nhc.com/stamets-7-extract-daily-immune-by-host-defense
633422058122,24.568,MyCommunity Immune Support Extract,HD20,https://www.nhc.com/mycommunity-immune-support-extract-by-host-defense?custcol_nhc_size=61
633422058139,43.168000000000006,MyCommunity Immune Support Extract 4 Oz,HD20,https://www.nhc.com/mycommunity-immune-support-extract-by-host-defense?custcol_nhc_size=108
633422057422,23.968000000000004,"CordyChi Extract, 2 Oz",HD20,https://www.nhc.com/cordychi-extract-by-host-defense?custcol_nhc_size=61
633422057811,12.568000000000001,MycoShield Spray Immune Support Cinnamon,HD20,https://www.nhc.com/mycoshield-spray-immune-by-host-defense?custcol_nhc_flavor=543
633422165073,12.568000000000001,MycoShield Spray Immune Support,HD20,https://www.nhc.com/mycoshield-spray-immune-by-host-defense?custcol_nhc_flavor=31
633422057712,12.568000000000001,MycoShield Spray Immune Support Peppermint,HD20,https://www.nhc.com/mycoshield-spray-immune-by-host-defense?custcol_nhc_flavor=541
633422261621,12.568000000000001,MycoShield Spray Immune Support,HD20,https://www.nhc.com/mycoshield-spray-immune-by-host-defense?custcol_nhc_flavor=951
765704503010,38.61600000000001,"Deep Sleep Softgels, 120 Softgels",HERBS20,https://www.nhc.com/deep-sleep-softgels-by-herbs-etc?custcol_nhc_size=2556
765704503034,14.264,"Deep Sleep Softgels, 30 Softgels",HERBS20,https://www.nhc.com/deep-sleep-softgels-by-herbs-etc?custcol_nhc_size=2799
765704503065,23.104,"Deep Sleep Softgels, 60 Softgels",HERBS20,https://www.nhc.com/deep-sleep-softgels-by-herbs-etc?custcol_nhc_size=2764
765704120026,20.384,Menopautonic Liquid,HERBS20,https://www.nhc.com/menopautonic-liquid-by-herbs-etc
765704501016,38.61600000000001,"Allertonic Softgels, 120 Softgels",HERBS20,https://www.nhc.com/allertonic-softgels-by-herbs-etc?custcol_nhc_size=2556
765704501061,23.104,"Allertonic Softgels, 60 Softgels",HERBS20,https://www.nhc.com/allertonic-softgels-by-herbs-etc?custcol_nhc_size=2764
765704121016,11.544,Liver Tonic Liquid,HERBS20,https://www.nhc.com/liver-tonic-liquid-by-herbs-etc
765704117019,11.544,"Lymphatonic Liquid, 1 Oz",HERBS20,https://www.nhc.com/lymphatonic-liquid-by-herbs-etc?custcol_nhc_size=2
765704117026,20.384,"Lymphatonic Liquid, 2 Oz",HERBS20,https://www.nhc.com/lymphatonic-liquid-by-herbs-etc?custcol_nhc_size=61
765704519219,23.104,"ChlorOxygen Softgels, 120 Softgels",HERBS20,https://www.nhc.com/chloroxygen-softgels-by-herbs-etc?custcol_nhc_size=2556
765704519264,12.368000000000002,"ChlorOxygen Softgels, 60 Softgels",HERBS20,https://www.nhc.com/chloroxygen-softgels-by-herbs-etc?custcol_nhc_size=2764
765704129012,11.544,"Respiratonic Liquid, 1 Oz",HERBS20,https://www.nhc.com/respiratonic-liquid-by-herbs-etc?custcol_nhc_size=2
765704129029,20.384,"Respiratonic Liquid, 2 Oz",HERBS20,https://www.nhc.com/respiratonic-liquid-by-herbs-etc?custcol_nhc_size=61
765704502013,38.61600000000001,"Deep Health Softgels, 120 Softgels",HERBS20,https://www.nhc.com/deep-health-softgels-by-herbs-etc?custcol_nhc_size=2556
765704502068,23.104,"Deep Health Softgels, 60 Softgels",HERBS20,https://www.nhc.com/deep-health-softgels-by-herbs-etc?custcol_nhc_size=2764
765704517161,23.104,"Lymphatonic Softgels, 60 Softgels",HERBS20,https://www.nhc.com/lymphatonic-softgels-by-herbs-etc?custcol_nhc_size=2764
765704319017,11.544,"ChlorOxygen Liquid, 1 Oz",HERBS20,https://www.nhc.com/chloroxygen-liquid-by-herbs-etc?custcol_nhc_size=2
765704319024,20.384,"ChlorOxygen Liquid, 2 Oz",HERBS20,https://www.nhc.com/chloroxygen-liquid-by-herbs-etc?custcol_nhc_size=61
765704123010,11.544,"Lung Tonic Liquid, 1 Oz",HERBS20,https://www.nhc.com/lung-tonic-liquid-by-herbs-etc?custcol_nhc_size=2
765704123027,20.384,"Lung Tonic Liquid, 2 Oz",HERBS20,https://www.nhc.com/lung-tonic-liquid-by-herbs-etc?custcol_nhc_size=61
765704123041,38.61600000000001,"Lung Tonic Liquid, 4 Oz",HERBS20,https://www.nhc.com/lung-tonic-liquid-by-herbs-etc?custcol_nhc_size=108
765704116715,12.088000000000001,Loviral Liquid,HERBS20,https://www.nhc.com/loviral-liquid-by-herbs-etc
765704118528,20.384,"Deep Health Liquid, 2 Oz",HERBS20,https://www.nhc.com/deep-health-liquid-by-herbs-etc?custcol_nhc_size=61
765704118542,38.61600000000001,"Deep Health Liquid, 4 Oz",HERBS20,https://www.nhc.com/deep-health-liquid-by-herbs-etc?custcol_nhc_size=108
765704125311,11.544,Para Free Liquid,HERBS20,https://www.nhc.com/para-free-liquid-by-herbs-etc
765704750056,38.61600000000001,"Allergy ReLeaf System, 2 Bottles",HERBS20,https://www.nhc.com/allergy-releaf-system-2-bottles-by-herbs-etc?custcol_nhc_size=3695
765704319215,11.544,"ChlorOxygen Liquid Mint, 1 Oz",HERBS20,https://www.nhc.com/ChlorOxygen-Liquid-Mint?custcol_nhc_size=2
765704319222,20.384,"ChlorOxygen Liquid Mint, 2 Oz",HERBS20,https://www.nhc.com/ChlorOxygen-Liquid-Mint?custcol_nhc_size=61
765704122013,11.544,Mouth Tonic Liquid,HERBS20,https://www.nhc.com/mouth-tonic-liquid-by-herbs-etc
765704507018,38.61600000000001,"Lung Tonic Softgels, 120 Softgels",HERBS20,https://www.nhc.com/lung-tonic-softgels-by-herbs-etc?custcol_nhc_size=2556
765704507063,23.104,"Lung Tonic Softgels, 60 Softgels",HERBS20,https://www.nhc.com/lung-tonic-softgels-by-herbs-etc?custcol_nhc_size=2764
765704102015,11.544,"Allertonic Liquid, 1 Oz",HERBS20,https://www.nhc.com/allertonic-liquid-by-herbs-etc?custcol_nhc_size=2
765704102022,20.384,"Allertonic Liquid, 2 Oz",HERBS20,https://www.nhc.com/allertonic-liquid-by-herbs-etc?custcol_nhc_size=61
765704525364,23.104,Para Free Softgels,HERBS20,https://www.nhc.com/para-free-softgels-by-herbs-etc
765704521069,23.104,Liver Tonic Softgels,HERBS20,https://www.nhc.com/liver-tonic-softgels-by-herbs-etc
765704125618,11.544,"Phytocillin Liquid, 1 Oz",HERBS20,https://www.nhc.com/phytocillin-liquid-by-herbs-etc?custcol_nhc_size=2
765704125625,20.384,"Phytocillin Liquid, 2 Oz",HERBS20,https://www.nhc.com/phytocillin-liquid-by-herbs-etc?custcol_nhc_size=61
765704520017,38.61600000000001,"Menopautonic Softgels, 120 Softgels",HERBS20,https://www.nhc.com/menopautonic-softgels-by-herbs-etc?custcol_nhc_size=2556
765704520062,23.104,"Menopautonic Softgels, 60 Softgels",HERBS20,https://www.nhc.com/menopautonic-softgels-by-herbs-etc?custcol_nhc_size=2764
765704525616,38.61600000000001,"Phytocillin Softgels, 120 Softgels",HERBS20,https://www.nhc.com/phytocillin-softgels-by-herbs-etc?custcol_nhc_size=2556
765704525630,13.112000000000002,"Phytocillin Softgels, 30 Softgels",HERBS20,https://www.nhc.com/phytocillin-softgels-by-herbs-etc?custcol_nhc_size=2799
765704525661,23.104,"Phytocillin Softgels, 60 Softgels",HERBS20,https://www.nhc.com/phytocillin-softgels-by-herbs-etc?custcol_nhc_size=2764
765704508039,13.112000000000002,"Respiratonic Softgels, 30 Softgels",HERBS20,https://www.nhc.com/respiratonic-softgels-by-herbs-etc?custcol_nhc_size=2799
765704508060,23.104,"Respiratonic Softgels, 60 Softgels",HERBS20,https://www.nhc.com/respiratonic-softgels-by-herbs-etc?custcol_nhc_size=2764
765704522035,13.112000000000002,"Loviral Softgels, 30 Softgels",HERBS20,https://www.nhc.com/loviral-softgels-by-herbs-etc?custcol_nhc_size=2799
765704522066,23.104,"Loviral Softgels, 60 Softgels",HERBS20,https://www.nhc.com/loviral-softgels-by-herbs-etc?custcol_nhc_size=2764
765704110010,11.544,"Deep Sleep Liquid, 1 Oz",HERBS20,https://www.nhc.com/deep-sleep-liquid-by-herbs-etc?custcol_nhc_size=2
765704110027,20.384,"Deep Sleep Liquid, 2 Oz",HERBS20,https://www.nhc.com/deep-sleep-liquid-by-herbs-etc?custcol_nhc_size=61
765704110041,38.61600000000001,"Deep Sleep Liquid, 4 Oz",HERBS20,https://www.nhc.com/deep-sleep-liquid-by-herbs-etc?custcol_nhc_size=108
790011180142,34.392,Citicholine CDP Choline 120 Capsules,JARROW20,https://www.nhc.com/citicholine-cdp-choline-by-jarrow-formulas?custcol_nhc_size=2663
790011200123,19.992,Citicholine CDP Choline 60 Capsules,JARROW20,https://www.nhc.com/citicholine-cdp-choline-by-jarrow-formulas?custcol_nhc_size=2716
790011320081,15.991999999999999,Theanine Gummies 100 Mg Apple,JARROW20,https://www.nhc.com/theanine-gummies-100-mg-apple-by-jarrow-formulas
790011291039,25.592,MagMind Stress Resistance,JARROW20,https://www.nhc.com/magmind-stress-resistance-by-jarrow-formulas
790011291022,25.592,MagMind Productivity,JARROW20,https://www.nhc.com/magmind-productivity-by-jarrow-formulas
790011030669,19.192,Jarro-Dophilus Digest Sure Probiotic,JARROW20,https://www.nhc.com/jarro-dophilus-digest-sure-probiotic-by-jarrow-formulas
790011290605,13.591999999999999,Shilajit Fulvic Acid Complex 250 Mg,JARROW20,https://www.nhc.com/shilajit-fulvic-acid-complex-250-mg-by-jarrow-formulas
790011290513,12.792000000000002,Type II Collagen Complex,JARROW20,https://www.nhc.com/type-ii-collagen-complex-by-jarrow-formulas
790011290650,17.592,DIM + CDG,JARROW20,https://www.nhc.com/dim-cdg-by-jarrow-formulas
790011140283,26.392000000000003,Bilberry + Grapeskin Polyphenols,JARROW20,https://www.nhc.com/bilberry-grapeskin-polyphenols-by-jarrow-formulas
790011290629,27.192000000000004,MagMind Magnesium L-Threonate,JARROW20,https://www.nhc.com/magmind-magnesium-l-threonate-by-jarrow-formulas
790011150121,11.192,L-Glutamine 750 Mg,JARROW20,https://www.nhc.com/l-glutamine-750-mg-by-jarrow-formulas
790011290247,20.792,Hyaluronic Acid,JARROW20,https://www.nhc.com/hyaluronic-acid-by-jarrow-formulas?custcol_nhc_size=2575
790011290186,11.192,Hyaluronic Acid,JARROW20,https://www.nhc.com/hyaluronic-acid-by-jarrow-formulas?custcol_nhc_size=2479
790011010067,15.991999999999999,B-Right Optimized B-Complex,JARROW20,https://www.nhc.com/b-right-optimized-b-complex-by-jarrow-formulas
790011010524,22.392,"Mood Multi +, 60 Tablets",JARROW20,https://www.nhc.com/mood-multi-plus-by-jarrow-formulas?custcol_nhc_size=2742
790011037378,26.392000000000003,Jarro-Dophilus EPS Advanced 55 Billion CFU,JARROW20,https://www.nhc.com/jarro-dophilus-eps-advanced-by-jarrow-formulas?custcol_nhc_size=2484
790011300069,6.392,Methyl Folate 400 Mcg,JARROW20,https://www.nhc.com/methyl-folate-400-mcg-by-jarrow-formulas
790011120261,15.991999999999999,Toco-Sorb,JARROW20,https://www.nhc.com/toco-sorb-by-jarrow-formulas
790011130086,7.992000000000001,Zinc Balance 15 Mg,JARROW20,https://www.nhc.com/zinc-balance-15-mg-by-jarrow-formulas
790011190233,18.392,Glucosamine + Chondroitin + MSM,JARROW20,https://www.nhc.com/glucosamine-chondroitin-msm-by-jarrow-formulas?custcol_nhc_size=2663
790011190226,32.792,Glucosamine + Chondroitin + MSM 240 Capsules,JARROW20,https://www.nhc.com/glucosamine-chondroitin-msm-by-jarrow-formulas?custcol_nhc_size=2642
790011037354,20.792,Fem-Dophilus Advanced Shelf-Stable,JARROW20,https://www.nhc.com/fem-dophilus-advanced-shelf-stable-by-jarrow-formulas?custcol_nhc_size=2484
790011140160,21.592,Quercetin 500 Mg,JARROW20,https://www.nhc.com/quercetin-500-mg-by-jarrow-formulas?custcol_nhc_size=2694
790011140528,39.992000000000004,Quercetin 500 Mg 200 Capsules,JARROW20,https://www.nhc.com/quercetin-500-mg-by-jarrow-formulas?custcol_nhc_size=2685
790011230144,35.192,Mastic Gum 120 Veg Capsules,JARROW20,https://www.nhc.com/mastic-gum-by-jarrow-formulas?custcol_nhc_size=2575
790011230076,20.792,Mastic Gum 60 Veg Capsules,JARROW20,https://www.nhc.com/mastic-gum-by-jarrow-formulas?custcol_nhc_size=2479
790011150626,22.392,Acetyl L-Carnitine 500 Mg,JARROW20,https://www.nhc.com/acetyl-l-carnitine-500-mg-by-jarrow-formulas?custcol_nhc_size=2575
790011150374,13.591999999999999,Acetyl L-Carnitine 500 Mg,JARROW20,https://www.nhc.com/acetyl-l-carnitine-500-mg-by-jarrow-formulas?custcol_nhc_size=2479
790011030249,27.192000000000004,Jarro-Dophilus EPS 120 Veg Capsules,JARROW20,https://www.nhc.com/jarro-dophilus-eps-by-jarrow-formulas?custcol_nhc_size=2575
790011030201,17.592,Jarro-Dophilus EPS 60 Veg Capsules,JARROW20,https://www.nhc.com/jarro-dophilus-eps-by-jarrow-formulas?custcol_nhc_size=2479
790011010241,11.192,Inositol 750 mg,JARROW20,https://www.nhc.com/inositol-750-mg-by-jarrow-formulas
790011210115,34.392,Lactoferrin 250 Mg,JARROW20,https://www.nhc.com/lactoferrin-250-mg-by-jarrow-formulas
790011290728,17.592,Arginine Citrulline Sustain,JARROW20,https://www.nhc.com/arginine-citrulline-sustain-by-jarrow-formulas
790011180012,7.192,"Methyl B-12 1,000 Mcg Lemon",JARROW20,https://www.nhc.com/methyl-b-12-1000-mcg-lemon-by-jarrow-formulas
790011120353,19.192,Lutein 20 Mg 120 Softgels,JARROW20,https://www.nhc.com/lutein-20-mg-by-jarrow-formulas?custcol_nhc_size=2556
790011120254,11.192,Lutein 20 Mg 60 Softgels,JARROW20,https://www.nhc.com/lutein-20-mg-by-jarrow-formulas?custcol_nhc_size=2764
790011290421,7.992000000000001,"Vitamin D3 2,500 IU",JARROW20,https://www.nhc.com/vitamin-d3-2500-iu-by-jarrow-formulas
790011560029,23.192,Alpha GPC 300 Mg,JARROW20,https://www.nhc.com/alpha-gpc-300-mg-by-jarrow-formulas
790011150664,41.592000000000006,Glutathione Reduced 500 Mg 120 Veg Capsules,JARROW20,https://www.nhc.com/glutathione-reduced-500-mg-by-jarrow-formulas?custcol_nhc_size=2575
790011150916,47.19200000000001,"Glutathione Reduced 500 Mg, 150 Veg Capsules",JARROW20,https://www.nhc.com/glutathione-reduced-500-mg-by-jarrow-formulas?custcol_nhc_size=2455
790011150398,23.192,Glutathione Reduced 500 Mg 60 Veg Capsules,JARROW20,https://www.nhc.com/glutathione-reduced-500-mg-by-jarrow-formulas?custcol_nhc_size=2479
790011160397,64.792,EPA-DHA Balance 2:1 Omega-3,JARROW20,https://www.nhc.com/epa-dha-balance-2-1-by-jarrow-formulas?custcol_nhc_size=2607
790011040088,23.192,Bone-Up Three Per Day 180 Capsules,JARROW20,https://www.nhc.com/bone-up-three-per-day-by-jarrow-formulas?custcol_nhc_size=2788
790011048060,11.992,Bone-Up Three Per Day 90 Capsules,JARROW20,https://www.nhc.com/bone-up-three-per-day-by-jarrow-formulas?custcol_nhc_size=2733
790011290445,13.591999999999999,Gaba Soothe,JARROW20,https://www.nhc.com/gaba-soothe-by-jarrow-formulas
790011190110,10.392000000000001,MSM 1000 Mg Capsules,JARROW20,https://www.nhc.com/msm-1000-mg-capsules-by-jarrow-formulas?custcol_nhc_size=2694
790011190134,23.192,MSM 1000 Mg Capsules,JARROW20,https://www.nhc.com/msm-1000-mg-capsules-by-jarrow-formulas?custcol_nhc_size=2600
790011010302,23.192,D-Ribose Powder 7.05 Oz,JARROW20,https://www.nhc.com/d-ribose-powder-by-jarrow-formulas?custcol_nhc_size=2033
790011300083,15.991999999999999,"Methyl Folate 1,000 Mcg",JARROW20,https://www.nhc.com/methyl-folate-1000-mcg-by-jarrow-formulas
790011200161,27.992000000000004,SAMe 200 Mg,JARROW20,https://www.nhc.com/same-200-mg-by-jarrow-formulas?custcol_nhc_size=2742
790011200406,17.592,trans-Pterostilbene 50 Mg,JARROW20,https://www.nhc.com/trans-pterostilbene-50-mg-by-jarrow-formulas
790011130062,10.392000000000001,Selenium Synergy 200 Mcg,JARROW20,https://www.nhc.com/selenium-synergy-200-mcg-by-jarrow-formulas
790011150336,11.192,L-Glutamine 1000 Mg,JARROW20,https://www.nhc.com/l-glutamine-1000-mg-by-jarrow-formulas
790011140931,29.592000000000002,Curcumin Phytosome 500 Mg 120 Veg Capsules,JARROW20,https://www.nhc.com/curcumin-phytosome-500-mg-by-jarrow-formulas?custcol_nhc_size=2575
790011030010,11.192,Jarro-Dophilus + FOS 3.4 Billion,JARROW20,https://www.nhc.com/jarro-dophilus-fos-3-billion-by-jarrow-formulas?custcol_nhc_size=2694
790011030126,18.392,Jarro-Dophilus + FOS 3.4 Billion 200 Veg Capsules,JARROW20,https://www.nhc.com/jarro-dophilus-fos-3-billion-by-jarrow-formulas?custcol_nhc_size=2600
790011030324,27.192000000000004,Jarro-Dophilus + FOS 3.4 Billion 300 Capsules,JARROW20,https://www.nhc.com/jarro-dophilus-fos-3-billion-by-jarrow-formulas?custcol_nhc_size=2800
790011060246,30.392000000000003,Ubiquinol QH Absorb 200 Mg 30 Softgels,JARROW20,https://www.nhc.com/ubiquinol-qh-absorb-200-mg-by-jarrow-formulas?custcol_nhc_size=2799
790011060260,51.19200000000001,Ubiquinol QH Absorb 200 Mg 60 Softgels,JARROW20,https://www.nhc.com/ubiquinol-qh-absorb-200-mg-by-jarrow-formulas?custcol_nhc_size=2764
790011060376,77.592,"Ubiquinol QH Absorb 200 Mg, 90 Softgels",JARROW20,https://www.nhc.com/ubiquinol-qh-absorb-200-mg-by-jarrow-formulas?custcol_nhc_size=2619
790011140764,29.592000000000002,Curcumin 95 500 Mg 120 Capsules,JARROW20,https://www.nhc.com/curcumin-95-500-mg-by-jarrow-formulas?custcol_nhc_size=2663
790011140047,16.791999999999998,Curcumin 95 500 Mg 60 Capsules,JARROW20,https://www.nhc.com/curcumin-95-500-mg-by-jarrow-formulas?custcol_nhc_size=2716
790011150510,13.591999999999999,N-Acetyl Tyrosine 350 Mg,JARROW20,https://www.nhc.com/n-acetyl-tyrosine-350-mg-by-jarrow-formulas
790011190172,50.392,MSM Powder 35.3 Oz,JARROW20,https://www.nhc.com/msm-powder-by-jarrow-formulas?custcol_nhc_size=1943
790011030416,14.392,Fem-Dophilus Shelf Stable 30 Veg Capsules,JARROW20,https://www.nhc.com/fem-dophilus-shelf-stable-by-jarrow-formulas?custcol_nhc_size=2484
790011030423,23.192,Fem-Dophilus Shelf Stable 60 Veg Capsules,JARROW20,https://www.nhc.com/fem-dophilus-shelf-stable-by-jarrow-formulas?custcol_nhc_size=2479
790011060031,12.792000000000002,Co-Q10 100 Mg,JARROW20,https://www.nhc.com/co-q10-100-mg-by-jarrow-formulas
790011037347,20.792,Fem-Dophilus Advanced,JARROW20,https://www.nhc.com/fem-dophilus-advanced-by-jarrow-formulas?custcol_nhc_size=2484
790011030263,27.992000000000004,Jarro-Dophilus Ultra,JARROW20,https://www.nhc.com/jarro-dophilus-ultra-by-jarrow-formulas
790011030232,22.392,Beta Glucan,JARROW20,https://www.nhc.com/beta-glucan-by-jarrow-formulas
790011030430,45.592000000000006,Jarro-Dophilus EPS Higher Potency,JARROW20,https://www.nhc.com/jarro-dophilus-eps-higher-potency-by-jarrow-formulas?custcol_nhc_size=2479
790011030294,30.392000000000003,Saccharomyces Boulardii + MOS 180 Veg Capsules,JARROW20,https://www.nhc.com/saccharomyces-boulardii-mos-by-jarrow-formulas?custcol_nhc_size=2744
790011030041,18.392,Saccharomyces Boulardii + MOS 90 Veg Capsules,JARROW20,https://www.nhc.com/saccharomyces-boulardii-mos-by-jarrow-formulas?custcol_nhc_size=2798
790011290520,39.19200000000001,Vision Optimizer,JARROW20,https://www.nhc.com/vision-optimizer-by-jarrow-formulas?custcol_nhc_size=2788
790011210146,25.592,Whey Protein Unflavored 2 Lbs,JARROW20,https://www.nhc.com/whey-protein-by-jarrow-formulas?custcol_nhc_flavor=410&custcol_nhc_size=1872
790011180043,17.592,"Methyl B-12 5,000 Mcg Cherry",JARROW20,https://www.nhc.com/methyl-b-12-5000-mcg-cherry-by-jarrow-formulas
790011180180,11.192,Methyl B-12 & Methyl Folate Lemon,JARROW20,https://www.nhc.com/methyl-b-12-methyl-folate-lemon-by-jarrow-formulas
790011180166,12.792000000000002,"Methyl B-12 2,500 Mcg Tropical",JARROW20,https://www.nhc.com/methyl-b-12-2500-mcg-tropical-by-jarrow-formulas
790011150572,16.791999999999998,Theanine 200 Mg,JARROW20,https://www.nhc.com/theanine-200-mg-by-jarrow-formulas
790011220145,14.392,Ashwagandha 300 Mg,JARROW20,https://www.nhc.com/ashwagandha-300-mg-by-jarrow-formulas
790011150015,8.792,L-Tyrosine 500 Mg,JARROW20,https://www.nhc.com/l-tyrosine-500-mg-by-jarrow-formulas
790011180197,23.192,Methyl B-12 & Methyl Folate Cherry,JARROW20,https://www.nhc.com/methyl-b-12-methyl-folate-cherry-by-jarrow-formulas
790011150350,35.192,L-Glutamine Powder 35.3 Oz,JARROW20,https://www.nhc.com/l-glutamine-powder-by-jarrow-formulas?custcol_nhc_size=1943
790011020028,24.792,L-Carnitine 500 Mg 100 Veg Capsules,JARROW20,https://www.nhc.com/l-carnitine-500-mg-by-jarrow-formulas?custcol_nhc_size=2694
790011020011,14.392,L-Carnitine 500 Mg,JARROW20,https://www.nhc.com/l-carnitine-500-mg-by-jarrow-formulas?custcol_nhc_size=2664
790011140900,14.392,Wild Bitter Melon Extract,JARROW20,https://www.nhc.com/wild-bitter-melon-extract-by-jarrow-formulas
790011290742,14.392,MaculaPF Blue Light Protection,JARROW20,https://www.nhc.com/maculapf-by-jarrow-formulas
790011150695,23.192,S-Acetyl Glutathione 100 Mg,JARROW20,https://www.nhc.com/s-acetyl-glutathione-100-mg-by-jarrow-formulas
790011150206,7.992000000000001,Taurine 1000 Mg,JARROW20,https://www.nhc.com/taurine-1000-mg-by-jarrow-formulas
790011120322,18.392,PQQ Pyrroloquinoline quinone 20 Mg 30 Capsules,JARROW20,https://www.nhc.com/pqq-pyrroloquinoline-quinone-20-mg-by-jarrow-formulas?custcol_nhc_size=2524
790011120346,35.192,PQQ Pyrroloquinoline Quinone 20 Mg,JARROW20,https://www.nhc.com/pqq-pyrroloquinoline-quinone-20-mg-by-jarrow-formulas?custcol_nhc_size=2716
790011030300,24.792,Fem-Dophilus 60 Veg Capsules,JARROW20,https://www.nhc.com/fem-dophilus-by-jarrow-formulas?custcol_nhc_size=2479
790011140962,44.792,Citrus Bergamot 500 Mg 120 Veg Capsules,JARROW20,https://www.nhc.com/citrus-bergamot-500-mg-by-jarrow-formulas?custcol_nhc_size=2575
790011140856,24.792,Citrus Bergamot 500 Mg 60 Veg Capsules,JARROW20,https://www.nhc.com/citrus-bergamot-500-mg-by-jarrow-formulas?custcol_nhc_size=2479
790011030775,15.991999999999999,Jarro-Dophilus Gut Calm Probiotic,JARROW20,https://www.nhc.com/jarro-dophilus-gut-calm-probiotic-by-jarrow-formulas
790011140030,10.392000000000001,Milk Thistle 150 Mg,JARROW20,https://www.nhc.com/milk-thistle-150-mg-by-jarrow-formulas?custcol_nhc_size=2694
790011040019,10.392000000000001,Bone-Up 120 Capsules,JARROW20,https://www.nhc.com/bone-up-by-jarrow-formulas?custcol_nhc_size=2663
790011040033,16.791999999999998,Bone-Up 240 Capsules,JARROW20,https://www.nhc.com/bone-up-by-jarrow-formulas?custcol_nhc_size=2642
790011048053,24.792,Bone-Up 360 Capsules,JARROW20,https://www.nhc.com/bone-up-by-jarrow-formulas?custcol_nhc_size=2753
790011140290,18.392,Milk Thistle 150 Mg,JARROW20,https://www.nhc.com/milk-thistle-150-mg-by-jarrow-formulas?custcol_nhc_size=2600
790011060161,20.792,Co-Q10 200 Mg,JARROW20,https://www.nhc.com/co-q10-200-mg-by-jarrow-formulas
790011190028,15.991999999999999,N-A-G N-Acetyl Glucosamine,JARROW20,https://www.nhc.com/n-a-g-n-acetyl-glucosamine-by-jarrow-formulas
790011140627,20.792,Artichoke 500 Mg,JARROW20,https://www.nhc.com/artichoke-500-mg-by-jarrow-formulas
790011330011,17.592,Red Yeast Rice + Co-Q10,JARROW20,https://www.nhc.com/red-yeast-rice-co-q10-by-jarrow-formulas
790011200369,23.192,Alpha Lipoic Sustain with Biotin 300 Mg 120 Tablets,JARROW20,https://www.nhc.com/alpha-lipoic-sustain-biotin-300-mg-by-jarrow-formulas?custcol_nhc_size=2584
790011150503,10.392000000000001,Theanine 100 Mg,JARROW20,https://www.nhc.com/theanine-100-mg-by-jarrow-formulas
790011300090,27.192000000000004,K-Right Vitamin K-Complex,JARROW20,https://www.nhc.com/k-right-vitamin-k-complex-by-jarrow-formulas
790011030287,14.392,Ideal Bowel Support,JARROW20,https://www.nhc.com/ideal-bowel-support-by-jarrow-formulas
790011150367,12.792000000000002,Arginine 1000 Mg,JARROW20,https://www.nhc.com/arginine-1000-mg-by-jarrow-formulas
790011200390,17.592,R-Alpha Lipoic Acid 100 Mg + Biotin,JARROW20,https://www.nhc.com/r-alpha-lipoic-acid-100-mg-biotin-by-jarrow-formulas
790011160595,55.992,PS 100 Phosphatidylserine 100 Mg,JARROW20,https://www.nhc.com/ps-100-phosphatidylserine-softgels-100-mg-by-jarrow-formulas?custcol_nhc_size=2556
790011160052,16.232,PS 100 Phosphatidylserine 100 Mg,JARROW20,https://www.nhc.com/ps-100-phosphatidylserine-softgels-100-mg-by-jarrow-formulas?custcol_nhc_size=2799
790011160069,29.592000000000002,PS 100 Phosphatidylserine 100 Mg 60 Softgels,JARROW20,https://www.nhc.com/ps-100-phosphatidylserine-softgels-100-mg-by-jarrow-formulas?custcol_nhc_size=2764
790011030690,10.392000000000001,Jarro-Dophilus Kids Probiotic,JARROW20,https://www.nhc.com/jarro-dophilus-kids-probiotic-by-jarrow-formulas
790011300076,23.192,MK-7 Vitamin K2 90 Mcg 120 Softgels,JARROW20,https://www.nhc.com/mk-7-vitamin-k2-90-mcg-by-jarrow-formulas?custcol_nhc_size=2556
790011300014,13.591999999999999,MK-7 Vitamin K2 90 Mcg 60 Softgels,JARROW20,https://www.nhc.com/mk-7-vitamin-k2-90-mcg-by-jarrow-formulas?custcol_nhc_size=2764
790011300212,18.392,"MK-7 Vitamin K2 90 Mcg, 90 Softgels",JARROW20,https://www.nhc.com/mk-7-vitamin-k2-90-mcg-by-jarrow-formulas?custcol_nhc_size=2619
790011077060,7.992000000000001,N-A-C 500 Mg,JARROW20,https://www.nhc.com/nac-500-mg-by-jarrow-formulas?custcol_nhc_size=2479
790011060185,29.592000000000002,Q-Absorb Co-Q10 100 Mg 120 Softgels,JARROW20,https://www.nhc.com/q-absorb-coq10-100-mg-by-jarrow-formulas?custcol_nhc_size=2556
790011060123,20.792,Q-Absorb Co-Q10 100 Mg 60 Softgels,JARROW20,https://www.nhc.com/q-absorb-coq10-100-mg-by-jarrow-formulas?custcol_nhc_size=2764
790011190219,32.792,Glucosamine + Chondroitin,JARROW20,https://www.nhc.com/glucosamine-chondroitin-by-jarrow-formulas?custcol_nhc_size=2642
790011200413,15.991999999999999,Astaxanthin 12 Mg 30 Softgels,JARROW20,https://www.nhc.com/astaxanthin-12-mg-by-jarrow-formulas?custcol_nhc_size=2799
790011202127,29.592000000000002,Astaxanthin 12 Mg 60 Softgels,JARROW20,https://www.nhc.com/astaxanthin-12-mg-by-jarrow-formulas?custcol_nhc_size=2764
790011040057,28.792,Ultra Bone-Up 240 Tablets,JARROW20,https://www.nhc.com/ultra-bone-up-by-jarrow-formulas?custcol_nhc_size=2462
790011200208,28.792,SAMe 400 Mg 30 Tablets,JARROW20,https://www.nhc.com/same-400-mg-by-jarrow-formulas?custcol_nhc_size=2568
790011200420,44.792,SAMe 400 Mg 60 Tablets,JARROW20,https://www.nhc.com/same-400-mg-by-jarrow-formulas?custcol_nhc_size=2742
790011150435,15.991999999999999,5-HTP 100 Mg,JARROW20,https://www.nhc.com/5-htp-100-mg-by-jarrow-formulas
790011120186,17.592,CarotenAll,JARROW20,https://www.nhc.com/carotenall-by-jarrow-formulas
790011202110,27.992000000000004,BroccoMax,JARROW20,https://www.nhc.com/broccomax-by-jarrow-formulas?custcol_nhc_size=2575
790011200277,15.991999999999999,BroccoMax 60 Veg Capsules,JARROW20,https://www.nhc.com/broccomax-by-jarrow-formulas?custcol_nhc_size=2479
790011560012,29.592000000000002,Neuro Optimizer,JARROW20,https://www.nhc.com/neuro-optimizer-by-jarrow-formulas
790011180104,10.392000000000001,Pantothenic Acid B5,JARROW20,https://www.nhc.com/pantothenic-acid-b5-by-jarrow-formulas
790011077077,12.792000000000002,N-A-C Sustain 600 Mg,JARROW20,https://www.nhc.com/nac-sustain-600-mg-by-jarrow-formulas
790011060284,50.392,Ubiquinol QH Absorb + PQQ 60 Softgels,JARROW20,https://www.nhc.com/ubiquinol-qh-absorb-pqq-by-jarrow-formulas?custcol_nhc_size=2764
790011160588,36.792,Krill Oil 1200 Mg 120 Softgels,JARROW20,https://www.nhc.com/krill-oil-1200-mg-by-jarrow-formulas?custcol_nhc_size=2556
790011160274,19.992,Krill Oil 1200 Mg 60 Softgels,JARROW20,https://www.nhc.com/krill-oil-1200-mg-by-jarrow-formulas?custcol_nhc_size=2764
790011060253,51.19200000000001,Ubiquinol QH Absorb 100 Mg 120 Softgels,JARROW20,https://www.nhc.com/ubiquinol-qh-absorb-100-mg-by-jarrow-formulas?custcol_nhc_size=2556
790011060192,30.392000000000003,Ubiquinol QH Absorb 100 Mg 60 Softgels,JARROW20,https://www.nhc.com/ubiquinol-qh-absorb-100-mg-by-jarrow-formulas?custcol_nhc_size=2764
790011160205,48.792,PS 100 Phosphatidylserine 100 Mg 120 Capsules,JARROW20,https://www.nhc.com/ps-100-phosphatidylserine-100-mg-by-jarrow-formulas?custcol_nhc_size=2663
790011090090,20.792,Borage 1200 Mg 120 Softgels,JARROW20,https://www.nhc.com/borage-1200-mg-by-jarrow-formulas?custcol_nhc_size=2556
790011300052,8.792,"Vitamin D3 125 Mcg (5,000 IU)",JARROW20,https://www.nhc.com/vitamin-d3-5000-iu-by-jarrow-formulas
790011300120,12.792000000000002,MK-7 Vitamin K2 180 Mcg,JARROW20,https://www.nhc.com/mk-7-vitamin-k2-180-mcg-by-jarrow-formulas?custcol_nhc_size=2799
790011180050,10.392000000000001,Biotin 5000 Mcg,JARROW20,https://www.nhc.com/biotin-5000-mcg-by-jarrow-formulas
790011150442,11.992,5-HTP 50 Mg,JARROW20,https://www.nhc.com/5-htp-50-mg-by-jarrow-formulas
790011180159,6.392,Methyl B-12 500 Mcg,JARROW20,https://www.nhc.com/methyl-b-12-500-mcg-cherry-by-jarrow-formulas
689176916492,29.741500000000002,Magnesium Breakthrough,BIO15,https://www.nhc.com/magnesium-breakthrough-by-bioptimizers?custcol_nhc_size=2479
850018116688,38.2415,MicroBiome Breakthrough Chocolate,BIO15,https://www.nhc.com/microbiome-breakthrough-by-bioptimizers?custcol_nhc_flavor=1&custcol_nhc_size=2746
850018116671,38.2415,MicroBiome Breakthrough Vanilla,BIO15,https://www.nhc.com/microbiome-breakthrough-by-bioptimizers?custcol_nhc_flavor=2&custcol_nhc_size=2746
850018116749,33.9915,"Mushroom Breakthrough Powder Chocolicious, 15 Servings",BIO15,https://www.nhc.com/mushroom-breakthrough-powder-by-bioptimizers?custcol_nhc_flavor=1078&custcol_nhc_size=3642
850018116732,50.9915,"Mushroom Breakthrough Powder Chocolicious, 30 Servings",BIO15,https://www.nhc.com/mushroom-breakthrough-powder-by-bioptimizers?custcol_nhc_flavor=1078&custcol_nhc_size=2588
850018116718,33.9915,"Mushroom Breakthrough Powder Salted Caramel, 15 Servings",BIO15,https://www.nhc.com/mushroom-breakthrough-powder-by-bioptimizers?custcol_nhc_flavor=537&custcol_nhc_size=3642
850018116725,50.9915,"Mushroom Breakthrough Powder Salted Caramel, 30 Servings",BIO15,https://www.nhc.com/mushroom-breakthrough-powder-by-bioptimizers?custcol_nhc_flavor=537&custcol_nhc_size=2588
850018116947,20.391499999999997,Cycle Care,BIO15,https://www.nhc.com/cycle-care-by-bioptimizers
689176916461,23.7915,HCL Breakthrough,BIO15,https://www.nhc.com/hcl-breakthrough-by-bioptimizers?custcol_nhc_size=2798
850018116862,54.2215,"P3-OM Probiotic, 120 Veg Capsules",BIO15,https://www.nhc.com/p3-om-probiotic-by-bioptimizers?custcol_nhc_size=2575
689176916515,28.8915,"P3-OM Probiotic, 60 Veg Capsules",BIO15,https://www.nhc.com/p3-om-probiotic-by-bioptimizers?custcol_nhc_size=2479
850018116664,50.9915,"CogniBiotics, 60 Veg Capsules",BIO15,https://www.nhc.com/cognibiotics-by-bioptimizers?custcol_nhc_size=2479
850018116701,44.1915,Sleep Breakthrough Tropical Dreams,BIO15,https://www.nhc.com/sleep-breakthrough-by-bioptimizers?custcol_nhc_flavor=1083
689176916225,29.741500000000002,Magnesium Breakthrough Powder,BIO15,https://www.nhc.com/magnesium-breakthrough-powder-by-bioptimizers?custcol_nhc_flavor=1067&custcol_nhc_size=2588
689176916355,29.741500000000002,Magnesium Breakthrough Powder Fruit Punch,BIO15,https://www.nhc.com/magnesium-breakthrough-powder-by-bioptimizers?custcol_nhc_flavor=48&custcol_nhc_size=2588
689176916324,29.741500000000002,Magnesium Breakthrough Powder,BIO15,https://www.nhc.com/magnesium-breakthrough-powder-by-bioptimizers?custcol_nhc_flavor=477&custcol_nhc_size=2588
850018116589,42.4915,"Magnesium Breakthrough Powder Raspberry Lemonade, 50 Servings",BIO15,https://www.nhc.com/magnesium-breakthrough-powder-by-bioptimizers?custcol_nhc_flavor=477&custcol_nhc_size=3326
850018116565,29.741500000000002,"Magnesium Breakthrough Powder Unflavored, 30 Servings",BIO15,https://www.nhc.com/magnesium-breakthrough-powder-by-bioptimizers?custcol_nhc_flavor=410&custcol_nhc_size=2588
850018116572,42.4915,"Magnesium Breakthrough Powder Unflavored, 50 Servings",BIO15,https://www.nhc.com/magnesium-breakthrough-powder-by-bioptimizers?custcol_nhc_flavor=410&custcol_nhc_size=3326
860010902035,30.5915,Busy Bee Vitamin B Complex,LIVELY,https://www.nhc.com/busy-bee-by-lively-vitamin-co
850059040225,23.7915,Solar Power Vitamin D3 2000 IU,LIVELY,https://www.nhc.com/solar-power-vitamin-d3-2000-iu-by-lively-vitamin-co
860010902004,33.9915,UTI BFF,LIVELY,https://www.nhc.com/uti-bff-by-lively-vitamin-co
850059040119,24.4715,Citrus Kick Liposomal Vitamin C 1500 Mg,LIVELY,https://www.nhc.com/citrus-kick-liposomal-vitamin-c-by-lively-vitamin-co
850059040096,40.7915,Get Even,LIVELY,https://www.nhc.com/get-even-by-lively-vitamin-co
850059040089,33.9915,Viva La Liver,LIVELY,https://www.nhc.com/viva-la-liver-by-lively-vitamin-co?custcol_nhc_size=2733
850059040201,47.5915,Less Cholest,LIVELY,https://www.nhc.com/less-cholest-by-lively-vitamin-co
850059040263,47.5915,Adrenal Boost,LIVELY,https://www.nhc.com/adrenal-boost-by-lively-vitamin-co?custcol_nhc_size=2663
850059040003,27.191499999999998,"Adrenal Boost, 60 Capsules",LIVELY,https://www.nhc.com/adrenal-boost-by-lively-vitamin-co?custcol_nhc_size=2716
687398764198,37.3915,"Joint Jive, 120 Capsules",LIVELY,https://www.nhc.com/joint-jive-by-lively-vitamin-co?custcol_nhc_size=2663
860010902066,29.2315,Osteo Awesome,LIVELY,https://www.nhc.com/osteo-awesome-by-lively-vitamin-co
850059040256,37.3915,Chill Pill,LIVELY,https://www.nhc.com/chill-pill-by-lively-vitamin-co?custcol_nhc_size=2733
697333545041,33.9915,Mushroom Magic,LIVELY,https://www.nhc.com/mushroom-magic-by-lively-vitamin-co
860010902097,31.2715,Magnesium Ease,LIVELY,https://www.nhc.com/magnesium-ease-by-lively-vitamin-co?custcol_nhc_size=2788
850059040058,54.3915,"Magnesium Ease, 360 Capsules",LIVELY,https://www.nhc.com/magnesium-ease-by-lively-vitamin-co?custcol_nhc_size=2753
850059040171,37.3915,"Snooze Fest, 120 Capsules",LIVELY,https://www.nhc.com/snooze-fest-by-lively-vitamin-co?custcol_nhc_size=2663
850059040232,23.7915,Thyroid TLC,LIVELY,https://www.nhc.com/thyroid-tlc-by-lively-vitamin-co
687398764402,57.79149999999999,"Metabo Go-Go, 240 Capsules",LIVELY,https://www.nhc.com/metabo-go-go-by-lively-vitamin-co?custcol_nhc_size=2642
046708995071,38.7515,Multi-Vitamin,LIVELY,https://www.nhc.com/multi-vitamin-by-lively-vitamin-co?custcol_nhc_size=2663
860010902080,67.99149999999999,Multi-Vitamin,LIVELY,https://www.nhc.com/multi-vitamin-by-lively-vitamin-co?custcol_nhc_size=2642
850059040188,50.9915,Brain Battery,LIVELY,https://www.nhc.com/brain-battery-by-lively-vitamin-co?custcol_nhc_size=2733
051494102152,16.141499999999997,MegaFlora Kids Probiotic,MEGAFOOD,https://www.nhc.com/megaflora-kids-probiotic-by-megafood
051494103579,47.5915,"Men's 55+ One Daily Multivitamin, 120 Tablets",MEGAFOOD,https://www.nhc.com/mens-55-plus-one-daily-by-megafood?custcol_nhc_size=2584
051494103555,25.4915,"Men's 55+ One Daily Multivitamin, 60 Tablets",MEGAFOOD,https://www.nhc.com/mens-55-plus-one-daily-by-megafood?custcol_nhc_size=2742
051494103562,37.3915,"Men's 55+ One Daily Multivitamin, 90 Tablets",MEGAFOOD,https://www.nhc.com/mens-55-plus-one-daily-by-megafood?custcol_nhc_size=2595
051494103227,47.5915,Multi for Women 40+ 120 Tablets,MEGAFOOD,https://www.nhc.com/multi-for-women-40-plus-by-megafood?custcol_nhc_size=2584
051494103180,47.5915,"Men's 40+ Advanced Multivitamin, 120 Tablets",MEGAFOOD,https://www.nhc.com/mens-40-plus-advanced-multivitamin-by-megafood?custcol_nhc_size=2584
051494103722,19.5415,Women's Multivitamin Soft Chews Mixed Berry,MEGAFOOD,https://www.nhc.com/womens-multivitamin-soft-chews-by-megafood
051494103272,43.3415,Multi for Women 55+ 120 Tablets,MEGAFOOD,https://www.nhc.com/multi-for-women-55-plus-by-megafood?custcol_nhc_size=2584
051494102718,22.941499999999998,"Women 55+ Advanced Multivitamin, 60 Tablets",MEGAFOOD,https://www.nhc.com/multi-for-women-55-plus-by-megafood?custcol_nhc_size=2742
051494100257,39.0915,"MegaFlora with Turmeric, 90 Capsules",MEGAFOOD,https://www.nhc.com/megaflora-with-turmeric-by-megafood?custcol_nhc_size=2733
051494101032,18.691499999999998,Womens One Daily,MEGAFOOD,https://www.nhc.com/womens-one-daily-by-megafood?custcol_nhc_size=2568
051494101056,39.9415,Womens One Daily,MEGAFOOD,https://www.nhc.com/womens-one-daily-by-megafood?custcol_nhc_size=2595
051494102237,49.2915,MegaFlora Plus 60 Capsules,MEGAFOOD,https://www.nhc.com/megaflora-plus-by-megafood?custcol_nhc_size=2716
051494104347,12.7415,Women's Multi Gummies,MEGAFOOD,https://www.nhc.com/womens-multi-gummies-by-megafood
051494105399,22.941499999999998,"Omega 3-6-9, 60 Vegan Capsules",MEGAFOOD,https://www.nhc.com/omega-3-6-9-by-megafood?custcol_nhc_size=2722
051494102756,11.8915,Kids B Complex,MEGAFOOD,https://www.nhc.com/kids-b-complex-by-megafood
051494101803,22.941499999999998,Kids One Daily 60 Tablets,MEGAFOOD,https://www.nhc.com/kids-one-daily-by-megafood?custcol_nhc_size=2742
051494102053,18.691499999999998,MegaFlora 30 Capsules,MEGAFOOD,https://www.nhc.com/megaflora-by-megafood?custcol_nhc_size=2524
051494102046,32.2915,MegaFlora 60 Capsules,MEGAFOOD,https://www.nhc.com/megaflora-by-megafood?custcol_nhc_size=2716
051494102282,40.7915,MegaFlora 90 Capsules,MEGAFOOD,https://www.nhc.com/megaflora-by-megafood?custcol_nhc_size=2733
051494103548,47.5915,"Womens 55+ One Daily Multivitamin, 120 Tablets",MEGAFOOD,https://www.nhc.com/womens-55-one-daily-multivitamin-by-megafood?custcol_nhc_size=2584
051494103524,25.4915,"Womens 55+ One Daily Multivitamin,60 Tablets",MEGAFOOD,https://www.nhc.com/womens-55-one-daily-multivitamin-by-megafood?custcol_nhc_size=2742
051494103531,37.3915,"Womens 55+ One Daily Multivitamin, 90 Tablets",MEGAFOOD,https://www.nhc.com/womens-55-one-daily-multivitamin-by-megafood?custcol_nhc_size=2595
051494103746,16.141499999999997,Kids Multivitamin Soft Chews Grape,MEGAFOOD,https://www.nhc.com/kids-multivitamin-soft-chews-by-megafood
051494102695,32.2915,Men Over 40 One Daily 60 Tablets,MEGAFOOD,https://www.nhc.com/men-over-40-one-daily-by-megafood?custcol_nhc_size=2742
051494102701,39.9415,Men Over 40 One Daily 90 Tablets,MEGAFOOD,https://www.nhc.com/men-over-40-one-daily-by-megafood?custcol_nhc_size=2595
051494100226,39.0915,MegaFlora for Women 90 Capsules,MEGAFOOD,https://www.nhc.com/megaflora-women-by-megafood?custcol_nhc_size=2733
051494103289,43.3415,Multi for Men 55+ 120 Tablets,MEGAFOOD,https://www.nhc.com/multi-for-men-55-plus-by-megafood?custcol_nhc_size=2584
051494102732,22.941499999999998,"Men 55+ Advanced Multivitamin, 60 Tablets",MEGAFOOD,https://www.nhc.com/multi-for-men-55-plus-by-megafood?custcol_nhc_size=2742
051494101063,18.691499999999998,Mens One Daily 30 Tablets,MEGAFOOD,https://www.nhc.com/mens-one-daily-by-megafood?custcol_nhc_size=2568
051494101087,39.9415,Mens One Daily 90 Tablets,MEGAFOOD,https://www.nhc.com/mens-one-daily-by-megafood?custcol_nhc_size=2595
051494104354,12.7415,Men's Multi Gummies,MEGAFOOD,https://www.nhc.com/mens-multi-gummies-by-megafood
051494103241,47.5915,Multi for Women 120 Tablets,MEGAFOOD,https://www.nhc.com/multi-for-women-by-megafood?custcol_nhc_size=2584
051494101506,18.691499999999998,One Daily 30 Tablets,MEGAFOOD,https://www.nhc.com/one-daily-by-megafood?custcol_nhc_size=2568
051494101513,32.2915,One Daily 60 Tablets,MEGAFOOD,https://www.nhc.com/one-daily-by-megafood?custcol_nhc_size=2742
051494103203,47.5915,"Mens Advanced Multivitamin, 120 Tablets",MEGAFOOD,https://www.nhc.com/mens-advanced-multivitamin-by-megafood?custcol_nhc_size=2584
051494101742,32.2915,One Daily Iron Free 60 Tablets,MEGAFOOD,https://www.nhc.com/one-daily-iron-free-by-megafood?custcol_nhc_size=2742
051494101940,39.9415,One Daily Iron Free 90 Tablets,MEGAFOOD,https://www.nhc.com/one-daily-iron-free-by-megafood?custcol_nhc_size=2595
051494102664,32.2915,Women Over 40 One Daily 60 Tablets,MEGAFOOD,https://www.nhc.com/women-over-40-one-daily-by-megafood?custcol_nhc_size=2742
051494102671,39.9415,"Womens 40+ One Daily Multivitamin, 90 Tablets",MEGAFOOD,https://www.nhc.com/women-over-40-one-daily-by-megafood?custcol_nhc_size=2595
854521007433,22.941,Extra Strength Hemp Extract Gummies 10 Mg Cherry Mango,PLUSCBD,https://www.nhc.com/extra-strength-hemp-extract-gummies-cherry-by-pluscbd-oil?custcol_nhc_size=3484
854521007440,34.416000000000004,Extra Strength Hemp Extract Gummies 10 Mg Cherry Mango,PLUSCBD,https://www.nhc.com/extra-strength-hemp-extract-gummies-cherry-by-pluscbd-oil?custcol_nhc_size=2475
850684006641,24.291,CBD Hemp Balm Extra Strength,PLUSCBD,https://www.nhc.com/cbd-hemp-balm-extra-strength-by-plus-cbd-oil
850019274677,38.132999999999996,Reserve CBD 25 Mg Dark Chocolate Mint,PLUSCBD,https://www.nhc.com/reserve-cbd-25-mg-by-pluscbd-oil?custcol_nhc_flavor=1023
850019274691,38.132999999999996,Reserve CBD 25 Mg Lemon Ginger,PLUSCBD,https://www.nhc.com/reserve-cbd-25-mg-by-pluscbd-oil?custcol_nhc_flavor=1024
850043735229,23.616,"Daily Balance THC Free CBD 25 Mg, 30 Gummies",PLUSCBD,https://www.nhc.com/daily-balance-thc-free-cbd-gummies-by-pluscbd-oil?custcol_nhc_size=3484
850043735021,37.791000000000004,Daily Balance THC Free CBD 25 Mg,PLUSCBD,https://www.nhc.com/daily-balance-thc-free-cbd-gummies-by-pluscbd-oil?custcol_nhc_size=2475
850019274523,24.291,"Sleep CBD Gummies, 30 Gummies",PLUSCBD,https://www.nhc.com/sleep-cbd-gummies-by-pluscbd-oil?custcol_nhc_size=3484
850019274547,37.791000000000004,"Sleep CBD Gummies, 60 Gummies",PLUSCBD,https://www.nhc.com/sleep-cbd-gummies-by-pluscbd-oil?custcol_nhc_size=2475
850684006504,43.191,Full Spectrum Hemp Extract 750 Mg Extra Strength Peppermint,PLUSCBD,https://www.nhc.com/full-spectrum-hemp-extract-750-mg-by-pluscbd-oil?custcol_nhc_flavor=541
850684006511,43.191,Full Spectrum Hemp Extract 750 Mg Extra Strength,PLUSCBD,https://www.nhc.com/full-spectrum-hemp-extract-750-mg-by-pluscbd-oil?custcol_nhc_flavor=410
850043735038,37.791000000000004,Daily Balance THC Free CBD 25 Mg,PLUSCBD,https://www.nhc.com/daily-balance-thc-free-cbd-softgels-by-pluscbd-oil?custcol_nhc_size=2764
850684006634,49.941,Full Spectrum Hemp Extract 15 Mg Extra Strength,PLUSCBD,https://www.nhc.com/full-spectrum-hemp-extract-15-mg-extra-softgels-by-pluscbd-oil?custcol_nhc_size=2764
854521007501,62.090999999999994,Full Spectrum Hemp Extract 15 Mg Extra Strength,PLUSCBD,https://www.nhc.com/full-spectrum-hemp-extract-15-mg-extra-softgels-by-pluscbd-oil?custcol_nhc_size=2619
850019274578,42.516000000000005,"Relief CBD 30 Mg, 60 Softgels",PLUSCBD,https://www.nhc.com/relief-cbd-30-mg-by-pluscbd-oil?custcol_nhc_size=2764
850019274516,24.291,"Calm CBD Gummies, 30 Gummies",PLUSCBD,https://www.nhc.com/calm-cbd-gummies-by-pluscbd-oil?custcol_nhc_size=3484
850019274554,37.791000000000004,"Calm CBD Gummies, 60 Gummies",PLUSCBD,https://www.nhc.com/calm-cbd-gummies-by-pluscbd-oil?custcol_nhc_size=2475
850043735311,20.241,"Calming Care CBD for Dogs, 30 Soft Chews",PLUSCBD,https://www.nhc.com/calming-care-cbd-dogs-by-pluscbd-oil?custcol_nhc_size=3562
850043735199,42.183,Reserve Sleep CBD Gummies,PLUSCBD,https://www.nhc.com/reserve-sleep-cbd-gummies-by-pluscbd-oil?custcol_nhc_size=3484
854521007938,31.041000000000004,Soothing Hemp Extract for Pets 500 Mg Beef,PLUSCBD,https://www.nhc.com/soothing-hemp-extract-pets-500-mg-by-pluscbd-oil?custcol_nhc_flavor=205
854521007952,31.041000000000004,Daily Balance Hemp Extract for Pets 500 Mg Chicken,PLUSCBD,https://www.nhc.com/soothing-hemp-extract-pets-500-mg-by-pluscbd-oil?custcol_nhc_flavor=112
854521007945,31.041000000000004,Soothing Hemp Extract for Pets 500 Mg,PLUSCBD,https://www.nhc.com/soothing-hemp-extract-pets-500-mg-by-pluscbd-oil?custcol_nhc_flavor=510
850043735212,23.616,Daily Balance CBD for Large Breed Dogs,PLUSCBD,https://www.nhc.com/daily-balance-cbd-large-dogs-by-pluscbd-oil?custcol_nhc_size=2799
854521007464,34.416000000000004,Extra Strength Hemp Extract Gummies 10 Mg Citrus Punch,PLUSCBD,https://www.nhc.com/extra-strength-hemp-extract-gummies-citrus-by-pluscbd-oil?custcol_nhc_size=2475
850019274684,121.49100000000001,"Reserve CBD 50 Mg Dark Chocolate Mint, 1.86 Oz",PLUSCBD,https://www.nhc.com/reserve-cbd-50-mg-dk-choc-by-pluscbd-oil?custcol_nhc_size=3555
850684006863,60.741,Daily Balance Full Spectrum CBD 2000 Mg Monk Fruit,PLUSCBD,https://www.nhc.com/daily-balance-full-spectrum-cbd-2000-mg-by-pluscbd-oil?custcol_nhc_flavor=1070
850684006856,60.741,Daily Balance Full Spectrum CBD 2000 Mg Peppermint,PLUSCBD,https://www.nhc.com/daily-balance-full-spectrum-cbd-2000-mg-by-pluscbd-oil?custcol_nhc_flavor=541
854521007389,37.791000000000004,CBD Oil Hemp Roll-On 500 Mg Extra Strength,PLUSCBD,https://www.nhc.com/cbd-oil-hemp-roll-on-500-mg-extra-strength-by-pluscbd-oil
850037847990,26.658,"Reserve CBD 25 Mg, 30 Softgels",PLUSCBD,https://www.nhc.com/reserve-cbd-25-mg-softgels-by-pluscbd-oil?custcol_nhc_size=2799
850019274141,38.132999999999996,"Reserve CBD 25 Mg, 60 Softgels",PLUSCBD,https://www.nhc.com/reserve-cbd-25-mg-softgels-by-pluscbd-oil?custcol_nhc_size=2764
850019274707,38.132999999999996,Reserve CBD Gummies 25 Mg Peach,PLUSCBD,https://www.nhc.com/reserve-cbd-gummies-25-mg-by-pluscbd-oil?custcol_nhc_flavor=68
850019274714,38.132999999999996,Reserve CBD Gummies 25 Mg Sour Watermelon,PLUSCBD,https://www.nhc.com/reserve-cbd-gummies-25-mg-by-pluscbd-oil?custcol_nhc_flavor=428
850043735045,44.882999999999996,"Reserve CBD Gummies 25 Mg Extra, 30 Gummies",PLUSCBD,https://www.nhc.com/reserve-cbd-gummies-25-mg-extra-by-pluscbd-oil?custcol_nhc_flavor=1069&custcol_nhc_size=3484
850043735243,67.491,"Reserve CBD Gummies 25 Mg Extra, 60 Gummies",PLUSCBD,https://www.nhc.com/reserve-cbd-gummies-25-mg-extra-by-pluscbd-oil?custcol_nhc_flavor=1069&custcol_nhc_size=2475
850019274530,107.991,"Maximum Strength Hemp Extract Softgels 50 Mg, 90 Softgels",PLUSCBD,https://www.nhc.com/maximum-strength-hemp-extract-softgels-50-mg-by-pluscbd-oil?custcol_nhc_size=2619
850043735304,20.241,"Hip & Joint Health CBD for Dogs, 30 Soft Chews",PLUSCBD,https://www.nhc.com/hip-joint-health-cbd-dogs-by-pluscbd-oil?custcol_nhc_size=3562
852971004767,34.0,Organic Berry Power Berry & Fruit Powder,PURE15,https://www.nhc.com/organic-berry-power-fruit-powder-by-pure-synergy
852971004347,30.599999999999998,SuperPure Turmeric Organic Extract Capsules,PURE15,https://www.nhc.com/superpure-turmeric-organic-extract-capsules-by-pure-synergy
852971004866,30.599999999999998,SuperPure Fucoidan,PURE15,https://www.nhc.com/superpure-fucoidan-by-pure-synergy
852971004828,27.2,SuperPure Oregano,PURE15,https://www.nhc.com/superpure-oregano-by-pure-synergy
852971004873,32.3,Choline Complex Organic,PURE15,https://www.nhc.com/choline-complex-organic-by-pure-synergy
852971004286,28.9,Organic Matcha Power Capsules,PURE15,https://www.nhc.com/organic-matcha-power-capsules-by-pure-synergy
852971004262,42.5,Blue-Green Algae Pure Klamath Crystals Powder,PURE15,https://www.nhc.com/blue-green-algae-pure-klamath-crystals-powder-by-pure-synergy
852971004927,42.5,Radiant Mood,PURE15,https://www.nhc.com/radiant-mood-by-pure-synergy
852971004156,40.8,PureNatal Multivitamin for Mom & Baby Tablets,PURE15,https://www.nhc.com/purenatal-tablets-by-pure-synergy
852971004255,30.599999999999998,Blue-Green Algae Organic Klamath Lake Algae Capsules,PURE15,https://www.nhc.com/blue-green-algae-pure-klamath-crystals-capsules-by-pure-synergy
852971004743,37.4,Stress Remedy Capsules,PURE15,https://www.nhc.com/stress-remedy-capsules-by-pure-synergy
852971004910,39.1,Vita-Min-Vitality Men's Multivitamin,PURE15,https://www.nhc.com/vita-min-vitality-multi-for-men-by-pure-synergy
852971004781,30.599999999999998,SuperPure Astaxanthin Organic Algae,PURE15,https://www.nhc.com/superpure-astaxanthin-organic-algae-capsules-by-pure-synergy
852971004699,30.599999999999998,SuperPure Olive Organic Extract Capsules,PURE15,https://www.nhc.com/superpure-olive-organic-extract-capsules-by-pure-synergy
852971004026,40.8,Pure Synergy Organic Superfood Capsules,PURE15,https://www.nhc.com/pure-synergy-superfood-capsules-by-pure-synergy
852971004392,37.4,Immune Health Capsules,PURE15,https://www.nhc.com/immune-health-capsules-by-pure-synergy
852971004361,30.599999999999998,SuperPure Milk Thistle Organic Extract Capsules,PURE15,https://www.nhc.com/superpure-milk-thistle-organic-extract-capsules-by-pure-synergy
852971004897,28.9,D3 + K2 Complex,PURE15,https://www.nhc.com/d3-plus-k2-complex-by-pure-synergy
852971004187,30.599999999999998,Beet Organic Juice Powder,PURE15,https://www.nhc.com/beet-juice-powder-by-pure-synergy
852971004088,28.9,Super B-Complex Tablets,PURE15,https://www.nhc.com/super-b-complex-tablets-by-pure-synergy
852971004712,28.9,Rapid Rescue Fast-Acting Immune Support Capsules,PURE15,https://www.nhc.com/rapid-rescue-capsules-by-pure-synergy
852971004651,37.4,Heart Protector Capsules,PURE15,https://www.nhc.com/heart-protector-capsules-by-pure-synergy
852971004309,49.3,Vita-Min-Herb Men's Multivitamin Tablets,PURE15,https://www.nhc.com/vita-min-herb-multi-for-men-tablets-by-pure-synergy
852971004316,49.3,Vita-Min-Herb Women's Multivitamin Tablets,PURE15,https://www.nhc.com/vita-min-herb-multi-for-women-tablets-by-pure-synergy
852971004705,27.2,SuperPure Ginger Organic Extract Capsules,PURE15,https://www.nhc.com/superpure-ginger-organic-extract-capsules-by-pure-synergy
852971004736,42.5,Enzyme Power Full-Spectrum Digestive Support Capsules,PURE15,https://www.nhc.com/enzyme-power-capsules-by-pure-synergy
852971004170,37.4,Cell Protector Capsules,PURE15,https://www.nhc.com/cell-protector-capsules-by-pure-synergy
852971004279,37.4,Eye Protector Capsules,PURE15,https://www.nhc.com/eye-protector-capsules-by-pure-synergy
852971004217,23.8,Barley Grass Organic Juice Powder,PURE15,https://www.nhc.com/barley-grass-organic-juice-powder-by-pure-synergy
852971004903,39.1,Vita-Min-Balance Women's Multivitamin,PURE15,https://www.nhc.com/vita-min-balance-multi-for-women-by-pure-synergy
852971004040,27.2,Pure Radiance C Organic Vitamin C Capsules,PURE15,https://www.nhc.com/pure-radiance-c-capsules-by-pure-synergy
852971004668,30.599999999999998,SuperPure Resveratrol Organic Extract Capsules,PURE15,https://www.nhc.com/superpure-resveratrol-organic-extract-capsules-by-pure-synergy
852971004880,23.8,Zinc Complex,PURE15,https://www.nhc.com/zinc-complex-by-pure-synergy
852971004224,27.2,Wheat Grass Organic Juice Powder,PURE15,https://www.nhc.com/wheat-grass-juice-powder-by-pure-synergy
852971004071,37.4,Bone Renewal Capsules,PURE15,https://www.nhc.com/bone-renewal-capsules-by-pure-synergy
852971004675,30.599999999999998,SuperPure Grape Seed Organic Extract Capsules,PURE15,https://www.nhc.com/superpure-grape-seed-organic-extract-capsules-by-pure-synergy
852971004132,30.599999999999998,Multi Vita-Min Tablets,PURE15,https://www.nhc.com/multi-vita-min-tablets-by-pure-synergy
852971004033,30.599999999999998,Pure Radiance C 100% Natural Vitamin C Powder,PURE15,https://www.nhc.com/pure-radiance-c-powder-by-pure-synergy
852971004682,30.599999999999998,"SuperPure Beta 1,3-Glucan Algae Extract",PURE15,https://www.nhc.com/superpure-beta-1-3-glucan-algae-extract-capsules-by-pure-synergy
852971004002,54.4,Pure Synergy Organic Superfood Powder,PURE15,https://www.nhc.com/pure-synergy-superfood-powder-by-pure-synergy
355724001384,28.413,ClearLungs Sport,RH10,https://www.nhc.com/clearlungs-sport-by-ridgecrest-herbals?custcol_nhc_size=2722
355724001384,28.413,ClearLungs Sport,RH10,https://www.nhc.com/clearlungs-sport-by-ridgecrest-herbals?custcol_nhc_size=2722
355724005535,21.590999999999998,ClearLungs Liquid,RH10,https://www.nhc.com/clearlungs-liquid-by-ridgecrest-herbals
355724005535,21.590999999999998,ClearLungs Liquid,RH10,https://www.nhc.com/clearlungs-liquid-by-ridgecrest-herbals
355724003203,28.413,SereniZen,RH10,https://www.nhc.com/serenizen-by-ridgecrest-herbals
355724003203,28.413,SereniZen,RH10,https://www.nhc.com/serenizen-by-ridgecrest-herbals
355724001568,43.191,ClearLungs Extra Strength,RH10,https://www.nhc.com/clearlungs-extra-strength-by-ridgecrest-herbals?custcol_nhc_size=2544
355724001568,43.191,ClearLungs Extra Strength,RH10,https://www.nhc.com/clearlungs-extra-strength-by-ridgecrest-herbals?custcol_nhc_size=2544
355724001544,27.153000000000002,ClearLungs Extra Strength,RH10,https://www.nhc.com/clearlungs-extra-strength-by-ridgecrest-herbals?custcol_nhc_size=2722
355724001544,27.153000000000002,ClearLungs Extra Strength,RH10,https://www.nhc.com/clearlungs-extra-strength-by-ridgecrest-herbals?custcol_nhc_size=2722
355724005498,39.591,Blood Pressure Formula,RH10,https://www.nhc.com/blood-pressure-formula-by-ridgecrest-herbals?custcol_nhc_size=2544
355724005498,39.591,Blood Pressure Formula,RH10,https://www.nhc.com/blood-pressure-formula-by-ridgecrest-herbals?custcol_nhc_size=2544
355724005481,21.590999999999998,Blood Pressure Formula,RH10,https://www.nhc.com/blood-pressure-formula-by-ridgecrest-herbals?custcol_nhc_size=2722
355724005481,21.590999999999998,Blood Pressure Formula,RH10,https://www.nhc.com/blood-pressure-formula-by-ridgecrest-herbals?custcol_nhc_size=2722
355724003104,28.413,Adrenal Fatigue Fighter,RH10,https://www.nhc.com/adrenal-fatigue-fighter-by-ridgecrest-herbals
355724003104,28.413,Adrenal Fatigue Fighter,RH10,https://www.nhc.com/adrenal-fatigue-fighter-by-ridgecrest-herbals
355724001209,25.191,AirwayClear,RH10,https://www.nhc.com/airwayclear-by-ridgecrest-herbals
355724001209,25.191,AirwayClear,RH10,https://www.nhc.com/airwayclear-by-ridgecrest-herbals
355724005665,35.784,PhysiQOL Extra Strength,RH10,https://www.nhc.com/physiqol-extra-strength-by-ridgecrest-herbals
355724005665,35.784,PhysiQOL Extra Strength,RH10,https://www.nhc.com/physiqol-extra-strength-by-ridgecrest-herbals
355724001629,25.011,DreamOn Zen,RH10,https://www.nhc.com/dreamon-zen-by-ridgecrest-herbals
355724001629,25.011,DreamOn Zen,RH10,https://www.nhc.com/dreamon-zen-by-ridgecrest-herbals
355724003265,26.991,Gladder Bladder,RH10,https://www.nhc.com/gladder-bladder-by-ridgecrest-herbals
355724005870,27.153000000000002,SinusClear,RH10,https://www.nhc.com/sinusclear-by-ridgecrest-herbals
355724005870,27.153000000000002,SinusClear,RH10,https://www.nhc.com/sinusclear-by-ridgecrest-herbals
355724001254,25.218,Blood Sugar Balance,RH10,https://www.nhc.com/blood-sugar-balance-by-ridgecrest-herbals
355724001254,25.218,Blood Sugar Balance,RH10,https://www.nhc.com/blood-sugar-balance-by-ridgecrest-herbals
355724001728,21.590999999999998,Liver Clean,RH10,https://www.nhc.com/liver-clean-by-ridgecrest-herbals
355724001728,21.590999999999998,Liver Clean,RH10,https://www.nhc.com/liver-clean-by-ridgecrest-herbals
355724003050,43.191,Hair ReVive,RH10,https://www.nhc.com/hair-revive-by-ridgecrest-herbals
355724003050,43.191,Hair ReVive,RH10,https://www.nhc.com/hair-revive-by-ridgecrest-herbals
355724001391,27.153000000000002,ClearLungs Immune,RH10,https://www.nhc.com/clearlungs-immune-by-ridgecrest-herbals
355724001391,27.153000000000002,ClearLungs Immune,RH10,https://www.nhc.com/clearlungs-immune-by-ridgecrest-herbals
355724001919,31.491000000000003,ThyroNourish,RH10,https://www.nhc.com/thyroid-thrive-by-ridgecrest-herbals
355724001919,31.491000000000003,ThyroNourish,RH10,https://www.nhc.com/thyroid-thrive-by-ridgecrest-herbals
355724001681,21.590999999999998,KidneyAid,RH10,https://www.nhc.com/kidneyaid-by-ridgecrest-herbals
355724001681,21.590999999999998,KidneyAid,RH10,https://www.nhc.com/kidneyaid-by-ridgecrest-herbals
355724001360,38.817,ClearLungs Classic,RH10,https://www.nhc.com/clearlungs-classic-by-ridgecrest-herbals?custcol_nhc_size=2544
355724001360,38.817,ClearLungs Classic,RH10,https://www.nhc.com/clearlungs-classic-by-ridgecrest-herbals?custcol_nhc_size=2544
355724001346,21.590999999999998,ClearLungs Classic,RH10,https://www.nhc.com/clearlungs-classic-by-ridgecrest-herbals?custcol_nhc_size=2722
355724001346,21.590999999999998,ClearLungs Classic,RH10,https://www.nhc.com/clearlungs-classic-by-ridgecrest-herbals?custcol_nhc_size=2722
355724001971,46.791000000000004,EssentialEyes,RH10,https://www.nhc.com/essentialeyes-by-ridgecrest-herbals?custcol_nhc_size=2544
355724001971,46.791000000000004,EssentialEyes,RH10,https://www.nhc.com/essentialeyes-by-ridgecrest-herbals?custcol_nhc_size=2544
850028009000,26.955,"One Daily Women's Multi, 30 Vegan Tablets",TG10,https://www.nhc.com/one-daily-womens-multi-by-true-grace?custcol_nhc_size=3594
850028009024,58.455000000000005,"One Daily Women's Multi, 90 Vegan Tablets",TG10,https://www.nhc.com/one-daily-womens-multi-by-true-grace?custcol_nhc_size=3401
850028009895,28.755,Prenatal DHA,TG10,https://www.nhc.com/prenatal-dha-by-true-grace
850028009642,24.255,"Cordyceps, 60 Vegan Capsules",TG10,https://www.nhc.com/cordyceps-by-true-grace?custcol_nhc_size=2722
850028009628,24.255,"Reishi, 60 Vegan Capsules",TG10,https://www.nhc.com/reishi-by-true-grace?custcol_nhc_size=2722
810149500077,62.955000000000005,"Daily Women's 50+ Multi, 120 Tablets",TG10,https://www.nhc.com/daily-womens-50-plus-multi-by-true-grace?custcol_nhc_size=2584
810149500060,35.955000000000005,"Daily Women's 50+ Multi, 60 Tablets",TG10,https://www.nhc.com/daily-womens-50-plus-multi-by-true-grace?custcol_nhc_size=2742
850028009567,40.455000000000005,"Lion's Mane, 120 Vegan Capsules",TG10,https://www.nhc.com/lions-mane-by-true-grace?custcol_nhc_size=2544
850028009635,24.255,"Lion's Mane, 60 Vegan Capsules",TG10,https://www.nhc.com/lions-mane-by-true-grace?custcol_nhc_size=2722
850028009123,34.155,One Daily Probiotic,TG10,https://www.nhc.com/one-daily-probiotic-by-true-grace?custcol_nhc_size=2484
810149500046,56.655,"One Daily Probiotic, 60 Veg Capsules",TG10,https://www.nhc.com/one-daily-probiotic-by-true-grace?custcol_nhc_size=2479
850028009031,26.955,"One Daily Women's 40+ Multi, 30 Vegan Tablets",TG10,https://www.nhc.com/one-daily-womens-40-multi-by-true-grace?custcol_nhc_size=3594
850028009055,58.455000000000005,"One Daily Women's 40+ Multi, 90 Vegan Tablets",TG10,https://www.nhc.com/one-daily-womens-40-multi-by-true-grace?custcol_nhc_size=3401
850028009727,40.455000000000005,"Myco-Renew, 120 Vegan Capsules",TG10,https://www.nhc.com/myco-renew-by-true-grace?custcol_nhc_size=2544
850028009710,24.255,"Myco-Renew, 60 Vegan Capsules",TG10,https://www.nhc.com/myco-renew-by-true-grace?custcol_nhc_size=2722
850028009888,65.655,"Prenatal Multivitamin, 120 Vegan Tablets",TG10,https://www.nhc.com/prenatal-multivitamin-by-true-grace?custcol_nhc_size=3668
850028009871,37.755,"Prenatal Multivitamin, 60 Vegan Tablets",TG10,https://www.nhc.com/prenatal-multivitamin-by-true-grace?custcol_nhc_size=3595
850028009758,24.255,True Littles Probiotic + D3,TG10,https://www.nhc.com/true-littles-probiotic-d3-by-true-grace
850028009338,26.955,"One Daily Men's 40+ Multi, 30 Vegan Tablets",TG10,https://www.nhc.com/one-daily-mens-40-multi-by-true-grace?custcol_nhc_size=3594
850028009369,58.455000000000005,"One Daily Men's 40+ Multi, 90 Vegan Tablets",TG10,https://www.nhc.com/one-daily-mens-40-multi-by-true-grace?custcol_nhc_size=3401
850028009116,61.155,Omega-3 Fish Oil Refill Pouch,TG10,https://www.nhc.com/omega-3-fish-oil-refill-pouch-by-true-grace
810149500114,35.955000000000005,True Littles MicroVeggies Superfood Powder,TG10,https://www.nhc.com/true-littles-microveggies-by-true-grace?custcol_nhc_size=2588
810149500091,62.955000000000005,"Daily Men's 50+ Multi, 120 Tablets",TG10,https://www.nhc.com/daily-mens-50-plus-multi-by-true-grace?custcol_nhc_size=2584
810149500084,35.955000000000005,"Daily Men's 50+ Multi, 60 Tablets",TG10,https://www.nhc.com/daily-mens-50-plus-multi-by-true-grace?custcol_nhc_size=2742
850028009130,34.155,One Daily Women's Probiotic,TG10,https://www.nhc.com/one-daily-womens-probiotic-by-true-grace?custcol_nhc_size=2484
810149500039,56.655,"One Daily Women's Probiotic, 60 Veg Capsules",TG10,https://www.nhc.com/one-daily-womens-probiotic-by-true-grace?custcol_nhc_size=2479
850028009062,26.955,"One Daily Men's Multi, 30 Vegan Tablets",TG10,https://www.nhc.com/one-daily-mens-multi-by-true-grace?custcol_nhc_size=3594
850028009086,58.455000000000005,"One Daily Men's Multi, 90 Vegan Tablets",TG10,https://www.nhc.com/one-daily-mens-multi-by-true-grace?custcol_nhc_size=3401
810149500145,22.455,ElectroMag Electrolyte Stick ~ Grapefruit,TG10,https://www.nhc.com/electromag-electrolyte-stick-packs-by-true-grace?custcol_nhc_flavor=1068&custcol_nhc_size=3281
810149500121,22.455,ElectroMag Electrolyte Stick Packs ~ Lemon Lime,TG10,https://www.nhc.com/electromag-electrolyte-stick-packs-by-true-grace?custcol_nhc_flavor=487&custcol_nhc_size=3281
810149500107,40.455000000000005,Sunflower Microgreens Superfood Powder,TG10,https://www.nhc.com/sunflower-microgreens-superfood-powder-by-true-grace?custcol_nhc_size=2588
850028009109,46.755,"Omega-3 Fish Oil, 120 Softgels",TG10,https://www.nhc.com/omega-3-fish-oil-by-true-grace?custcol_nhc_size=2556
850028009093,28.755,"Omega-3 Fish Oil, 60 Softgels",TG10,https://www.nhc.com/omega-3-fish-oil-by-true-grace?custcol_nhc_size=2764
