Color,URL
Glacial_Lapis Dusk_Combat Green_Black,https://www.mountainhardwear.com/on/demandware.store/Sites-MountainHardwear_US-Site/en_US/Product-Variation?pid=2110201
Lapis Dusk_Black_Glacial_Combat Green,https://www.mountainhardwear.com/on/demandware.store/Sites-MountainHardwear_US-Site/en_US/Product-Variation?pid=2110211
Adriatic Blue Heather x_Mantis Heather_Sandblast Heather_Foil Grey Heather,https://www.mountainhardwear.com/on/demandware.store/Sites-MountainHardwear_US-Site/en_US/Product-Variation?pid=2038381
Warm Ash Heather_Sandblast Heather_Mantis Heather_Adriatic Blue Heather X,https://www.mountainhardwear.com/on/demandware.store/Sites-MountainHardwear_US-Site/en_US/Product-Variation?pid=2027871
Fleurs_Light Illusion Digidaze Print_Light Illusion_Lapis Dusk Spore Dye Print_Mineral Spring_Bright Olive_Fogbank,https://www.mountainhardwear.com/on/demandware.store/Sites-MountainHardwear_US-Site/en_US/Product-Variation?pid=1829681
Mineral Spring_Fleurs_Bright Olive_Lapis Dusk Spore Dye Print_Fogbank,https://www.mountainhardwear.com/on/demandware.store/Sites-MountainHardwear_US-Site/en_US/Product-Variation?pid=1829682
Lilac Glow_Light Illusion_Bright Olive,https://www.mountainhardwear.com/on/demandware.store/Sites-MountainHardwear_US-Site/en_US/Product-Variation?pid=2110511
Lilac Glow_Light Illusion,https://www.mountainhardwear.com/on/demandware.store/Sites-MountainHardwear_US-Site/en_US/Product-Variation?pid=2110521
Moon Blue_Hemp_Dark Storm_Light Cactus,https://www.mountainhardwear.com/on/demandware.store/Sites-MountainHardwear_US-Site/en_US/Product-Variation?pid=2118861
Dusted Sky_Light Cactus_Adriatic Blue Meadows Print_Dark Storm,https://www.mountainhardwear.com/on/demandware.store/Sites-MountainHardwear_US-Site/en_US/Product-Variation?pid=2068031
Black_Moon Blue_Combat Green_Moab Tan,https://www.mountainhardwear.com/on/demandware.store/Sites-MountainHardwear_US-Site/en_US/Product-Variation?pid=2110301
Fatigue Green_Sandblast_Copper Clay_Volcanic,https://www.mountainhardwear.com/on/demandware.store/Sites-MountainHardwear_US-Site/en_US/Product-Variation?pid=2110411
Daze_Warm Ash_Dark Pine_Abyss_Moon Blue_Black_Sediment,https://www.mountainhardwear.com/on/demandware.store/Sites-MountainHardwear_US-Site/en_US/Product-Variation?pid=2095521
Moon Moss_Black_Daze,https://www.mountainhardwear.com/on/demandware.store/Sites-MountainHardwear_US-Site/en_US/Product-Variation?pid=2110681
Dark Daze_Moon Moss,https://www.mountainhardwear.com/on/demandware.store/Sites-MountainHardwear_US-Site/en_US/Product-Variation?pid=2067921
Volcanic_Moon Moss,https://www.mountainhardwear.com/on/demandware.store/Sites-MountainHardwear_US-Site/en_US/Product-Variation?pid=2067931
Dark Bolt_Black_Combat Green_Dark Caspian_Raw Carnelian,https://www.mountainhardwear.com/on/demandware.store/Sites-MountainHardwear_US-Site/en_US/Product-Variation?pid=2104451
Raw Carnelian_Dark Bolt_Black_Combat Green_Dark Caspian,https://www.mountainhardwear.com/on/demandware.store/Sites-MountainHardwear_US-Site/en_US/Product-Variation?pid=2104461
Dark Caspian_Black_Dark Copper_Dark Bolt_Volcanic Heather_Combat Green,https://www.mountainhardwear.com/on/demandware.store/Sites-MountainHardwear_US-Site/en_US/Product-Variation?pid=2104491
Volcanic Heather_Dark Copper_Dark Caspian_Black_Combat Green,https://www.mountainhardwear.com/on/demandware.store/Sites-MountainHardwear_US-Site/en_US/Product-Variation?pid=2104501
Blackberry_Mantis Green_Jack Pine_Black_Outer Dark,https://www.mountainhardwear.com/on/demandware.store/Sites-MountainHardwear_US-Site/en_US/Product-Variation?pid=2104731
Mantis Green_Black_Jack Pine_Blackberry,https://www.mountainhardwear.com/on/demandware.store/Sites-MountainHardwear_US-Site/en_US/Product-Variation?pid=2104741
"Copper Clay_Adriatic Blue, Moon Blue_Black_White Sage, Mantis Green_Blackberry",https://www.mountainhardwear.com/on/demandware.store/Sites-MountainHardwear_US-Site/en_US/Product-Variation?pid=2077681
White Sage_Copper Clay_Dark Storm Heather_Black_Dark Daze,https://www.mountainhardwear.com/on/demandware.store/Sites-MountainHardwear_US-Site/en_US/Product-Variation?pid=2104801
Stone Green_Moab Tan_Stone_Zinc_Light Dunes,https://www.mountainhardwear.com/on/demandware.store/Sites-MountainHardwear_US-Site/en_US/Product-Variation?pid=2104101
Stone_Blue Chambray_Zinc_Light Dunes,https://www.mountainhardwear.com/on/demandware.store/Sites-MountainHardwear_US-Site/en_US/Product-Variation?pid=2104102
Blue Chambray_Light Dunes_Dusted Sky_Stone Green_Moab Tan_Stone_Zinc,https://www.mountainhardwear.com/on/demandware.store/Sites-MountainHardwear_US-Site/en_US/Product-Variation?pid=2110231
Moon Blue Ikat Jacquard_Mission Olive Ikat Jacquard_Allium Ikat Jacquard,https://www.mountainhardwear.com/on/demandware.store/Sites-MountainHardwear_US-Site/en_US/Product-Variation?pid=1986831
Mineral Spring Heather_Sundown Gold Heather_Wisteria Heather_Light Illusion Heather,https://www.mountainhardwear.com/on/demandware.store/Sites-MountainHardwear_US-Site/en_US/Product-Variation?pid=2067761
Mineral Spring Heather_Light Illusion Heather_Sundown Gold Heather_Wisteria Heather,https://www.mountainhardwear.com/on/demandware.store/Sites-MountainHardwear_US-Site/en_US/Product-Variation?pid=2067781
Black_Light Illusion_Fleurs_Lapis Dusk Spore Dye Print,https://www.mountainhardwear.com/on/demandware.store/Sites-MountainHardwear_US-Site/en_US/Product-Variation?pid=1986781
Dark Caspian_Dark Bolt_Black_Mantis Green,https://www.mountainhardwear.com/on/demandware.store/Sites-MountainHardwear_US-Site/en_US/Product-Variation?pid=2092151
Raw Carnelian_Mantis Green_Black,https://www.mountainhardwear.com/on/demandware.store/Sites-MountainHardwear_US-Site/en_US/Product-Variation?pid=2092171
Surplus Green Heather_Black_Moon Moss Heather_Klein Blue Heather,https://www.mountainhardwear.com/on/demandware.store/Sites-MountainHardwear_US-Site/en_US/Product-Variation?pid=2104541
Blue Slate Heather_Surplus Green Heather_Klein Blue Heather_Black,https://www.mountainhardwear.com/on/demandware.store/Sites-MountainHardwear_US-Site/en_US/Product-Variation?pid=2104551
Dark Daze_Black,https://www.mountainhardwear.com/on/demandware.store/Sites-MountainHardwear_US-Site/en_US/Product-Variation?pid=2058821
Moon Blue_Blackberry_Copper Clay,https://www.mountainhardwear.com/on/demandware.store/Sites-MountainHardwear_US-Site/en_US/Product-Variation?pid=2077701
White Sage_Black_Dark Daze,https://www.mountainhardwear.com/on/demandware.store/Sites-MountainHardwear_US-Site/en_US/Product-Variation?pid=2104811
Blue Slate_Black,https://www.mountainhardwear.com/on/demandware.store/Sites-MountainHardwear_US-Site/en_US/Product-Variation?pid=2077731
Moon Blue_Dark Storm_Blue Pine_New Clay,https://www.mountainhardwear.com/on/demandware.store/Sites-MountainHardwear_US-Site/en_US/Product-Variation?pid=2110351
Dark Storm_Blue Pine_Moon Moss Forager Print_New Clay_New Clay Blissed Dye Print,https://www.mountainhardwear.com/on/demandware.store/Sites-MountainHardwear_US-Site/en_US/Product-Variation?pid=2110361
Moab Tan_Black Spruce_Corozo Nut_Dark Storm,https://www.mountainhardwear.com/on/demandware.store/Sites-MountainHardwear_US-Site/en_US/Product-Variation?pid=2111201
Allium Meadows Print_Combat Green_Black_Glacial,https://www.mountainhardwear.com/on/demandware.store/Sites-MountainHardwear_US-Site/en_US/Product-Variation?pid=2110391
Lapis Dusk_Warm Ash Digidaze Print_Black,https://www.mountainhardwear.com/on/demandware.store/Sites-MountainHardwear_US-Site/en_US/Product-Variation?pid=2112831
Light Mystic Digidaze Print_Warm Ash Digidaze Print_Moon Moss_Black,https://www.mountainhardwear.com/on/demandware.store/Sites-MountainHardwear_US-Site/en_US/Product-Variation?pid=2067891
Black,https://www.mountainhardwear.com/on/demandware.store/Sites-MountainHardwear_US-Site/en_US/Product-Variation?pid=2095431
Fatigue Green_Volcanic_Oyster Shell_Daze,https://www.mountainhardwear.com/on/demandware.store/Sites-MountainHardwear_US-Site/en_US/Product-Variation?pid=2110671
"Adriatic Blue, Moon Blue_Dark Storm_Stone_Dusted Sky",https://www.mountainhardwear.com/on/demandware.store/Sites-MountainHardwear_US-Site/en_US/Product-Variation?pid=2068751
"Hemp_Stone_Light Cactus_Dusted Sky_Adriatic Blue, Moon Blue",https://www.mountainhardwear.com/on/demandware.store/Sites-MountainHardwear_US-Site/en_US/Product-Variation?pid=2068741
New Clay Convoy Plaid_Light Cactus Convoy Plaid_Buck Convoy Plaid,https://www.mountainhardwear.com/on/demandware.store/Sites-MountainHardwear_US-Site/en_US/Product-Variation?pid=2122941
Graphite Strata Stripe_Moon Moss Strata Stripe_New Clay Strata Stripe_Moon Blue Strata Stripe,https://www.mountainhardwear.com/on/demandware.store/Sites-MountainHardwear_US-Site/en_US/Product-Variation?pid=2110241
Mineral Spring_Light Illusion Digidaze Print_Fogbank_Black,https://www.mountainhardwear.com/on/demandware.store/Sites-MountainHardwear_US-Site/en_US/Product-Variation?pid=1986771
Lapis Dusk Spore Dye Print_Wisteria Spore Dye Print,https://www.mountainhardwear.com/on/demandware.store/Sites-MountainHardwear_US-Site/en_US/Product-Variation?pid=2123391
Black_Fogbank,https://www.mountainhardwear.com/on/demandware.store/Sites-MountainHardwear_US-Site/en_US/Product-Variation?pid=2068771
Hardwear Grey Heather_Black_Lapis Dusk,https://www.mountainhardwear.com/on/demandware.store/Sites-MountainHardwear_US-Site/en_US/Product-Variation?pid=2110691
Black_Hardwear Grey Heather_Buck,https://www.mountainhardwear.com/on/demandware.store/Sites-MountainHardwear_US-Site/en_US/Product-Variation?pid=2016821
Lapis Dusk_Buck_Hardwear Grey Heather_Black,https://www.mountainhardwear.com/on/demandware.store/Sites-MountainHardwear_US-Site/en_US/Product-Variation?pid=2100581
Lapis Dusk_Black_Hardwear Grey Heather,https://www.mountainhardwear.com/on/demandware.store/Sites-MountainHardwear_US-Site/en_US/Product-Variation?pid=2110701
Light Illusion_Stealth Grey_Stone,https://www.mountainhardwear.com/on/demandware.store/Sites-MountainHardwear_US-Site/en_US/Product-Variation?pid=2122141
Daze_Black_Talc_Hardwear Grey Heather,https://www.mountainhardwear.com/on/demandware.store/Sites-MountainHardwear_US-Site/en_US/Product-Variation?pid=2115141
Hardwear Grey Heather_Talc_Black,https://www.mountainhardwear.com/on/demandware.store/Sites-MountainHardwear_US-Site/en_US/Product-Variation?pid=2100591
Black_Talc_Daze,https://www.mountainhardwear.com/on/demandware.store/Sites-MountainHardwear_US-Site/en_US/Product-Variation?pid=2004341
Mantis Green_Moon Blue_Black,https://www.mountainhardwear.com/on/demandware.store/Sites-MountainHardwear_US-Site/en_US/Product-Variation?pid=2057331
Moon Blue_Dark Copper_Black_Combat Green_Golden Brown_Volcanic Heather,https://www.mountainhardwear.com/on/demandware.store/Sites-MountainHardwear_US-Site/en_US/Product-Variation?pid=2104521
"Dark Caspian, Black_Dark Bolt, Black_Mantis Green, Black_Black, Volcanic",https://www.mountainhardwear.com/on/demandware.store/Sites-MountainHardwear_US-Site/en_US/Product-Variation?pid=2092331
"Dark Bolt, Black_Combat Green, Black_Dark Caspian, Black_Black, Volcanic",https://www.mountainhardwear.com/on/demandware.store/Sites-MountainHardwear_US-Site/en_US/Product-Variation?pid=2092351
Blackberry Heather_Glacial Heather_Outer Dark Heather_Black_Mantis Green Heather_Wild Oyster Heather,https://www.mountainhardwear.com/on/demandware.store/Sites-MountainHardwear_US-Site/en_US/Product-Variation?pid=2104881
Mantis Green Heather_Black_Wild Oyster Heather_Blackberry Heather,https://www.mountainhardwear.com/on/demandware.store/Sites-MountainHardwear_US-Site/en_US/Product-Variation?pid=2104891
Fleurs_Sundown Gold Blissed Dye Print_Blue Pine_Light Illusion Forager Print,https://www.mountainhardwear.com/on/demandware.store/Sites-MountainHardwear_US-Site/en_US/Product-Variation?pid=2104261
Blue Pine_Sundown Gold Blissed Dye Print_Light Illusion Foragers Print_Fleurs,https://www.mountainhardwear.com/on/demandware.store/Sites-MountainHardwear_US-Site/en_US/Product-Variation?pid=2042321
Surplus Green_Black,https://www.mountainhardwear.com/on/demandware.store/Sites-MountainHardwear_US-Site/en_US/Product-Variation?pid=2091871
Black_Surplus Green,https://www.mountainhardwear.com/on/demandware.store/Sites-MountainHardwear_US-Site/en_US/Product-Variation?pid=2063201
Combat Green_Black,https://www.mountainhardwear.com/on/demandware.store/Sites-MountainHardwear_US-Site/en_US/Product-Variation?pid=2092031
Stone Green_Black,https://www.mountainhardwear.com/on/demandware.store/Sites-MountainHardwear_US-Site/en_US/Product-Variation?pid=2079531
Moon Blue_Dark Pine_Sediment_Blackberry_Abyss_Black,https://www.mountainhardwear.com/on/demandware.store/Sites-MountainHardwear_US-Site/en_US/Product-Variation?pid=2095541
Dark Pine_Abyss_Blackberry_Moon Blue_Black_Sediment,https://www.mountainhardwear.com/on/demandware.store/Sites-MountainHardwear_US-Site/en_US/Product-Variation?pid=2095542
Blackberry_Daze_Sediment_Black_Abyss_Moon Blue,https://www.mountainhardwear.com/on/demandware.store/Sites-MountainHardwear_US-Site/en_US/Product-Variation?pid=2095471
Black_Sediment_Blackberry_Abyss_Moon Blue,https://www.mountainhardwear.com/on/demandware.store/Sites-MountainHardwear_US-Site/en_US/Product-Variation?pid=2095472
Dark Storm_Combat Green_Glacial,https://www.mountainhardwear.com/on/demandware.store/Sites-MountainHardwear_US-Site/en_US/Product-Variation?pid=1982411
Moon Moss_Combat Green,https://www.mountainhardwear.com/on/demandware.store/Sites-MountainHardwear_US-Site/en_US/Product-Variation?pid=2123401
Glacial_Dark Storm,https://www.mountainhardwear.com/on/demandware.store/Sites-MountainHardwear_US-Site/en_US/Product-Variation?pid=1982421
Warm Ash Digidaze Print_Moon Moss,https://www.mountainhardwear.com/on/demandware.store/Sites-MountainHardwear_US-Site/en_US/Product-Variation?pid=1982431
Stone_Stealth Grey_Sundown Gold,https://www.mountainhardwear.com/on/demandware.store/Sites-MountainHardwear_US-Site/en_US/Product-Variation?pid=2122121
Sundown Gold_Carob,https://www.mountainhardwear.com/on/demandware.store/Sites-MountainHardwear_US-Site/en_US/Product-Variation?pid=2122131
Black_White_Sundown Gold_Lapis Dusk,https://www.mountainhardwear.com/on/demandware.store/Sites-MountainHardwear_US-Site/en_US/Product-Variation?pid=2110831
Combat Green_Stone_Adriatic Blue,https://www.mountainhardwear.com/on/demandware.store/Sites-MountainHardwear_US-Site/en_US/Product-Variation?pid=2111161
Adriatic Blue_Combat Green_New Clay_Stone,https://www.mountainhardwear.com/on/demandware.store/Sites-MountainHardwear_US-Site/en_US/Product-Variation?pid=2111171
Mantis Heather_Adriatic Blue Heather_Foil Grey Heather,https://www.mountainhardwear.com/on/demandware.store/Sites-MountainHardwear_US-Site/en_US/Product-Variation?pid=2027891
Choss_Mission Olive_Moon Blue,https://www.mountainhardwear.com/on/demandware.store/Sites-MountainHardwear_US-Site/en_US/Product-Variation?pid=2110261
Stone Meadows Print_Volcanic Meadows Print_Warm Ash Meadows Print,https://www.mountainhardwear.com/on/demandware.store/Sites-MountainHardwear_US-Site/en_US/Product-Variation?pid=2067731
Light Illusion_Black_Warm Ash_Hardwear Grey Heather,https://www.mountainhardwear.com/on/demandware.store/Sites-MountainHardwear_US-Site/en_US/Product-Variation?pid=2111241
Rosehip_Mineral Spring_Deep Lake_Light Dunes,https://www.mountainhardwear.com/on/demandware.store/Sites-MountainHardwear_US-Site/en_US/Product-Variation?pid=2110541
Fleurs_Light Illusion Digidaze Print_Warm Ash Digidaze Print_Black_Mineral Spring,https://www.mountainhardwear.com/on/demandware.store/Sites-MountainHardwear_US-Site/en_US/Product-Variation?pid=1982631
Dark Storm,https://www.mountainhardwear.com/on/demandware.store/Sites-MountainHardwear_US-Site/en_US/Product-Variation?pid=2117301
Sundown Gold Blissed Dye Print,https://www.mountainhardwear.com/on/demandware.store/Sites-MountainHardwear_US-Site/en_US/Product-Variation?pid=2110431
"Talc_Stone Green, Mantis_Black",https://www.mountainhardwear.com/on/demandware.store/Sites-MountainHardwear_US-Site/en_US/Product-Variation?pid=2123661
Stone Green_Dark Bolt_Moon Blue_Black,https://www.mountainhardwear.com/on/demandware.store/Sites-MountainHardwear_US-Site/en_US/Product-Variation?pid=2091941
Dark Copper_Moon Blue_Black_Stone Green,https://www.mountainhardwear.com/on/demandware.store/Sites-MountainHardwear_US-Site/en_US/Product-Variation?pid=2091951
Stealth Grey_Copper Clay_Adriatic Blue_Sandblast,https://www.mountainhardwear.com/on/demandware.store/Sites-MountainHardwear_US-Site/en_US/Product-Variation?pid=2110181
Adriatic Blue_Stealth Grey_Combat Green,https://www.mountainhardwear.com/on/demandware.store/Sites-MountainHardwear_US-Site/en_US/Product-Variation?pid=2110191
Talc_Black_Dark Storm Heather_Blackberry,https://www.mountainhardwear.com/on/demandware.store/Sites-MountainHardwear_US-Site/en_US/Product-Variation?pid=2104781
Blackberry_Black_Dark Storm Heather_Talc,https://www.mountainhardwear.com/on/demandware.store/Sites-MountainHardwear_US-Site/en_US/Product-Variation?pid=2104791
Blackberry_Black_Jack Pine,https://www.mountainhardwear.com/on/demandware.store/Sites-MountainHardwear_US-Site/en_US/Product-Variation?pid=2092731
Jack Pine_Black,https://www.mountainhardwear.com/on/demandware.store/Sites-MountainHardwear_US-Site/en_US/Product-Variation?pid=2092741
Black_Lapis Dusk_Hardwear Grey Heather,https://www.mountainhardwear.com/on/demandware.store/Sites-MountainHardwear_US-Site/en_US/Product-Variation?pid=2142581
Light Illusion_Stealth Grey_Stone,https://www.mountainhardwear.com/on/demandware.store/Sites-MountainHardwear_US-Site/en_US/Product-Variation?pid=2111911
Fatigue Green,https://www.mountainhardwear.com/on/demandware.store/Sites-MountainHardwear_US-Site/en_US/Product-Variation?pid=2142561
Element_Black_White_Mission Olive,https://www.mountainhardwear.com/on/demandware.store/Sites-MountainHardwear_US-Site/en_US/Product-Variation?pid=2110731
Warm Ash_White_Mineral Spring_Black,https://www.mountainhardwear.com/on/demandware.store/Sites-MountainHardwear_US-Site/en_US/Product-Variation?pid=2110841
Mineral Spring_Daze_Hardwear Grey Heather_Black,https://www.mountainhardwear.com/on/demandware.store/Sites-MountainHardwear_US-Site/en_US/Product-Variation?pid=2110821
Daze_Black_Light Illusion_Hardwear Grey Heather,https://www.mountainhardwear.com/on/demandware.store/Sites-MountainHardwear_US-Site/en_US/Product-Variation?pid=2110811
Black,https://www.mountainhardwear.com/on/demandware.store/Sites-MountainHardwear_US-Site/en_US/Product-Variation?pid=2067871
Choss_Glacial_Light Cactus_Moon Blue_Black,https://www.mountainhardwear.com/on/demandware.store/Sites-MountainHardwear_US-Site/en_US/Product-Variation?pid=2110371
Moon Blue_Choss_Light Cactus_Glacial_Black,https://www.mountainhardwear.com/on/demandware.store/Sites-MountainHardwear_US-Site/en_US/Product-Variation?pid=2110381
Combat Green_Black,https://www.mountainhardwear.com/on/demandware.store/Sites-MountainHardwear_US-Site/en_US/Product-Variation?pid=2077621
Light Cactus_Combat Green_Moon Blue_Dark Storm_Corozo Nut,https://www.mountainhardwear.com/on/demandware.store/Sites-MountainHardwear_US-Site/en_US/Product-Variation?pid=2110331
Jack Pine_Black,https://www.mountainhardwear.com/on/demandware.store/Sites-MountainHardwear_US-Site/en_US/Product-Variation?pid=2092691
White Sage_Black,https://www.mountainhardwear.com/on/demandware.store/Sites-MountainHardwear_US-Site/en_US/Product-Variation?pid=2079541
Blue Slate_Black,https://www.mountainhardwear.com/on/demandware.store/Sites-MountainHardwear_US-Site/en_US/Product-Variation?pid=2092441
Sediment_Black,https://www.mountainhardwear.com/on/demandware.store/Sites-MountainHardwear_US-Site/en_US/Product-Variation?pid=2077651
Moon Blue Heather_Trail Dust Heather_Combat Green Heather_Black_Volcanic Heather,https://www.mountainhardwear.com/on/demandware.store/Sites-MountainHardwear_US-Site/en_US/Product-Variation?pid=2104701
Iron Oxide Heather_Moon Blue Heather_Volcanic Heather_Black_Trail Dust Heather_Combat Green Heather,https://www.mountainhardwear.com/on/demandware.store/Sites-MountainHardwear_US-Site/en_US/Product-Variation?pid=2104711
Blue Pine_Moon Moss Forager XL Print_Moon Blue Heather_Glacial Heather_Black,https://www.mountainhardwear.com/on/demandware.store/Sites-MountainHardwear_US-Site/en_US/Product-Variation?pid=2043661
Blue Pine_Moon Blue Heather_Moon Moss Forager XL Print_Black,https://www.mountainhardwear.com/on/demandware.store/Sites-MountainHardwear_US-Site/en_US/Product-Variation?pid=2083681
Citron Glow_Black_Blue Slate,https://www.mountainhardwear.com/on/demandware.store/Sites-MountainHardwear_US-Site/en_US/Product-Variation?pid=2092701
Jack Pine_Black_Blackberry,https://www.mountainhardwear.com/on/demandware.store/Sites-MountainHardwear_US-Site/en_US/Product-Variation?pid=2104751
Jack Pine_Lilac Glow_Talc_Black,https://www.mountainhardwear.com/on/demandware.store/Sites-MountainHardwear_US-Site/en_US/Product-Variation?pid=2092751
Sediment_Talc_Black,https://www.mountainhardwear.com/on/demandware.store/Sites-MountainHardwear_US-Site/en_US/Product-Variation?pid=2077581
Foil Grey Heather_Black_White,https://www.mountainhardwear.com/on/demandware.store/Sites-MountainHardwear_US-Site/en_US/Product-Variation?pid=2154301
Choss_Light Cactus_Stone,https://www.mountainhardwear.com/on/demandware.store/Sites-MountainHardwear_US-Site/en_US/Product-Variation?pid=2111211
Stone_Light Cactus,https://www.mountainhardwear.com/on/demandware.store/Sites-MountainHardwear_US-Site/en_US/Product-Variation?pid=2111221
Lapis Dusk_Alpine Glow_Black_White,https://www.mountainhardwear.com/on/demandware.store/Sites-MountainHardwear_US-Site/en_US/Product-Variation?pid=2111961
Light Illusion_Black_Daze_Fleurs,https://www.mountainhardwear.com/on/demandware.store/Sites-MountainHardwear_US-Site/en_US/Product-Variation?pid=2113451
Fleurs_Black_Daze,https://www.mountainhardwear.com/on/demandware.store/Sites-MountainHardwear_US-Site/en_US/Product-Variation?pid=2113441
Mineral Spring_Daze_Light Illusion_Black_Stone,https://www.mountainhardwear.com/on/demandware.store/Sites-MountainHardwear_US-Site/en_US/Product-Variation?pid=2023271
Black_Mineral Spring,https://www.mountainhardwear.com/on/demandware.store/Sites-MountainHardwear_US-Site/en_US/Product-Variation?pid=2023251
Volcanic_Daze_Moon Blue_Black_Abyss,https://www.mountainhardwear.com/on/demandware.store/Sites-MountainHardwear_US-Site/en_US/Product-Variation?pid=2095461
Daze_Volcanic_Black_Moon Blue_Abyss,https://www.mountainhardwear.com/on/demandware.store/Sites-MountainHardwear_US-Site/en_US/Product-Variation?pid=2095462
Moon Blue_Daze Digidaze Print_Black_Abyss_Blue Pine Digidaze Print_Daze,https://www.mountainhardwear.com/on/demandware.store/Sites-MountainHardwear_US-Site/en_US/Product-Variation?pid=2110601
Daze Digidaze Print_Daze_Moon Blue,https://www.mountainhardwear.com/on/demandware.store/Sites-MountainHardwear_US-Site/en_US/Product-Variation?pid=2110602
Moon Moss_Black_State Orange,https://www.mountainhardwear.com/on/demandware.store/Sites-MountainHardwear_US-Site/en_US/Product-Variation?pid=2092241
State Orange_Blue Slate,https://www.mountainhardwear.com/on/demandware.store/Sites-MountainHardwear_US-Site/en_US/Product-Variation?pid=2070081
Blue Slate_State Orange_Black_Glacial,https://www.mountainhardwear.com/on/demandware.store/Sites-MountainHardwear_US-Site/en_US/Product-Variation?pid=2092051
Black_Raw Carnelian,https://www.mountainhardwear.com/on/demandware.store/Sites-MountainHardwear_US-Site/en_US/Product-Variation?pid=2104471
Klein Blue Heather_Blue Slate Heather_Black,https://www.mountainhardwear.com/on/demandware.store/Sites-MountainHardwear_US-Site/en_US/Product-Variation?pid=2104821
Blue Slate Heather_Klein Blue Heather_Black,https://www.mountainhardwear.com/on/demandware.store/Sites-MountainHardwear_US-Site/en_US/Product-Variation?pid=2104831
Blue Pine Blissed Dye Print_Light Illusion_Fleurs,https://www.mountainhardwear.com/on/demandware.store/Sites-MountainHardwear_US-Site/en_US/Product-Variation?pid=2067721
Light Illusion_Black,https://www.mountainhardwear.com/on/demandware.store/Sites-MountainHardwear_US-Site/en_US/Product-Variation?pid=2105641
Blue Pine_Black,https://www.mountainhardwear.com/on/demandware.store/Sites-MountainHardwear_US-Site/en_US/Product-Variation?pid=2109511
Mission Olive_Buck_Stealth Grey,https://www.mountainhardwear.com/on/demandware.store/Sites-MountainHardwear_US-Site/en_US/Product-Variation?pid=2124541
Carob_Lapis Dusk / Blue Pine_Stealth Grey,https://www.mountainhardwear.com/on/demandware.store/Sites-MountainHardwear_US-Site/en_US/Product-Variation?pid=2110471
"Blue Pine, Lapis Dusk_Stealth Grey_Stone",https://www.mountainhardwear.com/on/demandware.store/Sites-MountainHardwear_US-Site/en_US/Product-Variation?pid=2110481
Carob_Stealth Grey,https://www.mountainhardwear.com/on/demandware.store/Sites-MountainHardwear_US-Site/en_US/Product-Variation?pid=2122161
Stone_Stealth Grey,https://www.mountainhardwear.com/on/demandware.store/Sites-MountainHardwear_US-Site/en_US/Product-Variation?pid=2122151
White_Mission Olive_Warm Ash_Black,https://www.mountainhardwear.com/on/demandware.store/Sites-MountainHardwear_US-Site/en_US/Product-Variation?pid=2110771
Alpine Glow_Black_White_Lapis Dusk,https://www.mountainhardwear.com/on/demandware.store/Sites-MountainHardwear_US-Site/en_US/Product-Variation?pid=2110761
Moon Moss_Lapis Dusk_Black_Light Mystic Digidaze Print_Lilac Glow_Warm Ash Digidaze Print,https://www.mountainhardwear.com/on/demandware.store/Sites-MountainHardwear_US-Site/en_US/Product-Variation?pid=2112971
Daze_Abyss_Sediment_Moon Blue_Black_Khaki,https://www.mountainhardwear.com/on/demandware.store/Sites-MountainHardwear_US-Site/en_US/Product-Variation?pid=2095491
Black_Sediment_Daze_Moon Blue,https://www.mountainhardwear.com/on/demandware.store/Sites-MountainHardwear_US-Site/en_US/Product-Variation?pid=2095492
Sundown Gold Blissed Dye Print_Light Illusion Forager Print_Light Illusion,https://www.mountainhardwear.com/on/demandware.store/Sites-MountainHardwear_US-Site/en_US/Product-Variation?pid=2112821
"Stone Green, Mantis Green_Dark Bolt_Volcanic Heather_Moon Blue, Adriatic Blue_Black",https://www.mountainhardwear.com/on/demandware.store/Sites-MountainHardwear_US-Site/en_US/Product-Variation?pid=2077751
Moon Blue_Badlands Snowdrifts Print_Black,https://www.mountainhardwear.com/on/demandware.store/Sites-MountainHardwear_US-Site/en_US/Product-Variation?pid=2003981
Combat Green_Black_Dark Caspian,https://www.mountainhardwear.com/on/demandware.store/Sites-MountainHardwear_US-Site/en_US/Product-Variation?pid=2104511
Mantis Green_Black_Iron Oxide Stria Print,https://www.mountainhardwear.com/on/demandware.store/Sites-MountainHardwear_US-Site/en_US/Product-Variation?pid=2104531
Daze_Moon Moss_Khaki_Volcanic_Dark Pine_Moon Blue_Black,https://www.mountainhardwear.com/on/demandware.store/Sites-MountainHardwear_US-Site/en_US/Product-Variation?pid=2095531
Dark Pine_Daze_Black_Moon Blue_Khaki,https://www.mountainhardwear.com/on/demandware.store/Sites-MountainHardwear_US-Site/en_US/Product-Variation?pid=2110611
Moon Moss_Black_Sediment_Moon Blue,https://www.mountainhardwear.com/on/demandware.store/Sites-MountainHardwear_US-Site/en_US/Product-Variation?pid=2095501
Fleurs,https://www.mountainhardwear.com/on/demandware.store/Sites-MountainHardwear_US-Site/en_US/Product-Variation?pid=2110621
New Clay_Blue Pine Ripstop_Moon Blue Ripstop,https://www.mountainhardwear.com/on/demandware.store/Sites-MountainHardwear_US-Site/en_US/Product-Variation?pid=2070501
Mission Olive_Buck_Wild Oyster_Moon Blue,https://www.mountainhardwear.com/on/demandware.store/Sites-MountainHardwear_US-Site/en_US/Product-Variation?pid=2110251
Sandblast_Adriatic Blue_Combat Green_Buck,https://www.mountainhardwear.com/on/demandware.store/Sites-MountainHardwear_US-Site/en_US/Product-Variation?pid=2110271
Warm Ash_Buck_Combat Green_Adriatic Blue,https://www.mountainhardwear.com/on/demandware.store/Sites-MountainHardwear_US-Site/en_US/Product-Variation?pid=2110281
Fleurs_Black,https://www.mountainhardwear.com/on/demandware.store/Sites-MountainHardwear_US-Site/en_US/Product-Variation?pid=2023211
Khaki_Black_Moon Blue_Warm Ash_Daze,https://www.mountainhardwear.com/on/demandware.store/Sites-MountainHardwear_US-Site/en_US/Product-Variation?pid=2110551
Black_Lapis Dusk_Moon Moss,https://www.mountainhardwear.com/on/demandware.store/Sites-MountainHardwear_US-Site/en_US/Product-Variation?pid=2116231
Light Illusion_Black,https://www.mountainhardwear.com/on/demandware.store/Sites-MountainHardwear_US-Site/en_US/Product-Variation?pid=2123381
Sundown Gold_Black,https://www.mountainhardwear.com/on/demandware.store/Sites-MountainHardwear_US-Site/en_US/Product-Variation?pid=2105711
Sundown Gold_Black_Combat Green,https://www.mountainhardwear.com/on/demandware.store/Sites-MountainHardwear_US-Site/en_US/Product-Variation?pid=2105701
Combat Green_Raw Carnelian_Dark Caspian_Black,https://www.mountainhardwear.com/on/demandware.store/Sites-MountainHardwear_US-Site/en_US/Product-Variation?pid=2092121
Combat Green_Glacial_Black,https://www.mountainhardwear.com/on/demandware.store/Sites-MountainHardwear_US-Site/en_US/Product-Variation?pid=2077551
Stone_Stealth Grey,https://www.mountainhardwear.com/on/demandware.store/Sites-MountainHardwear_US-Site/en_US/Product-Variation?pid=2111901
Carob_Stone_Stealth Grey,https://www.mountainhardwear.com/on/demandware.store/Sites-MountainHardwear_US-Site/en_US/Product-Variation?pid=2111891
Mission Olive_White_Warm Ash_Black,https://www.mountainhardwear.com/on/demandware.store/Sites-MountainHardwear_US-Site/en_US/Product-Variation?pid=2110741
Fatigue Green_Lapis Dusk_White_Black,https://www.mountainhardwear.com/on/demandware.store/Sites-MountainHardwear_US-Site/en_US/Product-Variation?pid=2110781
Adriatic Blue Meadows Print_Stone Meadows Print_Allium Meadows Print,https://www.mountainhardwear.com/on/demandware.store/Sites-MountainHardwear_US-Site/en_US/Product-Variation?pid=2075061
Black_Element_Mission Olive_Warm Ash,https://www.mountainhardwear.com/on/demandware.store/Sites-MountainHardwear_US-Site/en_US/Product-Variation?pid=2110751
Fatigue Green_Sandblast_Copper Clay_Volcanic,https://www.mountainhardwear.com/on/demandware.store/Sites-MountainHardwear_US-Site/en_US/Product-Variation?pid=2068041
New Clay,https://www.mountainhardwear.com/on/demandware.store/Sites-MountainHardwear_US-Site/en_US/Product-Variation?pid=2110341
Blue Pine_Stealth Grey_Stone,https://www.mountainhardwear.com/on/demandware.store/Sites-MountainHardwear_US-Site/en_US/Product-Variation?pid=2122171
State Orange_Black_Surplus Green,https://www.mountainhardwear.com/on/demandware.store/Sites-MountainHardwear_US-Site/en_US/Product-Variation?pid=2077761
New Clay_Blue Pine Ripstop_Moon Blue Ripstop,https://www.mountainhardwear.com/on/demandware.store/Sites-MountainHardwear_US-Site/en_US/Product-Variation?pid=2067981
Corozo Nut_Black,https://www.mountainhardwear.com/on/demandware.store/Sites-MountainHardwear_US-Site/en_US/Product-Variation?pid=2096461
Black,https://www.mountainhardwear.com/on/demandware.store/Sites-MountainHardwear_US-Site/en_US/Product-Variation?pid=2083151
