UPC,Price,Promo,Link
076174755374,25.4915,STORAGE15,https://www.acmetools.com/dewalt-toughsystem-tote-dwst08205/076174755374.html
076174707069,31.4415,STORAGE15,https://www.acmetools.com/dewalt-tstak-iv-lockable-storage-organizer-dwst17804/076174707069.html
076174835229,84.14999999999999,STORAGE15,https://www.acmetools.com/dewalt-toughsystem-20-jobsite-tool-bag-dwst08350/076174835229.html
076174810493,114.699,STORAGE15,https://www.acmetools.com/dewalt-tstak-tower-dwst60404/076174810493.html
076174756944,101.99149999999999,STORAGE15,https://www.acmetools.com/dewalt-toughsystem-workshop-racking-system-dwst08260/076174756944.html
076174711950,31.4415,STORAGE15,https://www.acmetools.com/dewalt-tstak-deep-box-dwst17806/076174711950.html
76174834451,10.1915,STORAGE15,https://www.acmetools.com/dewalt-toughsystem-20-shallow-foam-insert-dwst08111/76174834451.html
076174712186,22.95,STORAGE15,https://www.acmetools.com/dewalt-tstak-i-lockable-storage-organizer-dwst17808/076174712186.html
076174834079,11.8745,STORAGE15,https://www.acmetools.com/dewalt-toughsystem-shallow-tool-tray-dwst08110/076174834079.html
076174712292,46.7415,STORAGE15,https://www.acmetools.com/dewalt-tstak-4-wheel-cart-dwst17889/076174712292.html
076174834468,15.971499999999999,STORAGE15,https://www.acmetools.com/dewalt-toughsystem-20-deep-foam-insert-dwst08121/076174834468.html
076174756982,20.374499999999998,STORAGE15,https://www.acmetools.com/dewalt-20-compartments-pro-organizer-dwst14830/076174756982.html
076174712285,23.7915,STORAGE15,https://www.acmetools.com/dewalt-tstak-open-tote-dwst17809/076174712285.html
076174835243,76.49149999999999,STORAGE15,https://www.acmetools.com/dewalt-toughsystem-20-compact-tool-bag-dwst08025/076174835243.html
885911906289,67.983,STORAGE15,https://www.acmetools.com/dewalt-20-pro-open-mouth-tool-bag-dwst560104/885911906289.html
076174757996,63.741499999999995,STORAGE15,https://www.acmetools.com/dewalt-tstak-mobile-storage-dwst17820/076174757996.html
076174723649,15.291499999999997,STORAGE15,https://www.acmetools.com/dewalt-tstak-foam-insert-dwst88801/076174723649.html
885911906517,50.983,STORAGE15,https://www.acmetools.com/dewalt-11-electrician-tote-dwst560105/885911906517.html
076174757743,33.9915,STORAGE15,https://www.acmetools.com/dewalt-tstak-deep-toolbox-with-long-handle-dwst17814/076174757743.html
885911802901,110.42349999999999,STORAGE15,https://www.acmetools.com/dewalt-toughsystem-mechanics-tool-set-1-4in-3-8in-drive-131pc-dwmt45402/885911802901.html
076174703627,32.2915,STORAGE15,https://www.acmetools.com/dewalt-tough-system-ds-carrier-bracket-2-pack-dwst08212/076174703627.html
076174813432,40.774499999999996,STORAGE15,https://www.acmetools.com/dewalt-flip-bin-organizer-dwst14121/076174813432.html
885911948302,194.65,STORAGE15,https://www.acmetools.com/dewalt-toughsystem-20-20v-max-light-box-bare-tool-dwst08060/885911948302.html
076174707052,31.4415,STORAGE15,https://www.acmetools.com/dewalt-tstak-iii-lockable-storage-organizer-dwst17803/076174707052.html
076174736144,110.4915,STORAGE15,https://www.acmetools.com/dewalt-tstak-trolley-with-handle-dwst17888/076174736144.html
076174792287,27.191499999999998,STORAGE15,https://www.acmetools.com/dewalt-dwst24070-24in-tote-with-power-tool-case-dwst24070-dwst24070/076174792287.html
076174833423,89.25,STORAGE15,https://www.acmetools.com/dewalt-toughsystem-20-tool-box-ds400-extra-large-dwst08400/076174833423.html
076174756548,38.2415,STORAGE15,https://www.acmetools.com/dewalt-toughsystem-tote-with-carrying-handle-dwst08206/076174756548.html
076174834086,19.5245,STORAGE15,https://www.acmetools.com/dewalt-toughsystem-deep-tool-tray-dwst08120/076174834086.html
076174833928,28.0245,STORAGE15,https://www.acmetools.com/dewalt-toughsystem-20-deep-compact-organizer-dwst08020/076174833928.html
404000000808,254.9915,STORAGE15,https://www.acmetools.com/dewalt-toughsystem-20-storage-bundle-dwst08450k/404000000808.html
885911906531,109.64999999999999,STORAGE15,https://www.acmetools.com/dewalt-18-rolling-tool-bag-dwst560107/885911906531.html
076174712155,19.5415,STORAGE15,https://www.acmetools.com/dewalt-tstak-ii-lockable-storage-tote-dwst17807/076174712155.html
076174813098,16.141499999999997,STORAGE15,https://www.acmetools.com/dewalt-mid-size-pro-organizer-with-metal-latches-dwst14735/076174813098.html
076174711943,17.8415,STORAGE15,https://www.acmetools.com/dewalt-tstak-organizer-with-clear-lid-dwst17805/076174711943.html
